request_index,query_id,query_label,query_cluster,gold_anchor_id,gold_anchor_label,gold_cluster,gold_anchor_available_in_cache,top1_retrieved_anchor_id,retrieved_anchor_id,retrieved_anchor_label,retrieved_cluster,top1_is_gold_anchor,topk_contains_gold_anchor,retrieved_is_same_cluster_as_gold,retrieved_is_different_cluster_from_gold,gold_pair_label,retrieved_pair_label,score_gold_anchor,score_retrieved_anchor,threshold,accepted_gold_anchor,accepted_retrieved_anchor,served_hit,served_is_tp,served_is_fp,served_unjudged,reason_if_unjudged
1,193825,0,121,167316,1,121,True,193824,193824,0,121,False,False,True,False,H0,H0,0.00664824154227972,0.012356335297226906,0.03747309744358063,False,False,False,False,False,False,
2,87607,0,750,89384,0,750,True,87607,87607,0,750,False,True,True,False,H0,H0,0.02323807217180729,0.0886630117893219,0.03747309744358063,False,True,True,False,False,True,self_pair
3,19186,0,960,22060,1,960,True,19186,19186,0,960,False,True,True,False,H0,H0,0.01594984531402588,0.028715401887893677,0.03747309744358063,False,False,False,False,False,False,
4,5402,0,951,5424,0,951,False,146682,146682,0,895,False,False,False,True,H0,H0,0.0335884764790535,0.02072226069867611,0.03747309744358063,False,False,False,False,False,False,
5,94077,1,1096,3995,0,1096,True,94077,94077,1,1096,False,True,True,False,H0,H1,0.014424026943743229,0.06622554361820221,0.03747309744358063,False,True,True,False,False,True,self_pair
6,99935,0,527,99935,0,527,False,199435,199435,0,787,False,False,False,True,H0,H0,0.052400220185518265,0.011091846041381359,0.03747309744358063,True,False,False,False,False,False,
7,176652,1,932,125453,0,932,True,176652,176652,1,932,False,True,True,False,H0,H1,0.013924156315624714,0.07197199016809464,0.03747309744358063,False,True,True,False,False,True,self_pair
8,191860,0,821,61597,0,821,True,191860,191860,0,821,False,True,True,False,H0,H0,0.008691012859344482,0.0365753211081028,0.03747309744358063,False,False,False,False,False,False,
9,144967,0,374,7665,0,374,True,93923,93923,0,374,False,True,True,False,H0,H0,0.01012507639825344,0.02691500075161457,0.03747309744358063,False,False,False,False,False,False,
10,145096,1,150,149726,0,150,True,145096,145096,1,150,False,False,True,False,H0,H1,0.013940474949777126,0.06144173815846443,0.03747309744358063,False,True,True,False,False,True,self_pair
11,92479,0,917,92479,0,917,False,13484,13484,0,664,False,False,False,True,H0,H0,0.026102732867002487,0.011599104851484299,0.03747309744358063,False,False,False,False,False,False,
12,6865,0,746,138527,0,746,True,6865,1174,1,746,False,True,True,False,H0,H0,0.015079205855727196,0.0843099057674408,0.03747309744358063,False,True,True,False,True,False,
13,15609,0,677,15609,0,677,False,15713,15713,0,725,False,False,False,True,H0,H0,0.025826754048466682,0.00886301975697279,0.03747309744358063,False,False,False,False,False,False,
14,62318,0,127,117769,0,127,False,62341,62341,0,127,False,False,True,False,H0,H0,0.007394809275865555,0.02354668267071247,0.03747309744358063,False,False,False,False,False,False,
15,67818,0,509,67818,0,509,True,67818,67818,0,509,True,True,True,False,H0,H0,0.06539615988731384,0.06539615988731384,0.03747309744358063,True,True,True,False,False,True,self_pair
16,70669,1,718,133710,1,718,True,70669,70669,1,718,False,False,True,False,H1,H1,0.0942251980304718,0.18092869222164154,0.03747309744358063,True,True,True,False,False,True,self_pair
17,130837,0,494,147388,0,494,False,130837,130837,0,494,False,False,True,False,H0,H0,0.0071804639883339405,0.0200822576880455,0.037434469908475876,False,False,False,False,False,False,
18,130227,0,1094,112598,0,1094,True,130227,130227,0,1094,False,True,True,False,H0,H0,0.011181546375155449,0.02001997083425522,0.037434469908475876,False,False,False,False,False,False,
19,78716,0,295,78716,0,295,True,78716,78716,0,295,True,True,True,False,H0,H0,0.02158515714108944,0.02158515714108944,0.037434469908475876,False,False,False,False,False,False,
20,166057,1,112,166337,1,112,True,166050,165929,1,112,False,True,True,False,H1,H1,0.9440749287605286,0.9440749287605286,0.037434469908475876,True,True,True,True,False,False,
21,116828,0,121,167316,1,121,True,116828,116828,0,121,False,False,True,False,H0,H0,0.011911878362298012,0.024714941158890724,0.037434469908475876,False,False,False,False,False,False,
22,106038,1,4,106038,1,4,True,58619,58619,1,4,False,True,True,False,H1,H1,0.10281699895858765,0.10281699895858765,0.037434469908475876,True,True,True,True,False,False,
23,22062,0,960,22060,1,960,True,22062,22062,0,960,False,False,True,False,H0,H0,0.008858191780745983,0.021748246625065804,0.037434469908475876,False,False,False,False,False,False,
24,165395,1,367,144869,0,367,True,165395,193163,1,367,False,True,True,False,H0,H1,0.03901207447052002,0.4572022557258606,0.037434469908475876,True,True,True,True,False,False,
25,46035,0,1096,3995,0,1096,True,46035,46035,0,1096,False,False,True,False,H0,H0,0.007976558059453964,0.015079212374985218,0.037434469908475876,False,False,False,False,False,False,
26,64846,0,675,140522,0,675,True,64846,64846,0,675,False,True,True,False,H0,H0,0.014157097786664963,0.01979488506913185,0.037434469908475876,False,False,False,False,False,False,
27,52972,0,146,104183,1,146,False,52901,52901,0,146,False,False,True,False,H0,H0,0.02178199030458927,0.16653940081596375,0.037434469908475876,False,True,True,False,True,False,
28,178075,0,821,61597,0,821,True,178075,178075,0,821,False,False,True,False,H0,H0,0.017733192071318626,0.048796653747558594,0.037434469908475876,False,True,True,False,False,True,self_pair
29,178254,0,626,188336,0,626,False,27700,27700,1,457,False,False,False,True,H0,H0,0.006906656548380852,0.012913736514747143,0.037434469908475876,False,False,False,False,False,False,
30,92895,0,593,76267,0,593,False,82118,82118,0,593,False,False,True,False,H0,H0,0.01282509509474039,0.02745300903916359,0.037434469908475876,False,False,False,False,False,False,
31,52447,0,725,47370,0,725,True,52447,52447,0,725,False,False,True,False,H0,H0,0.006058569997549057,0.05210947245359421,0.037434469908475876,False,True,True,False,False,True,self_pair
32,19370,1,746,138527,0,746,True,19370,1174,1,746,False,True,True,False,H0,H1,0.08341315388679504,0.889543890953064,0.037434469908475876,True,True,True,True,False,False,
33,49714,0,1038,91280,0,1038,True,49714,49714,0,1038,False,False,True,False,H0,H0,0.017908796668052673,0.05344550311565399,0.037434469908475876,False,True,True,False,False,True,self_pair
34,157387,0,897,35495,1,897,True,157387,157387,0,897,False,False,True,False,H0,H0,0.01592913642525673,0.1045495942234993,0.037434469908475876,False,True,True,False,False,True,self_pair
35,122518,1,200,122518,1,200,True,121392,121392,1,200,False,True,True,False,H1,H1,0.43830376863479614,0.43830376863479614,0.037434469908475876,True,True,True,True,False,False,
36,93645,0,718,133710,1,718,True,93645,93645,0,718,False,False,True,False,H0,H0,0.03315477818250656,0.022913949564099312,0.037434469908475876,False,False,False,False,False,False,
37,74305,0,726,15648,0,726,False,35522,35522,1,833,False,False,False,True,H0,H0,0.01484807301312685,0.011040954850614071,0.03747309744358063,False,False,False,False,False,False,
38,127493,0,441,32882,1,441,False,127493,127493,0,441,False,False,True,False,H0,H0,0.007397213950753212,0.02151663787662983,0.03747309744358063,False,False,False,False,False,False,
39,64469,0,295,78716,0,295,True,64469,64469,0,295,False,True,True,False,H0,H0,0.015530192293226719,0.039976976811885834,0.03747309744358063,False,True,True,False,False,True,self_pair
40,166337,1,112,166337,1,112,True,166337,166050,1,112,True,True,True,False,H1,H1,0.9215868711471558,0.9440749287605286,0.03747309744358063,True,True,True,True,False,False,
41,44804,0,748,194679,0,748,False,14039,14039,0,1000,False,False,False,True,H0,H0,0.008229191415011883,0.007916382513940334,0.03747309744358063,False,False,False,False,False,False,
42,192706,1,750,89384,0,750,True,192706,63022,1,750,False,False,True,False,H0,H1,0.05653659626841545,0.7354534268379211,0.03747309744358063,True,True,True,True,False,False,
43,141501,0,738,113911,0,738,False,90271,90271,1,97,False,False,False,True,H0,H0,0.020908860489726067,0.012933828867971897,0.03747309744358063,False,False,False,False,False,False,
44,101867,0,932,125453,0,932,True,101867,101867,0,932,False,True,True,False,H0,H0,0.00974925234913826,0.016528936102986336,0.03747309744358063,False,False,False,False,False,False,
45,181656,0,1096,3995,0,1096,True,181656,181656,0,1096,False,False,True,False,H0,H0,0.02098039537668228,0.026834597811102867,0.03747309744358063,False,False,False,False,False,False,
46,115646,1,87,115722,0,87,True,115646,115646,1,87,False,True,True,False,H0,H1,0.019026445224881172,0.04457921162247658,0.03747309744358063,False,True,True,False,False,True,self_pair
47,90131,0,669,134155,1,669,False,134156,126438,0,685,False,False,False,True,H0,H0,0.0248262956738472,0.12764118611812592,0.03747309744358063,False,True,True,False,True,False,
48,177913,0,821,61597,0,821,True,177913,177913,0,821,False,True,True,False,H0,H0,0.004483416676521301,0.03957494720816612,0.03747309744358063,False,True,True,False,False,True,self_pair
49,45681,0,938,48817,0,938,True,45681,45681,0,938,False,True,True,False,H0,H0,0.014495717361569405,0.019150741398334503,0.03747309744358063,False,False,False,False,False,False,
50,137956,0,404,74753,1,404,True,137956,137956,0,404,False,True,True,False,H0,H0,0.01453122217208147,0.16362088918685913,0.03747309744358063,False,True,True,False,False,True,self_pair
51,36143,0,467,25363,0,467,False,36143,36143,0,467,False,False,True,False,H0,H0,0.026727212592959404,0.05346877872943878,0.03747309744358063,False,True,True,False,False,True,self_pair
52,190020,1,746,138527,0,746,True,190020,145932,1,746,False,True,True,False,H0,H1,0.04800470545887947,0.8542649149894714,0.03747309744358063,True,True,True,True,False,False,
53,33154,1,497,191899,0,497,True,33154,33154,1,497,False,False,True,False,H0,H1,0.009903579019010067,0.05735379457473755,0.03747309744358063,False,True,True,False,False,True,self_pair
54,4948,0,357,4948,0,357,True,4948,4948,0,357,True,True,True,False,H0,H0,0.07294102013111115,0.07294102013111115,0.03747309744358063,True,True,True,False,False,True,self_pair
55,123081,0,200,122518,1,200,True,123081,123081,0,200,False,True,True,False,H0,H0,0.014257317408919334,0.04389763996005058,0.03747309744358063,False,True,True,False,False,True,self_pair
56,27290,0,145,90384,0,145,False,27949,27949,1,145,False,False,True,False,H0,H0,0.008889993652701378,0.010897736065089703,0.03747309744358063,False,False,False,False,False,False,
57,186503,0,787,186222,0,787,False,186503,186503,0,787,False,False,True,False,H0,H0,0.04153168946504593,0.05476047471165657,0.03747309744358063,True,True,True,False,False,True,self_pair
58,186837,1,656,186838,1,656,True,186838,186825,1,656,True,True,True,False,H1,H1,0.6829898357391357,0.8767257928848267,0.03747309744358063,True,True,True,True,False,False,
59,69675,0,295,78716,0,295,True,69675,69675,0,295,False,True,True,False,H0,H0,0.011010153219103813,0.020072389394044876,0.03747309744358063,False,False,False,False,False,False,
60,166377,1,112,166337,1,112,True,166378,166378,1,112,False,True,True,False,H1,H1,0.9450043439865112,0.9450043439865112,0.03747309744358063,True,True,True,True,False,False,
61,190971,0,121,167316,1,121,True,190971,190971,0,121,False,True,True,False,H0,H0,0.00984524842351675,0.025499459356069565,0.03747309744358063,False,False,False,False,False,False,
62,139740,1,196,139740,1,196,True,139740,139740,1,196,True,True,True,False,H1,H1,0.04215731844305992,0.04215731844305992,0.03747309744358063,True,True,True,False,False,True,self_pair
63,4361,1,960,22060,1,960,True,4361,22060,1,960,False,True,True,False,H1,H1,0.28591597080230713,0.28591597080230713,0.03747309744358063,True,True,True,True,False,False,
64,102462,1,224,102462,1,224,True,102462,102462,1,224,True,True,True,False,H1,H1,0.028627272695302963,0.028627272695302963,0.03747309744358063,False,False,False,False,False,False,
65,163762,0,367,144869,0,367,True,163762,163762,0,367,False,True,True,False,H0,H0,0.03326046094298363,0.054299697279930115,0.03747309744358063,False,True,True,False,False,True,self_pair
66,15452,0,675,140522,0,675,True,15452,15452,0,675,False,False,True,False,H0,H0,0.0068443287163972855,0.00905497744679451,0.03747309744358063,False,False,False,False,False,False,
67,199906,0,787,186222,0,787,False,131257,131257,0,786,False,False,False,True,H0,H0,0.007853306829929352,0.005032065324485302,0.03747309744358063,False,False,False,False,False,False,
68,72302,0,821,61597,0,821,True,72302,72302,0,821,False,True,True,False,H0,H0,0.008717382326722145,0.06990848481655121,0.037434469908475876,False,True,True,False,False,True,self_pair
69,191850,0,697,101620,1,697,True,191850,191850,0,697,False,False,True,False,H0,H0,0.05919678509235382,0.14561831951141357,0.037434469908475876,True,True,True,False,False,True,self_pair
70,137466,0,841,137465,0,841,False,154551,154551,0,546,False,False,False,True,H0,H0,0.02151494100689888,0.04451429843902588,0.037434469908475876,False,True,True,False,True,False,
71,96652,1,725,47370,0,725,True,96652,96652,1,725,False,True,True,False,H0,H1,0.03926989436149597,0.6926308870315552,0.037434469908475876,True,True,True,False,False,True,self_pair
72,124545,0,746,138527,0,746,True,124545,124545,0,746,False,False,True,False,H0,H0,0.036549538373947144,0.07110929489135742,0.037434469908475876,False,True,True,False,False,True,self_pair
73,152408,1,497,191899,0,497,True,152408,152408,1,497,False,True,True,False,H0,H1,0.011326316744089127,0.06380944699048996,0.037434469908475876,False,True,True,False,False,True,self_pair
74,98140,0,370,98091,1,370,True,98091,98091,1,370,True,True,True,False,H0,H0,0.019864466041326523,0.019864466041326523,0.037434469908475876,False,False,False,False,False,False,
75,122916,0,200,122518,1,200,True,122916,121392,1,200,False,True,True,False,H0,H0,0.10940913110971451,0.10940913110971451,0.037434469908475876,True,True,True,False,True,False,
76,37198,1,718,133710,1,718,True,37198,133710,1,718,False,True,True,False,H1,H1,0.5257763862609863,0.5257763862609863,0.037434469908475876,True,True,True,True,False,False,
77,90354,1,790,90358,0,790,True,90354,53103,1,790,False,True,True,False,H0,H1,0.04716886207461357,0.4036903381347656,0.03747309744358063,True,True,True,True,False,False,
78,93773,0,557,93773,0,557,False,93772,93772,0,557,False,False,True,False,H0,H0,0.04920618236064911,0.049044158309698105,0.03747309744358063,True,True,True,False,True,False,
79,119273,0,127,117769,0,127,False,119273,119273,0,127,False,False,True,False,H0,H0,0.012370949611067772,0.051963966339826584,0.03747309744358063,False,True,True,False,False,True,self_pair
80,180597,0,675,140522,0,675,True,180597,180597,0,675,False,False,True,False,H0,H0,0.009417485445737839,0.015730861574411392,0.03747309744358063,False,False,False,False,False,False,
81,119107,0,467,25363,0,467,False,8001,8001,0,467,False,False,True,False,H0,H0,0.026594409719109535,0.03096688911318779,0.03747309744358063,False,False,False,False,False,False,
82,523,1,750,89384,0,750,True,523,82839,1,750,False,True,True,False,H0,H1,0.09233181923627853,0.7220357060432434,0.03747309744358063,True,True,True,True,False,False,
83,164005,0,634,164007,0,634,True,164005,164005,0,634,False,True,True,False,H0,H0,0.00968733336776495,0.10357397794723511,0.03747309744358063,False,True,True,False,False,True,self_pair
84,186486,1,367,144869,0,367,True,186486,165395,1,367,False,True,True,False,H0,H1,0.039235521107912064,0.34383565187454224,0.03747309744358063,True,True,True,True,False,False,
85,16838,1,11,16838,1,11,False,36136,36136,0,11,False,False,True,False,H1,H0,0.019796667620539665,0.019796667620539665,0.03747309744358063,False,False,False,False,False,False,
86,162576,0,675,140522,0,675,True,162576,162576,0,675,False,False,True,False,H0,H0,0.007654011249542236,0.06284018605947495,0.03747309744358063,False,True,True,False,False,True,self_pair
87,193952,0,932,125453,0,932,True,193952,193952,0,932,False,True,True,False,H0,H0,0.006522644776850939,0.025136619806289673,0.03775348886847496,False,False,False,False,False,False,
88,39559,0,944,93272,0,944,False,39559,39559,0,944,False,False,True,False,H0,H0,0.01390581764280796,0.05939291790127754,0.03775348886847496,False,True,True,False,False,True,self_pair
89,32967,0,697,101620,1,697,True,32967,32967,0,697,False,True,True,False,H0,H0,0.00969094317406416,0.03659648075699806,0.03775348886847496,False,False,False,False,False,False,
90,8679,1,404,74753,1,404,True,8679,93824,1,404,False,False,True,False,H1,H1,0.42928722500801086,0.8516102433204651,0.03775348886847496,True,True,True,True,False,False,
91,174272,0,626,188336,0,626,False,174519,174519,0,626,False,False,True,False,H0,H0,0.005175399594008923,0.01120491698384285,0.03775348886847496,False,False,False,False,False,False,
92,144333,1,746,138527,0,746,True,144333,145932,1,746,False,False,True,False,H0,H1,0.07665091007947922,0.8877959251403809,0.03775348886847496,True,True,True,True,False,False,
93,58337,0,497,191899,0,497,True,58337,58337,0,497,False,True,True,False,H0,H0,0.007777308113873005,0.05016785487532616,0.03775348886847496,False,True,True,False,False,True,self_pair
94,138605,0,895,161914,0,895,False,48372,30583,0,966,False,False,False,True,H0,H0,0.010695901699364185,0.045919254422187805,0.03775348886847496,False,True,True,False,True,False,
95,121392,1,200,122518,1,200,True,121392,121392,1,200,False,True,True,False,H1,H1,0.43830376863479614,0.43830376863479614,0.03775348886847496,True,True,True,False,False,True,self_pair
96,168335,0,158,142471,0,158,False,197553,197553,0,121,False,False,False,True,H0,H0,0.0072967237792909145,0.012952249497175217,0.03775348886847496,False,False,False,False,False,False,
97,2564,1,446,128399,0,446,True,2564,2564,1,446,False,True,True,False,H0,H1,0.008677942678332329,0.03536171466112137,0.03775348886847496,False,False,False,False,False,False,
98,51636,0,656,186838,1,656,True,51636,51636,0,656,False,False,True,False,H0,H0,0.011356236413121223,0.04078100621700287,0.03775348886847496,False,True,True,False,False,True,self_pair
99,183484,1,561,23568,1,561,False,123835,123835,1,892,False,False,False,True,H1,H0,0.007470014039427042,0.006797840353101492,0.03775348886847496,False,False,False,False,False,False,
100,101340,1,4,106038,1,4,True,58619,58619,1,4,False,True,True,False,H1,H1,0.10281699895858765,0.10281699895858765,0.03775348886847496,True,True,True,True,False,False,
101,175336,0,121,167316,1,121,True,175336,175336,0,121,False,False,True,False,H0,H0,0.017716065049171448,0.1252804547548294,0.03775348886847496,False,True,True,False,False,True,self_pair
102,70674,1,750,89384,0,750,True,70674,70674,1,750,False,True,True,False,H0,H1,0.09612922370433807,0.6979479193687439,0.03775348886847496,True,True,True,False,False,True,self_pair
103,3878,1,998,3924,0,998,True,163420,163420,0,1076,False,True,False,True,H0,H0,0.011760988272726536,0.019310379400849342,0.03775348886847496,False,False,False,False,False,False,
104,104163,0,886,125941,0,886,False,178545,178545,0,914,False,False,False,True,H0,H0,0.0063712638802826405,0.005616046022623777,0.03775348886847496,False,False,False,False,False,False,
105,8887,0,1096,3995,0,1096,True,8887,8887,0,1096,False,True,True,False,H0,H0,0.008614672347903252,0.034699998795986176,0.03775348886847496,False,False,False,False,False,False,
106,118336,0,127,117769,0,127,False,122355,122355,0,127,False,False,True,False,H0,H0,0.011253507807850838,0.013715984299778938,0.03747309744358063,False,False,False,False,False,False,
107,26147,0,932,125453,0,932,True,26147,26147,0,932,False,False,True,False,H0,H0,0.019598737359046936,0.12134233117103577,0.03747309744358063,False,True,True,False,False,True,self_pair
108,40595,1,821,61597,0,821,True,40595,40595,1,821,False,True,True,False,H0,H1,0.016076507046818733,0.047327954322099686,0.03747309744358063,False,True,True,False,False,True,self_pair
109,15097,1,697,101620,1,697,True,15097,125170,1,697,False,False,True,False,H1,H1,0.028231993317604065,0.6716688275337219,0.03747309744358063,False,True,True,True,False,False,
110,30090,0,404,74753,1,404,True,30090,30090,0,404,False,True,True,False,H0,H0,0.01240380946546793,0.07853849977254868,0.03747309744358063,False,True,True,False,False,True,self_pair
111,122583,1,725,47370,0,725,True,122583,96652,1,725,False,False,True,False,H0,H1,0.04314315691590309,0.3002608120441437,0.03747309744358063,True,True,True,True,False,False,
112,98067,1,746,138527,0,746,True,98067,145932,1,746,False,False,True,False,H0,H1,0.14296238124370575,0.8703354597091675,0.03747309744358063,True,True,True,True,False,False,
113,36603,1,267,36669,1,267,False,155161,155161,0,265,False,False,False,True,H1,H0,0.0260628629475832,0.018384037539362907,0.03747309744358063,False,False,False,False,False,False,
114,17802,1,616,15361,0,616,False,170172,170172,1,544,False,False,False,True,H0,H0,0.009771180339157581,0.005202744621783495,0.03747309744358063,False,False,False,False,False,False,
115,134964,0,200,122518,1,200,True,134964,134964,0,200,False,True,True,False,H0,H0,0.01582859456539154,0.027259521186351776,0.03747309744358063,False,False,False,False,False,False,
116,34079,0,887,119358,0,887,False,187514,187514,0,884,False,False,False,True,H0,H0,0.010060367174446583,0.017183464020490646,0.03747309744358063,False,False,False,False,False,False,
117,88614,0,513,88614,0,513,False,85492,85492,0,409,False,False,False,True,H0,H0,0.10328050702810287,0.018807075917720795,0.03747309744358063,True,False,False,False,False,False,
118,112609,0,497,191899,0,497,True,112609,112609,0,497,False,True,True,False,H0,H0,0.011266556568443775,0.05358576029539108,0.03747309744358063,False,True,True,False,False,True,self_pair
119,78713,0,295,78716,0,295,True,78713,78713,0,295,False,True,True,False,H0,H0,0.012465463019907475,0.011859266087412834,0.03747309744358063,False,False,False,False,False,False,
120,126109,0,112,166337,1,112,True,126109,126109,0,112,False,True,True,False,H0,H0,0.017021900042891502,0.02502702735364437,0.03747309744358063,False,False,False,False,False,False,
121,186615,0,121,167316,1,121,True,186615,186615,0,121,False,False,True,False,H0,H0,0.009964048862457275,0.02819482423365116,0.03747309744358063,False,False,False,False,False,False,
122,187619,0,750,89384,0,750,True,187619,187619,0,750,False,False,True,False,H0,H0,0.0074415612034499645,0.030122311785817146,0.03747309744358063,False,False,False,False,False,False,
123,22072,0,960,22060,1,960,True,22072,22072,0,960,False,True,True,False,H0,H0,0.021574832499027252,0.020889077335596085,0.03747309744358063,False,False,False,False,False,False,
124,137622,0,367,144869,0,367,True,137622,137622,0,367,False,True,True,False,H0,H0,0.012015171349048615,0.04594404622912407,0.03747309744358063,False,True,True,False,False,True,self_pair
125,31511,0,1096,3995,0,1096,True,31511,31511,0,1096,False,True,True,False,H0,H0,0.032439857721328735,0.037666503340005875,0.03747309744358063,False,True,True,False,False,True,self_pair
126,120514,0,179,120514,0,179,True,120514,120514,0,179,True,True,True,False,H0,H0,0.057043176144361496,0.057043176144361496,0.03747309744358063,True,True,True,False,False,True,self_pair
127,92537,0,593,76267,0,593,False,136449,136449,0,593,False,False,True,False,H0,H0,0.010069265961647034,0.009939121082425117,0.03747309744358063,False,False,False,False,False,False,
128,166765,0,227,166765,0,227,True,166765,166765,0,227,True,True,True,False,H0,H0,0.09279383718967438,0.09279383718967438,0.03747309744358063,True,True,True,False,False,True,self_pair
129,21693,1,749,21693,1,749,True,21693,523,1,750,True,True,False,True,H1,H0,0.13927102088928223,0.3115314245223999,0.03747309744358063,True,True,True,False,True,False,
130,9981,0,176,9981,0,176,True,9981,9981,0,176,True,True,True,False,H0,H0,0.025517243891954422,0.025517243891954422,0.03747309744358063,False,False,False,False,False,False,
131,36381,0,725,47370,0,725,True,36381,36381,0,725,False,True,True,False,H0,H0,0.01009303517639637,0.06265377253293991,0.03747309744358063,False,True,True,False,False,True,self_pair
132,83637,0,746,138527,0,746,True,83637,83637,0,746,False,True,True,False,H0,H0,0.021512415260076523,0.14609892666339874,0.03747309744358063,False,True,True,False,False,True,self_pair
133,145308,0,497,191899,0,497,True,145308,145308,0,497,False,False,True,False,H0,H0,0.0063124713487923145,0.022783242166042328,0.03775348886847496,False,False,False,False,False,False,
134,140022,0,897,35495,1,897,True,140022,140022,0,897,False,True,True,False,H0,H0,0.018766053020954132,0.03919625282287598,0.03775348886847496,False,True,True,False,False,True,self_pair
135,88583,0,200,122518,1,200,True,88583,88583,0,200,False,False,True,False,H0,H0,0.007630588952451944,0.03771787881851196,0.03775348886847496,False,False,False,False,False,False,
136,122641,0,1034,142425,0,1034,False,159329,125170,1,697,False,False,False,True,H0,H0,0.006720928940922022,0.18046656250953674,0.03775348886847496,False,True,True,False,True,False,
137,118612,0,127,117769,0,127,False,118612,118612,0,127,False,False,True,False,H0,H0,0.008418643847107887,0.025673741474747658,0.03775348886847496,False,False,False,False,False,False,
138,51029,1,354,51029,1,354,True,51029,51029,1,354,True,True,True,False,H1,H1,0.01998283714056015,0.01998283714056015,0.03775348886847496,False,False,False,False,False,False,
139,125211,0,726,15648,0,726,False,125211,125211,0,726,False,False,True,False,H0,H0,0.010937884449958801,0.05780041962862015,0.03775348886847496,False,True,True,False,False,True,self_pair
140,166050,1,112,166337,1,112,True,166050,165929,1,112,False,True,True,False,H1,H1,0.9440749287605286,0.9440749287605286,0.03775348886847496,True,True,True,True,False,False,
141,85712,0,199,64895,0,199,False,85712,85712,0,199,False,False,True,False,H0,H0,0.008487333543598652,0.03298778831958771,0.03775348886847496,False,False,False,False,False,False,
142,96692,0,750,89384,0,750,True,96692,96692,0,750,False,False,True,False,H0,H0,0.02309837006032467,0.023160142824053764,0.03775348886847496,False,False,False,False,False,False,
143,32166,0,960,22060,1,960,True,32166,32166,0,960,False,True,True,False,H0,H0,0.008293652907013893,0.017950020730495453,0.03747309744358063,False,False,False,False,False,False,
144,71223,1,114,135718,0,114,True,43206,43206,1,137,False,True,False,True,H0,H0,0.0139757776632905,0.010431472212076187,0.03747309744358063,False,False,False,False,False,False,
145,4021,0,1096,3995,0,1096,True,4021,4021,0,1096,False,True,True,False,H0,H0,0.009414812549948692,0.054684948176145554,0.03747309744358063,False,True,True,False,False,True,self_pair
146,94115,0,1041,94115,0,1041,False,51327,51327,0,1061,False,False,False,True,H0,H0,0.03847820311784744,0.01513671875,0.03747309744358063,True,False,False,False,False,False,
147,178063,0,932,125453,0,932,True,178063,178063,0,932,False,True,True,False,H0,H0,0.010688280686736107,0.0648726224899292,0.03747309744358063,False,True,True,False,False,True,self_pair
148,22072,0,960,22060,1,960,True,22072,22072,0,960,False,True,True,False,H0,H0,0.021574832499027252,0.020889077335596085,0.03747309744358063,False,False,False,False,False,False,
149,197652,0,571,37683,1,571,False,197652,197652,0,571,False,False,True,False,H0,H0,0.013669269159436226,0.03237760066986084,0.03747309744358063,False,False,False,False,False,False,
150,169863,0,404,74753,1,404,True,169863,169863,0,404,False,True,True,False,H0,H0,0.014531844295561314,0.046631332486867905,0.03747309744358063,False,True,True,False,False,True,self_pair
151,46704,0,244,18727,0,244,True,18727,18727,0,244,True,True,True,False,H0,H0,0.04004413262009621,0.04004413262009621,0.03747309744358063,True,True,True,False,True,False,
152,142669,0,325,142669,0,325,False,66996,66996,0,325,False,False,True,False,H0,H0,0.1546190083026886,0.009365042671561241,0.03747309744358063,True,False,False,False,False,False,
153,87050,0,497,191899,0,497,True,87050,87050,0,497,False,True,True,False,H0,H0,0.01178804226219654,0.021936386823654175,0.03747309744358063,False,False,False,False,False,False,
154,89668,0,897,35495,1,897,True,89668,89668,0,897,False,True,True,False,H0,H0,0.015059029683470726,0.03697631508111954,0.03747309744358063,False,False,False,False,False,False,
155,134387,0,200,122518,1,200,True,134387,134387,0,200,False,False,True,False,H0,H0,0.011198578402400017,0.034053120762109756,0.03747309744358063,False,False,False,False,False,False,
156,93925,0,718,133710,1,718,True,93925,93925,0,718,False,True,True,False,H0,H0,0.008151115849614143,0.06309963762760162,0.03747309744358063,False,True,True,False,False,True,self_pair
157,60606,0,932,125453,0,932,True,60606,60606,0,932,False,False,True,False,H0,H0,0.006947570946067572,0.10248864442110062,0.03747309744358063,False,True,True,False,False,True,self_pair
158,109718,0,465,157455,0,465,False,140126,140126,1,883,False,False,False,True,H0,H0,0.00790594145655632,0.013207034207880497,0.03747309744358063,False,False,False,False,False,False,
159,64919,0,295,78716,0,295,True,64919,64919,0,295,False,False,True,False,H0,H0,0.016843192279338837,0.07794822752475739,0.03747309744358063,False,True,True,False,False,True,self_pair
160,168076,0,463,59725,1,463,False,168076,168076,0,463,False,False,True,False,H0,H0,0.025897428393363953,0.04376380518078804,0.03747309744358063,False,True,True,False,False,True,self_pair
161,183835,0,776,154522,0,776,True,183835,183835,0,776,False,True,True,False,H0,H0,0.009371578693389893,0.01865028403699398,0.03747309744358063,False,False,False,False,False,False,
162,123534,0,750,89384,0,750,True,123534,123534,0,750,False,True,True,False,H0,H0,0.011339978314936161,0.09914808720350266,0.03747309744358063,False,True,True,False,False,True,self_pair
163,43165,0,960,22060,1,960,True,43165,43165,0,960,False,True,True,False,H0,H0,0.010696012526750565,0.0323694683611393,0.03747309744358063,False,False,False,False,False,False,
164,159162,0,367,144869,0,367,True,159162,159162,0,367,False,True,True,False,H0,H0,0.018874892964959145,0.050058312714099884,0.03747309744358063,False,True,True,False,False,True,self_pair
165,6631,0,1096,3995,0,1096,True,6631,6631,0,1096,False,False,True,False,H0,H0,0.005677198059856892,0.015502060763537884,0.03747309744358063,False,False,False,False,False,False,
166,29638,0,625,156105,0,625,True,29638,29638,0,625,False,False,True,False,H0,H0,0.018275782465934753,0.061104632914066315,0.03747309744358063,False,True,True,False,False,True,self_pair
167,195105,0,932,125453,0,932,True,195105,195105,0,932,False,True,True,False,H0,H0,0.009232777170836926,0.03379659727215767,0.03747309744358063,False,False,False,False,False,False,
168,155869,1,341,155869,1,341,True,155869,155869,1,341,True,True,True,False,H1,H1,0.025483490899205208,0.025483490899205208,0.03747309744358063,False,False,False,False,False,False,
169,129175,0,697,101620,1,697,True,129175,129175,0,697,False,True,True,False,H0,H0,0.0479293055832386,0.08746016770601273,0.03747309744358063,True,True,True,False,False,True,self_pair
170,188305,0,404,74753,1,404,True,188305,188305,0,404,False,True,True,False,H0,H0,0.01579650677740574,0.03697321563959122,0.03747309744358063,False,False,False,False,False,False,
171,69499,0,725,47370,0,725,True,69499,69499,0,725,False,True,True,False,H0,H0,0.015449627302587032,0.016930287703871727,0.03747309744358063,False,False,False,False,False,False,
172,132400,0,405,132400,0,405,False,22060,22060,1,960,False,False,False,True,H0,H0,0.09506900608539581,0.008863442577421665,0.03747309744358063,True,False,False,False,False,False,
173,71221,0,497,191899,0,497,True,71221,71221,0,497,False,True,True,False,H0,H0,0.011033558286726475,0.06270179152488708,0.03747309744358063,False,True,True,False,False,True,self_pair
174,67507,0,701,99300,0,701,True,7988,7988,0,701,False,True,True,False,H0,H0,0.008187309838831425,0.015841525048017502,0.03747309744358063,False,False,False,False,False,False,
175,197192,0,1046,93579,0,1046,False,68041,68041,1,1023,False,False,False,True,H0,H0,0.009173063561320305,0.00776168517768383,0.03747309744358063,False,False,False,False,False,False,
176,115910,0,127,117769,0,127,False,115910,115910,0,127,False,False,True,False,H0,H0,0.008629838936030865,0.046876873821020126,0.03747309744358063,False,True,True,False,False,True,self_pair
177,197062,0,790,90358,0,790,True,197062,197062,0,790,False,False,True,False,H0,H0,0.01338921394199133,0.10104675590991974,0.03747309744358063,False,True,True,False,False,True,self_pair
178,189069,0,656,186838,1,656,True,189069,189069,0,656,False,False,True,False,H0,H0,0.008531967177987099,0.03005608730018139,0.03747309744358063,False,False,False,False,False,False,
179,2391,0,113,108012,0,113,False,21163,21163,1,98,False,False,False,True,H0,H0,0.01993252895772457,0.019156739115715027,0.03747309744358063,False,False,False,False,False,False,
180,165929,1,112,166337,1,112,True,165929,166050,1,112,False,True,True,False,H1,H1,0.9440749287605286,0.9440749287605286,0.03747309744358063,True,True,True,True,False,False,
181,161429,0,121,167316,1,121,True,161429,161429,0,121,False,False,True,False,H0,H0,0.009848483838140965,0.04384923726320267,0.03747309744358063,False,True,True,False,False,True,self_pair
182,89706,0,750,89384,0,750,True,89706,192706,1,750,False,False,True,False,H0,H0,0.009729242883622646,0.05200781673192978,0.03747309744358063,False,True,True,False,True,False,
183,26423,0,960,22060,1,960,True,26423,26423,0,960,False,True,True,False,H0,H0,0.029123367741703987,0.023158498108386993,0.03747309744358063,False,False,False,False,False,False,
184,88112,0,119,79907,0,119,False,88112,88112,0,119,False,False,True,False,H0,H0,0.014363246038556099,0.041474469006061554,0.03747309744358063,False,True,True,False,False,True,self_pair
185,15694,0,870,15694,0,870,False,125637,125637,0,418,False,False,False,True,H0,H0,0.0808914303779602,0.009799104183912277,0.03747309744358063,True,False,False,False,False,False,
186,56263,0,675,140522,0,675,True,56263,56263,0,675,False,True,True,False,H0,H0,0.017905594781041145,0.036414843052625656,0.03747309744358063,False,False,False,False,False,False,
187,96542,0,932,125453,0,932,True,96542,74516,1,932,False,False,True,False,H0,H0,0.007956723682582378,0.054849740117788315,0.03747309744358063,False,True,True,False,True,False,
188,131142,0,435,68460,0,435,False,75821,75821,0,888,False,False,False,True,H0,H0,0.01182964164763689,0.007728156168013811,0.037434469908475876,False,False,False,False,False,False,
189,86719,1,14,86719,1,14,True,88994,88994,1,14,False,True,True,False,H1,H1,0.10210656374692917,0.10210656374692917,0.037434469908475876,True,True,True,True,False,False,
190,47552,0,119,79907,0,119,False,47552,47552,0,119,False,False,True,False,H0,H0,0.01943366788327694,0.06461094319820404,0.037434469908475876,False,True,True,False,False,True,self_pair
191,120149,0,725,47370,0,725,True,120149,120149,0,725,False,True,True,False,H0,H0,0.02081574685871601,0.06007969006896019,0.037434469908475876,False,True,True,False,False,True,self_pair
192,138527,0,746,138527,0,746,True,138527,145932,1,746,True,True,True,False,H0,H0,0.036051176488399506,0.08475551009178162,0.037434469908475876,False,True,True,False,True,False,
193,191899,0,497,191899,0,497,True,191899,191899,0,497,True,True,True,False,H0,H0,0.04820992797613144,0.04820992797613144,0.037434469908475876,True,True,True,False,False,True,self_pair
194,21669,0,1076,44118,0,1076,True,130741,190301,0,1006,False,False,False,True,H0,H0,0.030988778918981552,0.062048882246017456,0.037434469908475876,False,True,True,False,True,False,
195,106358,0,200,122518,1,200,True,106358,106358,0,200,False,True,True,False,H0,H0,0.01130881067365408,0.023550448939204216,0.037434469908475876,False,False,False,False,False,False,
196,149681,0,718,133710,1,718,True,149681,149681,0,718,False,True,True,False,H0,H0,0.009768269024789333,0.01420596893876791,0.037434469908475876,False,False,False,False,False,False,
197,4653,0,156,4559,0,156,True,4559,4559,0,156,True,True,True,False,H0,H0,0.014393986202776432,0.014393986202776432,0.037434469908475876,False,False,False,False,False,False,
198,155320,0,879,155320,0,879,False,196369,196369,0,704,False,False,False,True,H0,H0,0.03547294810414314,0.011057409457862377,0.037434469908475876,False,False,False,False,False,False,
199,113895,0,65,114784,0,65,True,114001,114001,0,65,False,True,True,False,H0,H0,0.03708956763148308,0.038167666643857956,0.037434469908475876,False,True,True,False,True,False,
200,166057,1,112,166337,1,112,True,166050,165929,1,112,False,True,True,False,H1,H1,0.9440749287605286,0.9440749287605286,0.037434469908475876,True,True,True,True,False,False,
201,153034,0,121,167316,1,121,True,153034,153034,0,121,False,False,True,False,H0,H0,0.013775008730590343,0.051870059221982956,0.037434469908475876,False,True,True,False,False,True,self_pair
202,23538,0,750,89384,0,750,True,23538,23538,0,750,False,True,True,False,H0,H0,0.011556155979633331,0.04422695189714432,0.037434469908475876,False,True,True,False,False,True,self_pair
203,31820,0,960,22060,1,960,True,31820,31820,0,960,False,True,True,False,H0,H0,0.005666045937687159,0.019647695124149323,0.037434469908475876,False,False,False,False,False,False,
204,133605,1,292,133605,1,292,False,19370,98067,1,746,False,False,False,True,H1,H0,0.07448753714561462,0.03934754058718681,0.037434469908475876,True,True,True,False,True,False,
205,56321,0,127,117769,0,127,False,59112,59112,0,127,False,False,True,False,H0,H0,0.012960152700543404,0.04458775371313095,0.037434469908475876,False,True,True,False,True,False,
206,76228,0,675,140522,0,675,True,76228,76228,0,675,False,False,True,False,H0,H0,0.006715535651892424,0.023987581953406334,0.037434469908475876,False,False,False,False,False,False,
207,146774,0,932,125453,0,932,True,146774,146774,0,932,False,True,True,False,H0,H0,0.007790378760546446,0.022316133603453636,0.037434469908475876,False,False,False,False,False,False,
208,39516,1,821,61597,0,821,True,39516,39516,1,821,False,True,True,False,H0,H1,0.011799834668636322,0.03644188493490219,0.037434469908475876,False,False,False,False,False,False,
209,101620,1,697,101620,1,697,True,101620,67930,1,697,True,True,True,False,H1,H1,0.6106433272361755,0.8876499533653259,0.037434469908475876,True,True,True,True,False,False,
210,23538,0,750,89384,0,750,True,23538,23538,0,750,False,True,True,False,H0,H0,0.011556155979633331,0.04422695189714432,0.037434469908475876,False,True,True,False,False,True,self_pair
211,91952,0,725,47370,0,725,True,91952,91952,0,725,False,False,True,False,H0,H0,0.012992430478334427,0.07022659480571747,0.037434469908475876,False,True,True,False,False,True,self_pair
212,188122,1,31,188122,1,31,False,195176,195176,0,31,False,False,True,False,H1,H0,0.08714919537305832,0.052843499928712845,0.037434469908475876,True,True,True,False,True,False,
213,4559,0,156,4559,0,156,True,4559,4559,0,156,True,True,True,False,H0,H0,0.03651057928800583,0.03651057928800583,0.037434469908475876,False,False,False,False,False,False,
214,187906,0,897,35495,1,897,True,187906,187906,0,897,False,True,True,False,H0,H0,0.026533663272857666,0.03818869590759277,0.037434469908475876,False,True,True,False,False,True,self_pair
215,108517,0,703,105229,1,703,True,108517,108517,0,703,False,True,True,False,H0,H0,0.009748755022883415,0.017818395048379898,0.037434469908475876,False,False,False,False,False,False,
216,189592,0,968,150691,0,968,True,150691,150691,0,968,True,True,True,False,H0,H0,0.015044106170535088,0.015044106170535088,0.037434469908475876,False,False,False,False,False,False,
217,98773,0,790,90358,0,790,True,98773,98773,0,790,False,True,True,False,H0,H0,0.017535194754600525,0.08103382587432861,0.037434469908475876,False,True,True,False,False,True,self_pair
218,194619,0,1031,192229,0,1031,False,194619,194619,0,1031,False,False,True,False,H0,H0,0.020637134090065956,0.03668924421072006,0.037434469908475876,False,False,False,False,False,False,
219,78716,0,295,78716,0,295,True,78716,78716,0,295,True,True,True,False,H0,H0,0.02158515714108944,0.02158515714108944,0.037434469908475876,False,False,False,False,False,False,
220,166337,1,112,166337,1,112,True,166337,166050,1,112,True,True,True,False,H1,H1,0.9215868711471558,0.9440749287605286,0.037434469908475876,True,True,True,True,False,False,
221,145859,0,121,167316,1,121,True,145859,145859,0,121,False,False,True,False,H0,H0,0.01167045533657074,0.055643703788518906,0.037434469908475876,False,True,True,False,False,True,self_pair
222,127309,0,750,89384,0,750,True,127309,127309,0,750,False,False,True,False,H0,H0,0.011238597333431244,0.01631063222885132,0.037434469908475876,False,False,False,False,False,False,
223,164379,0,444,13514,0,444,False,164379,164379,0,444,False,False,True,False,H0,H0,0.01077770721167326,0.02834252454340458,0.037434469908475876,False,False,False,False,False,False,
224,194659,0,1031,192229,0,1031,False,194659,194659,0,1031,False,False,True,False,H0,H0,0.014124359004199505,0.024218188598752022,0.037434469908475876,False,False,False,False,False,False,
225,39123,0,268,39123,0,268,False,170172,170172,1,544,False,False,False,True,H0,H0,0.07152321934700012,0.018091198056936264,0.037434469908475876,True,False,False,False,False,False,
226,49296,1,675,140522,0,675,True,49296,29653,1,675,False,False,True,False,H0,H1,0.014529208652675152,0.6568230986595154,0.037434469908475876,False,True,True,True,False,False,
227,125453,0,932,125453,0,932,True,125453,125453,0,932,True,True,True,False,H0,H0,0.05683773010969162,0.05683773010969162,0.037434469908475876,True,True,True,False,False,True,self_pair
228,103314,0,657,87518,0,657,False,129175,129175,0,697,False,False,False,True,H0,H0,0.010240426287055016,0.007292649708688259,0.037434469908475876,False,False,False,False,False,False,
229,67930,1,697,101620,1,697,True,67930,125170,1,697,False,True,True,False,H1,H1,0.8876499533653259,0.9021403789520264,0.037434469908475876,True,True,True,True,False,False,
230,82706,0,295,78716,0,295,True,82706,82706,0,295,False,True,True,False,H0,H0,0.02266809716820717,0.06125662103295326,0.037434469908475876,False,True,True,False,False,True,self_pair
231,7928,0,725,47370,0,725,True,7928,7928,0,725,False,True,True,False,H0,H0,0.00865479651838541,0.07698897272348404,0.037434469908475876,False,True,True,False,False,True,self_pair
232,1174,1,746,138527,0,746,True,1174,19370,1,746,False,False,True,False,H0,H1,0.13482750952243805,0.889543890953064,0.037434469908475876,True,True,True,True,False,False,
233,144388,1,773,174705,0,773,False,118950,118950,1,499,False,False,False,True,H0,H0,0.006187870632857084,0.009148841723799706,0.037434469908475876,False,False,False,False,False,False,
234,8977,0,897,35495,1,897,True,8977,8977,0,897,False,True,True,False,H0,H0,0.01129854191094637,0.0567508339881897,0.037434469908475876,False,True,True,False,False,True,self_pair
235,106447,0,200,122518,1,200,True,106447,106447,0,200,False,True,True,False,H0,H0,0.00828799232840538,0.023550448939204216,0.037434469908475876,False,False,False,False,False,False,
236,70669,1,718,133710,1,718,True,70669,70669,1,718,False,False,True,False,H1,H1,0.0942251980304718,0.18092869222164154,0.037434469908475876,True,True,True,False,False,True,self_pair
237,90358,0,790,90358,0,790,True,90358,90358,0,790,True,True,True,False,H0,H0,0.07717713713645935,0.07717713713645935,0.03715183585882187,True,True,True,False,False,True,self_pair
238,104686,0,656,186838,1,656,True,104686,104686,0,656,False,False,True,False,H0,H0,0.022502508014440536,0.13608993589878082,0.03715183585882187,False,True,True,False,False,True,self_pair
239,64469,0,295,78716,0,295,True,64469,64469,0,295,False,True,True,False,H0,H0,0.015530192293226719,0.039976976811885834,0.03715183585882187,False,True,True,False,False,True,self_pair
240,166377,1,112,166337,1,112,True,166378,166378,1,112,False,True,True,False,H1,H1,0.9450043439865112,0.9450043439865112,0.03715183585882187,True,True,True,True,False,False,
241,110215,0,568,107391,0,568,False,110215,110215,0,568,False,False,True,False,H0,H0,0.006328247487545013,0.03992912545800209,0.03715183585882187,False,True,True,False,False,True,self_pair
242,149664,0,750,89384,0,750,True,149664,149664,0,750,False,False,True,False,H0,H0,0.012117600068449974,0.058330610394477844,0.03715183585882187,False,True,True,False,False,True,self_pair
243,4050,0,960,22060,1,960,True,4050,4050,0,960,False,True,True,False,H0,H0,0.02657124400138855,0.09169687330722809,0.03715183585882187,False,True,True,False,False,True,self_pair
244,137901,0,367,144869,0,367,True,137901,159162,0,367,False,True,True,False,H0,H0,0.01628902554512024,0.050058312714099884,0.03715183585882187,False,True,True,False,True,False,
245,64419,1,1,51236,1,1,False,58308,58308,1,1,False,False,True,False,H1,H1,0.13356131315231323,0.13356131315231323,0.03715183585882187,True,True,True,True,False,False,
246,121712,0,675,140522,0,675,True,121712,121712,0,675,False,True,True,False,H0,H0,0.008451523259282112,0.06710994243621826,0.03715183585882187,False,True,True,False,False,True,self_pair
247,74516,1,932,125453,0,932,True,74516,74516,1,932,False,False,True,False,H0,H1,0.015530810691416264,0.023813216015696526,0.03715183585882187,False,False,False,False,False,False,
248,74209,0,821,61597,0,821,True,74209,74209,0,821,False,True,True,False,H0,H0,0.009717048145830631,0.029922958463430405,0.03715183585882187,False,False,False,False,False,False,
249,154228,1,597,125437,0,597,False,127640,127640,0,597,False,False,True,False,H0,H0,0.009772231802344322,0.008557841181755066,0.03715183585882187,False,False,False,False,False,False,
250,93824,1,404,74753,1,404,True,93824,8679,1,404,False,True,True,False,H1,H1,0.7653807401657104,0.8516102433204651,0.03715183585882187,True,True,True,True,False,False,
251,15713,0,725,47370,0,725,True,15713,15713,0,725,False,True,True,False,H0,H0,0.012032333761453629,0.09576807171106339,0.03715183585882187,False,True,True,False,False,True,self_pair
252,6865,0,746,138527,0,746,True,6865,1174,1,746,False,True,True,False,H0,H0,0.015079205855727196,0.0843099057674408,0.03715183585882187,False,True,True,False,True,False,
253,47721,0,497,191899,0,497,True,47721,47721,0,497,False,True,True,False,H0,H0,0.011500280350446701,0.0218308437615633,0.03715183585882187,False,False,False,False,False,False,
254,92970,0,897,35495,1,897,True,92970,92970,0,897,False,True,True,False,H0,H0,0.020796239376068115,0.08218394219875336,0.03715183585882187,False,True,True,False,False,True,self_pair
255,171575,0,200,122518,1,200,True,171575,171575,0,200,False,True,True,False,H0,H0,0.007466061972081661,0.0727967619895935,0.03715183585882187,False,True,True,False,False,True,self_pair
256,93645,0,718,133710,1,718,True,93645,93645,0,718,False,False,True,False,H0,H0,0.03315477818250656,0.022913949564099312,0.03715183585882187,False,False,False,False,False,False,
257,85936,0,882,85936,0,882,False,85933,85933,0,662,False,False,False,True,H0,H0,0.041971929371356964,0.028927376493811607,0.03715183585882187,True,False,False,False,False,False,
258,186837,1,656,186838,1,656,True,186838,186825,1,656,True,True,True,False,H1,H1,0.6829898357391357,0.8767257928848267,0.03715183585882187,True,True,True,True,False,False,
259,61261,0,474,63143,0,474,False,61274,61274,0,473,False,False,False,True,H0,H0,0.009523097425699234,0.011756626889109612,0.03715183585882187,False,False,False,False,False,False,
260,166378,1,112,166337,1,112,True,166378,166378,1,112,False,True,True,False,H1,H1,0.9450043439865112,0.9450043439865112,0.03715183585882187,True,True,True,False,False,True,self_pair
261,65684,0,121,167316,1,121,True,65684,65684,0,121,False,False,True,False,H0,H0,0.012682665139436722,0.031167984008789062,0.03715183585882187,False,False,False,False,False,False,
262,130065,0,886,125941,0,886,False,130065,130065,0,886,False,False,True,False,H0,H0,0.015172965824604034,0.07590410858392715,0.03715183585882187,False,True,True,False,False,True,self_pair
263,103547,0,775,27839,0,775,False,103547,103547,0,775,False,False,True,False,H0,H0,0.011338593438267708,0.03822169452905655,0.03715183585882187,False,True,True,False,False,True,self_pair
264,193002,0,367,144869,0,367,True,193002,193002,0,367,False,True,True,False,H0,H0,0.010767071507871151,0.059722818434238434,0.03715183585882187,False,True,True,False,False,True,self_pair
265,178023,0,1096,3995,0,1096,True,178023,178023,0,1096,False,False,True,False,H0,H0,0.00678914412856102,0.05002855136990547,0.03715183585882187,False,True,True,False,False,True,self_pair
266,140506,0,675,140522,0,675,True,140506,140506,0,675,False,True,True,False,H0,H0,0.033134184777736664,0.03287201747298241,0.03715183585882187,False,False,False,False,False,False,
267,179838,0,191,183395,0,191,False,179838,179838,0,191,False,False,True,False,H0,H0,0.008022313006222248,0.011563336476683617,0.03715183585882187,False,False,False,False,False,False,
268,78624,0,548,86588,0,548,False,78624,78624,0,548,False,False,True,False,H0,H0,0.012579623609781265,0.06065733730792999,0.03715183585882187,False,True,True,False,False,True,self_pair
269,16173,1,697,101620,1,697,True,16173,82952,1,697,False,True,True,False,H1,H1,0.8009399175643921,0.8779188990592957,0.03715183585882187,True,True,True,True,False,False,
270,108263,1,404,74753,1,404,True,108263,74753,1,404,False,True,True,False,H1,H1,0.8414248824119568,0.8414248824119568,0.03715183585882187,True,True,True,True,False,False,
271,124240,0,733,124240,0,733,False,183638,183638,0,733,False,False,True,False,H0,H0,0.02426479384303093,0.015261881984770298,0.03715183585882187,False,False,False,False,False,False,
272,19370,1,746,138527,0,746,True,19370,1174,1,746,False,True,True,False,H0,H1,0.08341315388679504,0.889543890953064,0.03715183585882187,True,True,True,True,False,False,
273,22178,1,497,191899,0,497,True,22178,22178,1,497,False,True,True,False,H0,H1,0.014964422211050987,0.05140795186161995,0.03715183585882187,False,True,True,False,False,True,self_pair
274,22967,0,960,22060,1,960,True,22967,22967,0,960,False,True,True,False,H0,H0,0.053067419677972794,0.05991959571838379,0.03715183585882187,True,True,True,False,False,True,self_pair
275,122518,1,200,122518,1,200,True,121392,121392,1,200,False,True,True,False,H1,H1,0.43830376863479614,0.43830376863479614,0.03715183585882187,True,True,True,True,False,False,
276,148800,0,718,133710,1,718,True,148800,148800,0,718,False,True,True,False,H0,H0,0.02327090874314308,0.14737370610237122,0.03715183585882187,False,True,True,False,False,True,self_pair
277,90354,1,790,90358,0,790,True,90354,53103,1,790,False,True,True,False,H0,H1,0.04716886207461357,0.4036903381347656,0.03715183585882187,True,True,True,True,False,False,
278,186838,1,656,186838,1,656,True,186838,186825,1,656,True,True,True,False,H1,H1,0.6829898357391357,0.8767257928848267,0.03715183585882187,True,True,True,True,False,False,
279,114038,0,1094,112598,0,1094,True,112904,112904,0,1094,False,True,True,False,H0,H0,0.01674334518611431,0.009472429752349854,0.03715183585882187,False,False,False,False,False,False,
280,166269,0,112,166337,1,112,True,166269,166269,0,112,False,False,True,False,H0,H0,0.392286092042923,0.4495014250278473,0.03715183585882187,True,True,True,False,False,True,self_pair
281,54097,0,80,54097,0,80,True,54097,54097,0,80,True,True,True,False,H0,H0,0.018859324976801872,0.018859324976801872,0.03715183585882187,False,False,False,False,False,False,
282,132677,0,317,132677,0,317,False,87295,87295,0,42,False,False,False,True,H0,H0,0.07570558786392212,0.011023438535630703,0.03715183585882187,True,False,False,False,False,False,
283,51709,0,971,145891,0,971,False,51709,51709,0,971,False,False,True,False,H0,H0,0.016259733587503433,0.09156310558319092,0.03715183585882187,False,True,True,False,False,True,self_pair
284,138382,0,367,144869,0,367,True,138382,165395,1,367,False,True,True,False,H0,H0,0.019142551347613335,0.06784575432538986,0.03715183585882187,False,True,True,False,True,False,
285,58308,1,1,51236,1,1,False,58308,58308,1,1,False,False,True,False,H1,H1,0.13356131315231323,0.13356131315231323,0.03715183585882187,True,True,True,False,False,True,self_pair
286,140522,0,675,140522,0,675,True,140522,140522,0,675,True,True,True,False,H0,H0,0.10666796565055847,0.10666796565055847,0.03715183585882187,True,True,True,False,False,True,self_pair
287,154177,0,932,125453,0,932,True,154177,154177,0,932,False,False,True,False,H0,H0,0.008832105435431004,0.02840973064303398,0.03715183585882187,False,False,False,False,False,False,
288,155820,0,201,156463,1,201,False,161619,161619,0,129,False,False,False,True,H0,H0,0.012081374414265156,0.011949967592954636,0.03715183585882187,False,False,False,False,False,False,
289,177496,1,697,101620,1,697,True,177496,101620,1,697,False,True,True,False,H1,H1,0.8795288801193237,0.8795288801193237,0.03715183585882187,True,True,True,True,False,False,
290,71489,0,438,105899,0,438,False,80412,80412,0,440,False,False,False,True,H0,H0,0.01071141380816698,0.011134832166135311,0.03715183585882187,False,False,False,False,False,False,
291,52447,0,725,47370,0,725,True,52447,52447,0,725,False,False,True,False,H0,H0,0.006058569997549057,0.05210947245359421,0.03715183585882187,False,True,True,False,False,True,self_pair
292,190020,1,746,138527,0,746,True,190020,145932,1,746,False,True,True,False,H0,H1,0.04800470545887947,0.8542649149894714,0.03715183585882187,True,True,True,True,False,False,
293,33154,1,497,191899,0,497,True,33154,33154,1,497,False,False,True,False,H0,H1,0.009903579019010067,0.05735379457473755,0.03715183585882187,False,True,True,False,False,True,self_pair
294,143864,0,897,35495,1,897,True,143864,143864,0,897,False,False,True,False,H0,H0,0.01736637018620968,0.07076524943113327,0.03715183585882187,False,True,True,False,False,True,self_pair
295,98091,1,370,98091,1,370,True,98091,98091,1,370,True,True,True,False,H1,H1,0.05844103917479515,0.05844103917479515,0.03715183585882187,True,True,True,False,False,True,self_pair
296,37198,1,718,133710,1,718,True,37198,133710,1,718,False,True,True,False,H1,H1,0.5257763862609863,0.5257763862609863,0.03715183585882187,True,True,True,True,False,False,
297,174573,0,999,14568,1,999,False,174573,174573,0,999,False,False,True,False,H0,H0,0.00755076389759779,0.029291318729519844,0.037136469036340714,False,False,False,False,False,False,
298,51636,0,656,186838,1,656,True,51636,51636,0,656,False,False,True,False,H0,H0,0.011356236413121223,0.04078100621700287,0.037136469036340714,False,True,True,False,False,True,self_pair
299,65291,1,295,78716,0,295,True,65291,64929,1,295,False,True,True,False,H0,H1,0.025761527940630913,0.6107732653617859,0.037136469036340714,False,True,True,True,False,False,
300,196476,0,750,89384,0,750,True,196476,196476,0,750,False,False,True,False,H0,H0,0.0074415612034499645,0.03511602059006691,0.037136469036340714,False,False,False,False,False,False,
301,183964,0,121,167316,1,121,True,178490,178490,0,121,False,False,True,False,H0,H0,0.009534887969493866,0.0781780555844307,0.037136469036340714,False,True,True,False,True,False,
302,6504,0,750,89384,0,750,True,6504,6504,0,750,False,False,True,False,H0,H0,0.01188757922500372,0.07100468128919601,0.037136469036340714,False,True,True,False,False,True,self_pair
303,28105,0,960,22060,1,960,True,28105,28105,0,960,False,True,True,False,H0,H0,0.01782335340976715,0.1273931860923767,0.037136469036340714,False,True,True,False,False,True,self_pair
304,71442,0,367,144869,0,367,True,71442,71442,0,367,False,True,True,False,H0,H0,0.014583812095224857,0.03328543156385422,0.037136469036340714,False,False,False,False,False,False,
305,3995,0,1096,3995,0,1096,True,3995,3995,0,1096,True,True,True,False,H0,H0,0.03879198431968689,0.03879198431968689,0.037136469036340714,True,True,True,False,False,True,self_pair
306,77479,0,593,76267,0,593,False,77479,77479,0,593,False,False,True,False,H0,H0,0.021116264164447784,0.04593844711780548,0.037136469036340714,False,True,True,False,False,True,self_pair
307,176652,1,932,125453,0,932,True,176652,176652,1,932,False,True,True,False,H0,H1,0.013924156315624714,0.07197199016809464,0.037136469036340714,False,True,True,False,False,True,self_pair
308,191860,0,821,61597,0,821,True,191860,191860,0,821,False,True,True,False,H0,H0,0.008691012859344482,0.0365753211081028,0.037136469036340714,False,False,False,False,False,False,
309,82952,1,697,101620,1,697,True,82952,16173,1,697,False,True,True,False,H1,H1,0.8588140606880188,0.8779188990592957,0.037136469036340714,True,True,True,True,False,False,
310,137956,0,404,74753,1,404,True,137956,137956,0,404,False,True,True,False,H0,H0,0.01453122217208147,0.16362088918685913,0.037136469036340714,False,True,True,False,False,True,self_pair
311,35043,0,776,154522,0,776,True,35039,35039,0,776,False,True,True,False,H0,H0,0.010641274973750114,0.009297235868871212,0.037136469036340714,False,False,False,False,False,False,
312,186498,0,821,61597,0,821,True,186498,186498,0,821,False,True,True,False,H0,H0,0.009048134088516235,0.02036609873175621,0.037136469036340714,False,False,False,False,False,False,
313,152408,1,497,191899,0,497,True,152408,152408,1,497,False,True,True,False,H0,H1,0.011326316744089127,0.06380944699048996,0.037136469036340714,False,True,True,False,False,True,self_pair
314,22186,0,457,27700,1,457,True,22186,22186,0,457,False,False,True,False,H0,H0,0.024141306057572365,0.058588385581970215,0.037136469036340714,False,True,True,False,False,True,self_pair
315,122916,0,200,122518,1,200,True,122916,121392,1,200,False,True,True,False,H0,H0,0.10940913110971451,0.10940913110971451,0.037136469036340714,True,True,True,False,True,False,
316,18722,0,718,133710,1,718,True,18722,18722,0,718,False,True,True,False,H0,H0,0.03207303583621979,0.04062005877494812,0.037136469036340714,False,True,True,False,False,True,self_pair
317,111900,0,173,122923,0,173,False,111900,111900,0,173,False,False,True,False,H0,H0,0.006429287604987621,0.06450806558132172,0.037136469036340714,False,True,True,False,False,True,self_pair
318,44974,0,609,38629,0,609,False,44974,44974,0,609,False,False,True,False,H0,H0,0.022212406620383263,0.11417675018310547,0.037136469036340714,False,True,True,False,False,True,self_pair
319,78713,0,295,78716,0,295,True,78713,78713,0,295,False,True,True,False,H0,H0,0.012465463019907475,0.011859266087412834,0.037136469036340714,False,False,False,False,False,False,
320,166050,1,112,166337,1,112,True,166050,165929,1,112,False,True,True,False,H1,H1,0.9440749287605286,0.9440749287605286,0.037136469036340714,True,True,True,True,False,False,
321,141740,1,764,53389,0,764,False,141740,141740,1,764,False,False,True,False,H0,H1,0.010564057156443596,0.03332964703440666,0.037136469036340714,False,False,False,False,False,False,
322,24173,0,750,89384,0,750,True,24173,70674,1,750,False,True,True,False,H0,H0,0.03872610256075859,0.19842742383480072,0.037136469036340714,True,True,True,False,True,False,
323,22967,0,960,22060,1,960,True,22967,22967,0,960,False,True,True,False,H0,H0,0.053067419677972794,0.05991959571838379,0.037136469036340714,True,True,True,False,False,True,self_pair
324,161497,0,367,144869,0,367,True,161497,161497,0,367,False,False,True,False,H0,H0,0.020258698612451553,0.03620249778032303,0.037136469036340714,False,False,False,False,False,False,
325,94077,1,1096,3995,0,1096,True,94077,94077,1,1096,False,True,True,False,H0,H1,0.014424026943743229,0.06622554361820221,0.037136469036340714,False,True,True,False,False,True,self_pair
326,140522,0,675,140522,0,675,True,140522,140522,0,675,True,True,True,False,H0,H0,0.10666796565055847,0.10666796565055847,0.03715183585882187,True,True,True,False,False,True,self_pair
327,87,1,804,17100,1,804,True,56108,56108,0,723,False,False,False,True,H1,H0,0.00822637788951397,0.05417391657829285,0.03715183585882187,False,True,True,False,True,False,
328,178075,0,821,61597,0,821,True,178075,178075,0,821,False,False,True,False,H0,H0,0.017733192071318626,0.048796653747558594,0.03715183585882187,False,True,True,False,False,True,self_pair
329,85071,0,697,101620,1,697,True,85071,85071,0,697,False,False,True,False,H0,H0,0.008389945141971111,0.041751135140657425,0.03715183585882187,False,True,True,False,False,True,self_pair
330,30335,0,1070,25112,0,1070,False,30335,30335,0,1070,False,False,True,False,H0,H0,0.010841895826160908,0.030975615605711937,0.03715183585882187,False,False,False,False,False,False,
331,96652,1,725,47370,0,725,True,96652,96652,1,725,False,True,True,False,H0,H1,0.03926989436149597,0.6926308870315552,0.03715183585882187,True,True,True,False,False,True,self_pair
332,144333,1,746,138527,0,746,True,144333,145932,1,746,False,False,True,False,H0,H1,0.07665091007947922,0.8877959251403809,0.03715183585882187,True,True,True,True,False,False,
333,58337,0,497,191899,0,497,True,58337,58337,0,497,False,True,True,False,H0,H0,0.007777308113873005,0.05016785487532616,0.03715183585882187,False,True,True,False,False,True,self_pair
334,23486,1,897,35495,1,897,True,23486,35495,1,897,False,True,True,False,H1,H1,0.7450000047683716,0.7450000047683716,0.03715183585882187,True,True,True,True,False,False,
335,121392,1,200,122518,1,200,True,121392,121392,1,200,False,True,True,False,H1,H1,0.43830376863479614,0.43830376863479614,0.03715183585882187,True,True,True,False,False,True,self_pair
336,91240,0,718,133710,1,718,True,91240,91240,0,718,False,True,True,False,H0,H0,0.014585894532501698,0.02259332872927189,0.037434469908475876,False,False,False,False,False,False,
337,185708,0,691,185708,0,691,True,185708,107324,0,690,True,True,False,True,H0,H0,0.030028851702809334,0.04855210706591606,0.037434469908475876,False,True,True,False,True,False,
338,70702,0,656,186838,1,656,True,70702,70702,0,656,False,False,True,False,H0,H0,0.007978958077728748,0.048152122646570206,0.037434469908475876,False,True,True,False,False,True,self_pair
339,82706,0,295,78716,0,295,True,82706,82706,0,295,False,True,True,False,H0,H0,0.02266809716820717,0.06125662103295326,0.037434469908475876,False,True,True,False,False,True,self_pair
340,166303,1,112,166337,1,112,True,166303,166303,1,112,False,True,True,False,H1,H1,0.9387437701225281,0.9440749287605286,0.037434469908475876,True,True,True,False,False,True,self_pair
341,96652,1,725,47370,0,725,True,96652,96652,1,725,False,True,True,False,H0,H1,0.03926989436149597,0.6926308870315552,0.037434469908475876,True,True,True,False,False,True,self_pair
342,67217,0,874,180828,0,874,False,96078,96078,0,855,False,False,False,True,H0,H0,0.013483178801834583,0.008414560928940773,0.037434469908475876,False,False,False,False,False,False,
343,177907,0,686,138217,0,686,False,171784,171784,0,684,False,False,False,True,H0,H0,0.031081855297088623,0.009056175127625465,0.037434469908475876,False,False,False,False,False,False,
344,100945,0,169,100945,0,169,False,100674,100674,0,165,False,False,False,True,H0,H0,0.058004993945360184,0.00826005544513464,0.037434469908475876,True,False,False,False,False,False,
345,46035,0,1096,3995,0,1096,True,46035,46035,0,1096,False,False,True,False,H0,H0,0.007976558059453964,0.015079212374985218,0.037434469908475876,False,False,False,False,False,False,
346,64846,0,675,140522,0,675,True,64846,64846,0,675,False,True,True,False,H0,H0,0.014157097786664963,0.01979488506913185,0.037434469908475876,False,False,False,False,False,False,
347,60606,0,932,125453,0,932,True,60606,60606,0,932,False,False,True,False,H0,H0,0.006947570946067572,0.10248864442110062,0.037434469908475876,False,True,True,False,False,True,self_pair
348,177913,0,821,61597,0,821,True,177913,177913,0,821,False,True,True,False,H0,H0,0.004483416676521301,0.03957494720816612,0.037434469908475876,False,True,True,False,False,True,self_pair
349,15718,0,501,15718,0,501,True,15718,15718,0,501,True,True,True,False,H0,H0,0.04967273399233818,0.04967273399233818,0.037434469908475876,True,True,True,False,False,True,self_pair
350,8679,1,404,74753,1,404,True,8679,93824,1,404,False,False,True,False,H1,H1,0.42928722500801086,0.8516102433204651,0.037434469908475876,True,True,True,True,False,False,
351,142460,0,947,142460,0,947,False,36690,36690,0,947,False,False,True,False,H0,H0,0.020618079230189323,0.00864745955914259,0.037434469908475876,False,False,False,False,False,False,
352,98067,1,746,138527,0,746,True,98067,145932,1,746,False,False,True,False,H0,H1,0.14296238124370575,0.8703354597091675,0.037434469908475876,True,True,True,True,False,False,
353,184376,0,497,191899,0,497,True,184376,184376,0,497,False,False,True,False,H0,H0,0.013964788988232613,0.09904372692108154,0.037434469908475876,False,True,True,False,False,True,self_pair
354,125142,0,429,9477,0,429,True,9477,9477,0,429,True,True,True,False,H0,H0,0.010100321844220161,0.010100321844220161,0.037434469908475876,False,False,False,False,False,False,
355,103681,0,127,117769,0,127,False,103681,103681,0,127,False,False,True,False,H0,H0,0.009378692135214806,0.021081922575831413,0.037434469908475876,False,False,False,False,False,False,
356,40413,0,718,133710,1,718,True,40413,40413,0,718,False,True,True,False,H0,H0,0.014745722524821758,0.029859447851777077,0.037434469908475876,False,False,False,False,False,False,
357,121446,1,790,90358,0,790,True,121446,149985,1,790,False,True,True,False,H0,H1,0.05420657619833946,0.5795972347259521,0.037434469908475876,True,True,True,True,False,False,
358,179392,0,211,183012,0,211,True,179392,179392,0,211,False,True,True,False,H0,H0,0.020251477137207985,0.09629916399717331,0.037434469908475876,False,True,True,False,False,True,self_pair
359,179041,0,57,179041,0,57,True,179041,179041,0,57,True,True,True,False,H0,H0,0.05787253379821777,0.05787253379821777,0.037434469908475876,True,True,True,False,False,True,self_pair
360,197498,1,241,197474,1,241,False,191604,191604,0,41,False,False,False,True,H1,H0,0.0869373232126236,0.09060191363096237,0.037434469908475876,True,True,True,False,True,False,
361,120578,0,472,68020,0,472,True,59306,59306,0,551,False,False,False,True,H0,H0,0.007855781354010105,0.00868045724928379,0.037434469908475876,False,False,False,False,False,False,
362,27622,0,750,89384,0,750,True,27622,27622,0,750,False,True,True,False,H0,H0,0.01504075713455677,0.06736942380666733,0.037434469908475876,False,True,True,False,False,True,self_pair
363,97976,1,601,97976,1,601,True,97976,97976,1,601,True,True,True,False,H1,H1,0.16273781657218933,0.16273781657218933,0.037434469908475876,True,True,True,False,False,True,self_pair
364,165395,1,367,144869,0,367,True,165395,193163,1,367,False,True,True,False,H0,H1,0.03901207447052002,0.4572022557258606,0.03747309744358063,True,True,True,True,False,False,
365,181656,0,1096,3995,0,1096,True,181656,181656,0,1096,False,False,True,False,H0,H0,0.02098039537668228,0.026834597811102867,0.03747309744358063,False,False,False,False,False,False,
366,180597,0,675,140522,0,675,True,180597,180597,0,675,False,False,True,False,H0,H0,0.009417485445737839,0.015730861574411392,0.03747309744358063,False,False,False,False,False,False,
367,146745,0,672,110392,1,672,False,146745,146745,0,672,False,False,True,False,H0,H0,0.014024763368070126,0.19485361874103546,0.03747309744358063,False,True,True,False,False,True,self_pair
368,72302,0,821,61597,0,821,True,72302,72302,0,821,False,True,True,False,H0,H0,0.008717382326722145,0.06990848481655121,0.03747309744358063,False,True,True,False,False,True,self_pair
369,32967,0,697,101620,1,697,True,32967,32967,0,697,False,True,True,False,H0,H0,0.00969094317406416,0.03659648075699806,0.03747309744358063,False,False,False,False,False,False,
370,30090,0,404,74753,1,404,True,30090,30090,0,404,False,True,True,False,H0,H0,0.01240380946546793,0.07853849977254868,0.03747309744358063,False,True,True,False,False,True,self_pair
371,122583,1,725,47370,0,725,True,122583,96652,1,725,False,False,True,False,H0,H1,0.04314315691590309,0.3002608120441437,0.03747309744358063,True,True,True,True,False,False,
372,83637,0,746,138527,0,746,True,83637,83637,0,746,False,True,True,False,H0,H0,0.021512415260076523,0.14609892666339874,0.03747309744358063,False,True,True,False,False,True,self_pair
373,48951,0,942,101543,0,942,False,48951,48951,0,942,False,False,True,False,H0,H0,0.017361951991915703,0.05061464384198189,0.03747309744358063,False,True,True,False,False,True,self_pair
374,140022,0,897,35495,1,897,True,140022,140022,0,897,False,True,True,False,H0,H0,0.018766053020954132,0.03919625282287598,0.03747309744358063,False,True,True,False,False,True,self_pair
375,143436,0,322,143791,1,322,False,143436,143436,0,322,False,False,True,False,H0,H0,0.04027383029460907,0.04341999441385269,0.03747309744358063,True,True,True,False,False,True,self_pair
376,93925,0,718,133710,1,718,True,93925,93925,0,718,False,True,True,False,H0,H0,0.008151115849614143,0.06309963762760162,0.03747309744358063,False,True,True,False,False,True,self_pair
377,86244,0,927,169145,0,927,False,51029,51029,1,354,False,False,False,True,H0,H0,0.0072034322656691074,0.00969578605145216,0.03747309744358063,False,False,False,False,False,False,
378,66410,0,812,12234,0,812,False,66410,66410,0,812,False,False,True,False,H0,H0,0.007466691080480814,0.10572315752506256,0.03747309744358063,False,True,True,False,False,True,self_pair
379,46422,0,665,46880,0,665,False,13484,13484,0,664,False,False,False,True,H0,H0,0.009802168235182762,0.01076736580580473,0.03747309744358063,False,False,False,False,False,False,
380,191705,0,998,3924,0,998,True,129342,129342,0,676,False,True,False,True,H0,H0,0.014012683182954788,0.02168227732181549,0.03747309744358063,False,False,False,False,False,False,
381,18572,0,989,37452,0,989,False,18032,18032,0,989,False,False,True,False,H0,H0,0.014130694791674614,0.023266613483428955,0.03747309744358063,False,False,False,False,False,False,
382,196476,0,750,89384,0,750,True,196476,196476,0,750,False,False,True,False,H0,H0,0.0074415612034499645,0.03511602059006691,0.037434469908475876,False,False,False,False,False,False,
383,22062,0,960,22060,1,960,True,22062,22062,0,960,False,False,True,False,H0,H0,0.008858191780745983,0.021748246625065804,0.037434469908475876,False,False,False,False,False,False,
384,193163,1,367,144869,0,367,True,193163,165395,1,367,False,True,True,False,H0,H1,0.029554862529039383,0.4572022557258606,0.037434469908475876,False,True,True,True,False,False,
385,56986,0,1096,3995,0,1096,True,56986,56986,0,1096,False,True,True,False,H0,H0,0.013452603481709957,0.14243844151496887,0.037434469908475876,False,True,True,False,False,True,self_pair
386,15452,0,675,140522,0,675,True,15452,15452,0,675,False,False,True,False,H0,H0,0.0068443287163972855,0.00905497744679451,0.037434469908475876,False,False,False,False,False,False,
387,16171,0,166,11613,0,166,False,16188,16188,0,166,False,False,True,False,H0,H0,0.04523368924856186,0.02744748443365097,0.037434469908475876,True,False,False,False,False,False,
388,187210,0,821,61597,0,821,True,187210,187210,0,821,False,True,True,False,H0,H0,0.009688778780400753,0.05104208365082741,0.037434469908475876,False,True,True,False,False,True,self_pair
389,133002,0,992,133002,0,992,False,171849,171849,0,17,False,False,False,True,H0,H0,0.12967811524868011,0.013812871649861336,0.037434469908475876,True,False,False,False,False,False,
390,110113,0,938,48817,0,938,True,110113,110113,0,938,False,True,True,False,H0,H0,0.013350669294595718,0.03147521987557411,0.037434469908475876,False,False,False,False,False,False,
391,36381,0,725,47370,0,725,True,36381,36381,0,725,False,True,True,False,H0,H0,0.01009303517639637,0.06265377253293991,0.037434469908475876,False,True,True,False,False,True,self_pair
392,97241,1,746,138527,0,746,True,97241,98067,1,746,False,True,True,False,H0,H1,0.13482750952243805,0.739530086517334,0.037434469908475876,True,True,True,True,False,False,
393,134927,0,127,117769,0,127,False,134927,134927,0,127,False,False,True,False,H0,H0,0.0055960724130272865,0.07747311890125275,0.037434469908475876,False,True,True,False,False,True,self_pair
394,89668,0,897,35495,1,897,True,89668,89668,0,897,False,True,True,False,H0,H0,0.015059029683470726,0.03697631508111954,0.037434469908475876,False,False,False,False,False,False,
395,134387,0,200,122518,1,200,True,134387,134387,0,200,False,False,True,False,H0,H0,0.011198578402400017,0.034053120762109756,0.037434469908475876,False,False,False,False,False,False,
396,145015,0,718,133710,1,718,True,145015,145015,0,718,False,True,True,False,H0,H0,0.022851547226309776,0.07559630274772644,0.037434469908475876,False,True,True,False,False,True,self_pair
397,121411,1,767,121411,1,767,False,167843,167843,1,766,False,False,False,True,H1,H0,0.02506929636001587,0.01238891202956438,0.037434469908475876,False,False,False,False,False,False,
398,186825,1,656,186838,1,656,True,186825,186838,1,656,False,True,True,False,H1,H1,0.8767257928848267,0.8767257928848267,0.037434469908475876,True,True,True,True,False,False,
399,83226,0,295,78716,0,295,True,83226,83226,0,295,False,True,True,False,H0,H0,0.009930462576448917,0.267823189496994,0.037434469908475876,False,True,True,False,False,True,self_pair
400,166337,1,112,166337,1,112,True,166337,166050,1,112,True,True,True,False,H1,H1,0.9215868711471558,0.9440749287605286,0.037434469908475876,True,True,True,True,False,False,
401,189784,0,121,167316,1,121,True,189784,189784,0,121,False,False,True,False,H0,H0,0.01028711162507534,0.05681309476494789,0.037434469908475876,False,True,True,False,False,True,self_pair
402,57999,0,0,57999,0,0,True,65919,65919,0,5,False,False,False,True,H0,H0,0.027160076424479485,0.027160076424479485,0.037434469908475876,False,False,False,False,False,False,
403,23039,0,960,22060,1,960,True,23039,23039,0,960,False,False,True,False,H0,H0,0.017642371356487274,0.03457975387573242,0.037434469908475876,False,False,False,False,False,False,
404,144869,0,367,144869,0,367,True,144869,144869,0,367,True,True,True,False,H0,H0,0.07575710862874985,0.07575710862874985,0.037434469908475876,True,True,True,False,False,True,self_pair
405,112495,0,1096,3995,0,1096,True,112495,112495,0,1096,False,False,True,False,H0,H0,0.008878761902451515,0.060157470405101776,0.037434469908475876,False,True,True,False,False,True,self_pair
406,162576,0,675,140522,0,675,True,162576,162576,0,675,False,False,True,False,H0,H0,0.007654011249542236,0.06284018605947495,0.037434469908475876,False,True,True,False,False,True,self_pair
407,26147,0,932,125453,0,932,True,26147,26147,0,932,False,False,True,False,H0,H0,0.019598737359046936,0.12134233117103577,0.037434469908475876,False,True,True,False,False,True,self_pair
408,189969,0,211,183012,0,211,True,194037,194037,0,211,False,True,True,False,H0,H0,0.015831558033823967,0.024397194385528564,0.037434469908475876,False,False,False,False,False,False,
409,113938,0,697,101620,1,697,True,113938,113938,0,697,False,True,True,False,H0,H0,0.02275059185922146,0.09336727857589722,0.037434469908475876,False,True,True,False,False,True,self_pair
410,23486,1,897,35495,1,897,True,23486,35495,1,897,False,True,True,False,H1,H1,0.7450000047683716,0.7450000047683716,0.037434469908475876,True,True,True,True,False,False,
411,86498,0,725,47370,0,725,True,86498,86498,0,725,False,True,True,False,H0,H0,0.014281947165727615,0.03648696839809418,0.037434469908475876,False,False,False,False,False,False,
412,145932,1,746,138527,0,746,True,145932,144333,1,746,False,False,True,False,H0,H1,0.08475551009178162,0.8877959251403809,0.037434469908475876,True,True,True,True,False,False,
413,71221,0,497,191899,0,497,True,71221,71221,0,497,False,True,True,False,H0,H0,0.011033558286726475,0.06270179152488708,0.037434469908475876,False,True,True,False,False,True,self_pair
414,88433,0,888,88433,0,888,False,123776,123776,1,885,False,False,False,True,H0,H0,0.03933018073439598,0.007536865305155516,0.037434469908475876,True,False,False,False,False,False,
415,45255,0,630,45255,0,630,True,45255,45255,0,630,True,True,True,False,H0,H0,0.05769556760787964,0.05769556760787964,0.037434469908475876,True,True,True,False,False,True,self_pair
416,145425,0,127,117769,0,127,False,159516,159516,0,127,False,False,True,False,H0,H0,0.007477059494704008,0.006130528170615435,0.037434469908475876,False,False,False,False,False,False,
417,98773,0,790,90358,0,790,True,98773,98773,0,790,False,True,True,False,H0,H0,0.017535194754600525,0.08103382587432861,0.037434469908475876,False,True,True,False,False,True,self_pair
418,199038,0,972,198041,0,972,True,199038,199038,0,972,False,True,True,False,H0,H0,0.017014626413583755,0.13261869549751282,0.037434469908475876,False,True,True,False,False,True,self_pair
419,78716,0,295,78716,0,295,True,78716,78716,0,295,True,True,True,False,H0,H0,0.02158515714108944,0.02158515714108944,0.037434469908475876,False,False,False,False,False,False,
420,166377,1,112,166337,1,112,True,166378,166378,1,112,False,True,True,False,H1,H1,0.9450043439865112,0.9450043439865112,0.037434469908475876,True,True,True,True,False,False,
421,187944,0,121,167316,1,121,True,187944,187944,0,121,False,False,True,False,H0,H0,0.006765465252101421,0.02907230332493782,0.037434469908475876,False,False,False,False,False,False,
422,129329,0,750,89384,0,750,True,129329,129329,0,750,False,False,True,False,H0,H0,0.033611468970775604,0.22888745367527008,0.037434469908475876,False,True,True,False,False,True,self_pair
423,4361,1,960,22060,1,960,True,4361,22060,1,960,False,True,True,False,H1,H1,0.28591597080230713,0.28591597080230713,0.037434469908475876,True,True,True,True,False,False,
424,186486,1,367,144869,0,367,True,186486,165395,1,367,False,True,True,False,H0,H1,0.039235521107912064,0.34383565187454224,0.037434469908475876,True,True,True,True,False,False,
425,8887,0,1096,3995,0,1096,True,8887,8887,0,1096,False,True,True,False,H0,H0,0.008614672347903252,0.034699998795986176,0.037434469908475876,False,False,False,False,False,False,
426,146481,0,675,140522,0,675,True,146481,146481,0,675,False,False,True,False,H0,H0,0.01142251119017601,0.048297010362148285,0.037434469908475876,False,True,True,False,False,True,self_pair
427,66348,1,299,77426,0,299,False,176908,176908,1,79,False,False,False,True,H0,H0,0.02198205329477787,0.021663259714841843,0.037434469908475876,False,False,False,False,False,False,
428,134246,0,139,134246,0,139,False,164356,164356,0,637,False,False,False,True,H0,H0,0.06564605236053467,0.01160060428082943,0.037434469908475876,True,False,False,False,False,False,
429,186967,0,697,101620,1,697,True,186967,186967,0,697,False,False,True,False,H0,H0,0.07194589823484421,0.12085220962762833,0.037434469908475876,True,True,True,False,False,True,self_pair
430,154722,0,314,154728,0,314,False,166480,166480,0,750,False,False,False,True,H0,H0,0.015102047473192215,0.008213585242629051,0.037434469908475876,False,False,False,False,False,False,
431,69499,0,725,47370,0,725,True,69499,69499,0,725,False,True,True,False,H0,H0,0.015449627302587032,0.016930287703871727,0.037434469908475876,False,False,False,False,False,False,
432,145862,0,259,101300,0,259,False,168314,168314,0,259,False,False,True,False,H0,H0,0.007797595579177141,0.015002862550318241,0.037434469908475876,False,False,False,False,False,False,
433,191899,0,497,191899,0,497,True,191899,191899,0,497,True,True,True,False,H0,H0,0.04820992797613144,0.04820992797613144,0.037434469908475876,True,True,True,False,False,True,self_pair
434,101623,0,897,35495,1,897,True,101623,177496,1,697,False,False,False,True,H0,H0,0.007948823273181915,0.14842212200164795,0.037434469908475876,False,True,True,False,True,False,
435,53718,0,689,98069,1,689,False,7777,7777,1,789,False,False,False,True,H0,H0,0.012265671044588089,0.011287531815469265,0.037434469908475876,False,False,False,False,False,False,
436,133710,1,718,133710,1,718,True,133710,133710,1,718,True,True,True,False,H1,H1,0.24125786125659943,0.24125786125659943,0.037434469908475876,True,True,True,False,False,True,self_pair
437,154177,0,932,125453,0,932,True,154177,154177,0,932,False,False,True,False,H0,H0,0.008832105435431004,0.02840973064303398,0.037434469908475876,False,False,False,False,False,False,
438,104686,0,656,186838,1,656,True,104686,104686,0,656,False,True,True,False,H0,H0,0.022502508014440536,0.13608993589878082,0.037434469908475876,False,True,True,False,False,True,self_pair
439,64469,0,295,78716,0,295,True,64469,64469,0,295,False,True,True,False,H0,H0,0.015530192293226719,0.039976976811885834,0.037434469908475876,False,True,True,False,False,True,self_pair
440,15064,0,826,9838,1,826,True,171366,171366,0,316,False,False,False,True,H0,H0,0.008912722580134869,0.009676863439381123,0.037434469908475876,False,False,False,False,False,False,
441,165593,0,121,167316,1,121,True,165593,165593,0,121,False,False,True,False,H0,H0,0.006648002192378044,0.035065293312072754,0.037434469908475876,False,False,False,False,False,False,
442,89384,0,750,89384,0,750,True,89384,70674,1,750,True,True,True,False,H0,H0,0.07469899207353592,0.09612922370433807,0.037434469908475876,True,True,True,False,True,False,
443,23035,0,960,22060,1,960,True,23035,23035,0,960,False,True,True,False,H0,H0,0.018220681697130203,0.04385974258184433,0.037434469908475876,False,True,True,False,False,True,self_pair
444,197681,0,367,144869,0,367,True,197681,197681,0,367,False,True,True,False,H0,H0,0.016843199729919434,0.15554837882518768,0.037434469908475876,False,True,True,False,False,True,self_pair
445,31511,0,1096,3995,0,1096,True,31511,31511,0,1096,False,True,True,False,H0,H0,0.032439857721328735,0.037666503340005875,0.037434469908475876,False,True,True,False,False,True,self_pair
446,80993,0,593,76267,0,593,False,80993,80993,0,593,False,False,True,False,H0,H0,0.0174102745950222,0.03643758222460747,0.037434469908475876,False,False,False,False,False,False,
447,178063,0,932,125453,0,932,True,178063,178063,0,932,False,True,True,False,H0,H0,0.010688280686736107,0.0648726224899292,0.037434469908475876,False,True,True,False,False,True,self_pair
448,61597,0,821,61597,0,821,True,61597,61597,0,821,True,True,True,False,H0,H0,0.0196218341588974,0.0196218341588974,0.037434469908475876,False,False,False,False,False,False,
449,129175,0,697,101620,1,697,True,129175,129175,0,697,False,True,True,False,H0,H0,0.0479293055832386,0.08746016770601273,0.037434469908475876,True,True,True,False,False,True,self_pair
450,109111,0,404,74753,1,404,True,109111,109111,0,404,False,True,True,False,H0,H0,0.01707574352622032,0.05323192477226257,0.037434469908475876,False,True,True,False,False,True,self_pair
451,124414,0,728,119442,0,728,True,119442,119442,0,728,True,True,True,False,H0,H0,0.014523494988679886,0.014523494988679886,0.037434469908475876,False,False,False,False,False,False,
452,62155,0,674,66492,0,674,False,62155,62155,0,674,False,False,True,False,H0,H0,0.008538317866623402,0.05718556419014931,0.037434469908475876,False,True,True,False,False,True,self_pair
453,47848,0,497,191899,0,497,True,47848,47848,0,497,False,True,True,False,H0,H0,0.016617121174931526,0.04394068941473961,0.037434469908475876,False,True,True,False,False,True,self_pair
454,187906,0,897,35495,1,897,True,187906,187906,0,897,False,True,True,False,H0,H0,0.026533663272857666,0.03818869590759277,0.037434469908475876,False,True,True,False,False,True,self_pair
455,122923,0,173,122923,0,173,False,111900,111900,0,173,False,False,True,False,H0,H0,0.02572520263493061,0.006429287604987621,0.037434469908475876,False,False,False,False,False,False,
456,70669,1,718,133710,1,718,True,70669,70669,1,718,False,False,True,False,H1,H1,0.0942251980304718,0.18092869222164154,0.037434469908475876,True,True,True,False,False,True,self_pair
457,169961,0,790,90358,0,790,True,169961,169961,0,790,False,True,True,False,H0,H0,0.019919514656066895,0.04266604036092758,0.037434469908475876,False,True,True,False,False,True,self_pair
458,18268,0,711,188586,0,711,False,21163,21163,1,98,False,False,False,True,H0,H0,0.017571918666362762,0.038763292133808136,0.037434469908475876,False,True,True,False,True,False,
459,113911,0,738,113911,0,738,False,54249,54249,0,738,False,False,True,False,H0,H0,0.1801314353942871,0.03044559434056282,0.037434469908475876,True,False,False,False,False,False,
460,166269,0,112,166337,1,112,True,166269,166269,0,112,False,False,True,False,H0,H0,0.392286092042923,0.4495014250278473,0.037434469908475876,True,True,True,False,False,True,self_pair
461,190999,0,121,167316,1,121,True,190999,190999,0,121,False,False,True,False,H0,H0,0.008459118194878101,0.07078671455383301,0.037434469908475876,False,True,True,False,False,True,self_pair
462,197474,1,241,197474,1,241,False,174459,191604,0,41,False,False,False,True,H1,H0,0.0732613205909729,0.06681334972381592,0.037434469908475876,True,True,True,False,True,False,
463,27839,0,775,27839,0,775,False,103547,103547,0,775,False,False,True,False,H0,H0,0.018257148563861847,0.011338593438267708,0.037434469908475876,False,False,False,False,False,False,
464,6432,0,1101,77755,0,1101,True,77755,77755,0,1101,True,True,True,False,H0,H0,0.009916684590280056,0.009916684590280056,0.03747309744358063,False,False,False,False,False,False,
465,4021,0,1096,3995,0,1096,True,4021,4021,0,1096,False,True,True,False,H0,H0,0.009414812549948692,0.054684948176145554,0.03747309744358063,False,True,True,False,False,True,self_pair
466,16329,0,675,140522,0,675,True,16329,16329,0,675,False,False,True,False,H0,H0,0.008423601277172565,0.10066903382539749,0.03747309744358063,False,True,True,False,False,True,self_pair
467,190964,0,954,177584,0,954,True,177584,177584,0,954,True,True,True,False,H0,H0,0.015114535577595234,0.015114535577595234,0.03747309744358063,False,False,False,False,False,False,
468,13396,0,837,13396,0,837,False,133002,133002,0,992,False,False,False,True,H0,H0,0.03331608325242996,0.010437676683068275,0.03747309744358063,False,False,False,False,False,False,
469,34303,0,697,101620,1,697,True,34303,34303,0,697,False,False,True,False,H0,H0,0.027061481028795242,0.10717576742172241,0.03747309744358063,False,True,True,False,False,True,self_pair
470,163565,0,404,74753,1,404,True,163565,83637,0,746,False,False,False,True,H0,H0,0.010345157235860825,0.04975128546357155,0.03747309744358063,False,True,True,False,True,False,
471,91952,0,725,47370,0,725,True,91952,91952,0,725,False,False,True,False,H0,H0,0.012992430478334427,0.07022659480571747,0.03747309744358063,False,True,True,False,False,True,self_pair
472,1174,1,746,138527,0,746,True,1174,19370,1,746,False,False,True,False,H0,H1,0.13482750952243805,0.889543890953064,0.03747309744358063,True,True,True,True,False,False,
473,112609,0,497,191899,0,497,True,112609,112609,0,497,False,True,True,False,H0,H0,0.011266556568443775,0.05358576029539108,0.03747309744358063,False,True,True,False,False,True,self_pair
474,8977,0,897,35495,1,897,True,8977,8977,0,897,False,True,True,False,H0,H0,0.01129854191094637,0.0567508339881897,0.03747309744358063,False,True,True,False,False,True,self_pair
475,106447,0,200,122518,1,200,True,106447,106447,0,200,False,True,True,False,H0,H0,0.00828799232840538,0.023550448939204216,0.03747309744358063,False,False,False,False,False,False,
476,59091,0,1050,59097,0,1050,False,59091,59091,0,1050,False,False,True,False,H0,H0,0.00836893729865551,0.053508538752794266,0.03747309744358063,False,True,True,False,False,True,self_pair
477,90354,1,790,90358,0,790,True,90354,53103,1,790,False,True,True,False,H0,H1,0.04716886207461357,0.4036903381347656,0.03747309744358063,True,True,True,True,False,False,
478,186838,1,656,186838,1,656,True,186838,186825,1,656,True,True,True,False,H1,H1,0.6829898357391357,0.8767257928848267,0.03747309744358063,True,True,True,True,False,False,
479,66780,0,654,199968,0,654,True,41185,41185,0,642,False,True,False,True,H0,H0,0.008075990714132786,0.00736442394554615,0.03747309744358063,False,False,False,False,False,False,
480,160076,0,820,160076,0,820,False,113095,113095,0,1042,False,False,False,True,H0,H0,0.024541327729821205,0.00665662344545126,0.03747309744358063,False,False,False,False,False,False,
481,123023,0,121,167316,1,121,True,123023,123023,0,121,False,False,True,False,H0,H0,0.008188072592020035,0.05084870755672455,0.03747309744358063,False,True,True,False,False,True,self_pair
482,132159,0,946,132273,0,946,True,132159,132159,0,946,False,True,True,False,H0,H0,0.006944078020751476,0.05699001997709274,0.037434469908475876,False,True,True,False,False,True,self_pair
483,22072,0,960,22060,1,960,True,22072,22072,0,960,False,True,True,False,H0,H0,0.021574832499027252,0.020889077335596085,0.037434469908475876,False,False,False,False,False,False,
484,35405,0,380,35407,1,380,True,35407,35407,1,380,True,True,True,False,H0,H0,0.05387667566537857,0.05387667566537857,0.037434469908475876,True,True,True,False,True,False,
485,187941,0,153,187941,0,153,False,195683,195683,0,279,False,False,False,True,H0,H0,0.01832784339785576,0.010061236098408699,0.037434469908475876,False,False,False,False,False,False,
486,87079,0,675,140522,0,675,True,87079,87079,0,675,False,True,True,False,H0,H0,0.014840332791209221,0.03566904738545418,0.037434469908475876,False,False,False,False,False,False,
487,96542,0,932,125453,0,932,True,96542,74516,1,932,False,False,True,False,H0,H0,0.007956723682582378,0.054849740117788315,0.037434469908475876,False,True,True,False,True,False,
488,26993,0,288,181110,0,288,False,26993,26993,0,288,False,False,True,False,H0,H0,0.007541168015450239,0.01653427816927433,0.037434469908475876,False,False,False,False,False,False,
489,101620,1,697,101620,1,697,True,101620,67930,1,697,True,True,True,False,H1,H1,0.6106433272361755,0.8876499533653259,0.037434469908475876,True,True,True,True,False,False,
490,61954,0,404,74753,1,404,True,61954,61954,0,404,False,True,True,False,H0,H0,0.06842327117919922,0.15767601132392883,0.037434469908475876,True,True,True,False,False,True,self_pair
491,69708,0,127,117769,0,127,False,69708,69708,0,127,False,False,True,False,H0,H0,0.014727423898875713,0.05151386559009552,0.03775348886847496,False,True,True,False,False,True,self_pair
492,12823,0,1100,12436,0,1100,False,12823,12823,0,1100,False,False,True,False,H0,H0,0.007345416117459536,0.029822949320077896,0.03775348886847496,False,False,False,False,False,False,
493,157129,0,703,105229,1,703,True,157129,157129,0,703,False,True,True,False,H0,H0,0.00708733918145299,0.02695610001683235,0.03775348886847496,False,False,False,False,False,False,
494,92970,0,897,35495,1,897,True,92970,92970,0,897,False,True,True,False,H0,H0,0.020796239376068115,0.08218394219875336,0.03775348886847496,False,True,True,False,False,True,self_pair
495,171699,0,127,117769,0,127,False,171699,171699,0,127,False,False,True,False,H0,H0,0.013058144599199295,0.03832438215613365,0.03775348886847496,False,True,True,False,False,True,self_pair
496,3754,0,467,25363,0,467,False,3754,3754,0,467,False,False,True,False,H0,H0,0.03671493008732796,0.11887166649103165,0.03775348886847496,False,True,True,False,False,True,self_pair
497,53103,1,790,90358,0,790,True,53103,90354,1,790,False,False,True,False,H0,H1,0.045252155512571335,0.4036903381347656,0.03775348886847496,True,True,True,True,False,False,
498,51636,0,656,186838,1,656,True,51636,51636,0,656,False,False,True,False,H0,H0,0.011356236413121223,0.04078100621700287,0.03775348886847496,False,True,True,False,False,True,self_pair
499,65291,1,295,78716,0,295,True,65291,64929,1,295,False,True,True,False,H0,H1,0.025761527940630913,0.6107732653617859,0.03775348886847496,False,True,True,True,False,False,
500,166050,1,112,166337,1,112,True,166050,165929,1,112,False,True,True,False,H1,H1,0.9440749287605286,0.9440749287605286,0.03775348886847496,True,True,True,True,False,False,
501,87973,0,730,73955,0,730,False,87973,87973,0,730,False,False,True,False,H0,H0,0.005558247212320566,0.0465247668325901,0.03775348886847496,False,True,True,False,False,True,self_pair
502,25868,0,908,26519,0,908,True,25868,25868,0,908,False,True,True,False,H0,H0,0.02280234359204769,0.05760319158434868,0.03775348886847496,False,True,True,False,False,True,self_pair
503,93159,0,821,61597,0,821,True,93159,93159,0,821,False,True,True,False,H0,H0,0.013118973933160305,0.05537666752934456,0.03775348886847496,False,True,True,False,False,True,self_pair
504,21781,1,781,21781,1,781,False,84335,84335,1,781,False,False,True,False,H1,H1,0.04594377800822258,0.04594377800822258,0.03775348886847496,True,True,True,True,False,False,
505,104394,0,1017,127718,0,1017,True,124294,124294,0,1012,False,False,False,True,H0,H0,0.015093035995960236,0.011145931668579578,0.03775348886847496,False,False,False,False,False,False,
506,56263,0,675,140522,0,675,True,56263,56263,0,675,False,True,True,False,H0,H0,0.017905594781041145,0.036414843052625656,0.03775348886847496,False,False,False,False,False,False,
507,146774,0,932,125453,0,932,True,146774,146774,0,932,False,True,True,False,H0,H0,0.007790378760546446,0.022316133603453636,0.03775348886847496,False,False,False,False,False,False,
508,39516,1,821,61597,0,821,True,39516,39516,1,821,False,True,True,False,H0,H1,0.011799834668636322,0.03644188493490219,0.03775348886847496,False,False,False,False,False,False,
509,67930,1,697,101620,1,697,True,67930,125170,1,697,False,True,True,False,H1,H1,0.8876499533653259,0.9021403789520264,0.03775348886847496,True,True,True,True,False,False,
510,93824,1,404,74753,1,404,True,93824,8679,1,404,False,True,True,False,H1,H1,0.7653807401657104,0.8516102433204651,0.03775348886847496,True,True,True,True,False,False,
511,138291,0,1039,4672,0,1039,False,138291,138291,0,1039,False,False,True,False,H0,H0,0.00903000682592392,0.04693201929330826,0.03775348886847496,False,True,True,False,False,True,self_pair
512,19370,1,746,138527,0,746,True,19370,1174,1,746,False,True,True,False,H0,H1,0.08341315388679504,0.889543890953064,0.03775348886847496,True,True,True,True,False,False,
513,22178,1,497,191899,0,497,True,22178,22178,1,497,False,True,True,False,H0,H1,0.014964422211050987,0.05140795186161995,0.03775348886847496,False,True,True,False,False,True,self_pair
514,157387,0,897,35495,1,897,True,157387,157387,0,897,False,False,True,False,H0,H0,0.01592913642525673,0.1045495942234993,0.03775348886847496,False,True,True,False,False,True,self_pair
515,5817,0,674,66492,0,674,False,140506,140506,0,675,False,False,False,True,H0,H0,0.007717577274888754,0.010606060735881329,0.03775348886847496,False,False,False,False,False,False,
516,79907,0,119,79907,0,119,False,193042,193042,0,119,False,False,True,False,H0,H0,0.04702768474817276,0.008959713391959667,0.03775348886847496,True,False,False,False,False,False,
517,90372,0,790,90358,0,790,True,90372,90372,0,790,False,True,True,False,H0,H0,0.005501679610460997,0.040627043694257736,0.03775348886847496,False,True,True,False,False,True,self_pair
518,154118,0,962,20517,0,962,False,31820,31820,0,960,False,False,False,True,H0,H0,0.02523478865623474,0.006562769412994385,0.03775348886847496,False,False,False,False,False,False,
519,78713,0,295,78716,0,295,True,78713,78713,0,295,False,True,True,False,H0,H0,0.012465463019907475,0.011859266087412834,0.03775348886847496,False,False,False,False,False,False,
520,154757,0,739,154757,0,739,True,154757,154757,0,739,True,True,True,False,H0,H0,0.019844260066747665,0.019844260066747665,0.03775348886847496,False,False,False,False,False,False,
521,150995,0,681,150995,0,681,True,150995,150995,0,681,True,True,True,False,H0,H0,0.03180133178830147,0.03180133178830147,0.03747309744358063,False,False,False,False,False,False,
522,87607,0,750,89384,0,750,True,87607,87607,0,750,False,True,True,False,H0,H0,0.02323807217180729,0.0886630117893219,0.03747309744358063,False,True,True,False,False,True,self_pair
523,104359,0,836,175687,0,836,False,104359,104359,0,836,False,False,True,False,H0,H0,0.011317738331854343,0.024069566279649734,0.03747309744358063,False,False,False,False,False,False,
524,107726,0,1006,179478,0,1006,False,139377,139377,0,1006,False,False,True,False,H0,H0,0.006532119121402502,0.007889427244663239,0.03747309744358063,False,False,False,False,False,False,
525,41932,0,1096,3995,0,1096,True,41932,41932,0,1096,False,True,True,False,H0,H0,0.01423268485814333,0.020269982516765594,0.03747309744358063,False,False,False,False,False,False,
526,76228,0,675,140522,0,675,True,76228,76228,0,675,False,False,True,False,H0,H0,0.006715535651892424,0.023987581953406334,0.03747309744358063,False,False,False,False,False,False,
527,125453,0,932,125453,0,932,True,125453,125453,0,932,True,True,True,False,H0,H0,0.05683773010969162,0.05683773010969162,0.03747309744358063,True,True,True,False,False,True,self_pair
528,134592,0,821,61597,0,821,True,134592,134592,0,821,False,True,True,False,H0,H0,0.00738106295466423,0.04006713256239891,0.03747309744358063,False,True,True,False,False,True,self_pair
529,125170,1,697,101620,1,697,True,125170,16173,1,697,False,True,True,False,H1,H1,0.869426965713501,0.903482973575592,0.03747309744358063,True,True,True,True,False,False,
530,46658,0,457,27700,1,457,True,66348,66348,1,299,False,False,False,True,H0,H0,0.030889756977558136,0.05616196617484093,0.03747309744358063,False,True,True,False,True,False,
531,47370,0,725,47370,0,725,True,47370,96652,1,725,True,True,True,False,H0,H0,0.03724422678351402,0.03926989436149597,0.03747309744358063,False,True,True,False,True,False,
532,190020,1,746,138527,0,746,True,190020,145932,1,746,False,True,True,False,H0,H1,0.04800470545887947,0.8542649149894714,0.03747309744358063,True,True,True,True,False,False,
533,33154,1,497,191899,0,497,True,33154,33154,1,497,False,False,True,False,H0,H1,0.009903579019010067,0.05735379457473755,0.03747309744358063,False,True,True,False,False,True,self_pair
534,143864,0,897,35495,1,897,True,143864,143864,0,897,False,False,True,False,H0,H0,0.01736637018620968,0.07076524943113327,0.03747309744358063,False,True,True,False,False,True,self_pair
535,123081,0,200,122518,1,200,True,123081,123081,0,200,False,True,True,False,H0,H0,0.014257317408919334,0.04389763996005058,0.03747309744358063,False,True,True,False,False,True,self_pair
536,18722,0,718,133710,1,718,True,18722,18722,0,718,False,True,True,False,H0,H0,0.03207303583621979,0.04062005877494812,0.03747309744358063,False,True,True,False,False,True,self_pair
537,11215,0,1008,145189,0,1008,True,145189,145189,0,1008,True,True,True,False,H0,H0,0.012705045752227306,0.012705045752227306,0.03747309744358063,False,False,False,False,False,False,
538,70702,0,656,186838,1,656,True,70702,70702,0,656,False,False,True,False,H0,H0,0.007978958077728748,0.048152122646570206,0.03747309744358063,False,True,True,False,False,True,self_pair
539,82706,0,295,78716,0,295,True,82706,82706,0,295,False,True,True,False,H0,H0,0.02266809716820717,0.06125662103295326,0.03747309744358063,False,True,True,False,False,True,self_pair
540,165929,1,112,166337,1,112,True,165929,166050,1,112,False,True,True,False,H1,H1,0.9440749287605286,0.9440749287605286,0.03747309744358063,True,True,True,True,False,False,
541,77901,1,107,77901,1,107,False,77842,77842,1,107,False,False,True,False,H1,H1,0.034013375639915466,0.034013375639915466,0.03747309744358063,False,False,False,False,False,False,
542,162940,0,860,162940,0,860,False,152119,152119,0,864,False,False,False,True,H0,H0,0.10579679906368256,0.008515831083059311,0.03747309744358063,True,False,False,False,False,False,
543,26423,0,960,22060,1,960,True,26423,26423,0,960,False,True,True,False,H0,H0,0.029123367741703987,0.023158498108386993,0.03747309744358063,False,False,False,False,False,False,
544,163762,0,367,144869,0,367,True,163762,163762,0,367,False,True,True,False,H0,H0,0.03326046094298363,0.054299697279930115,0.03747309744358063,False,True,True,False,False,True,self_pair
545,36497,1,1096,3995,0,1096,True,36497,36497,1,1096,False,False,True,False,H0,H1,0.008698949590325356,0.026451820507645607,0.03747309744358063,False,False,False,False,False,False,
546,158477,0,227,166765,0,227,True,166765,166765,0,227,True,True,True,False,H0,H0,0.020940026268363,0.020940026268363,0.03747309744358063,False,False,False,False,False,False,
547,74516,1,932,125453,0,932,True,74516,74516,1,932,False,False,True,False,H0,H1,0.015530810691416264,0.023813216015696526,0.03747309744358063,False,False,False,False,False,False,
548,74209,0,821,61597,0,821,True,74209,74209,0,821,False,True,True,False,H0,H0,0.009717048145830631,0.029922958463430405,0.03747309744358063,False,False,False,False,False,False,
549,12234,0,812,12234,0,812,False,146318,17647,1,237,False,False,False,True,H0,H0,0.12774139642715454,0.0393298901617527,0.03747309744358063,True,True,True,False,True,False,
550,74753,1,404,74753,1,404,True,74753,108263,1,404,True,True,True,False,H1,H1,0.5232978463172913,0.8414248824119568,0.03775348886847496,True,True,True,True,False,False,
551,52447,0,725,47370,0,725,True,52447,52447,0,725,False,False,True,False,H0,H0,0.006058569997549057,0.05210947245359421,0.03775348886847496,False,True,True,False,False,True,self_pair
552,118300,0,1034,142425,0,1034,False,94115,94115,0,1041,False,False,False,True,H0,H0,0.016887571662664413,0.014097439125180244,0.03775348886847496,False,False,False,False,False,False,
553,152408,1,497,191899,0,497,True,152408,152408,1,497,False,True,True,False,H0,H1,0.011326316744089127,0.06380944699048996,0.03775348886847496,False,True,True,False,False,True,self_pair
554,64504,0,1078,29127,0,1078,True,29127,29127,0,1078,True,True,True,False,H0,H0,0.005956253502517939,0.005956253502517939,0.03775348886847496,False,False,False,False,False,False,
555,122916,0,200,122518,1,200,True,122916,121392,1,200,False,True,True,False,H0,H0,0.10940913110971451,0.10940913110971451,0.03775348886847496,True,True,True,False,True,False,
556,91240,0,718,133710,1,718,True,91240,91240,0,718,False,True,True,False,H0,H0,0.014585894532501698,0.02259332872927189,0.03775348886847496,False,False,False,False,False,False,
557,121446,1,790,90358,0,790,True,121446,149985,1,790,False,True,True,False,H0,H1,0.05420657619833946,0.5795972347259521,0.03775348886847496,True,True,True,True,False,False,
558,89062,0,22,37422,1,22,False,15713,15713,0,725,False,False,False,True,H0,H0,0.013158729299902916,0.010365632362663746,0.03775348886847496,False,False,False,False,False,False,
559,5218,0,674,66492,0,674,False,5218,5218,0,674,False,False,True,False,H0,H0,0.026588324457406998,0.054769258946180344,0.037883274257183075,False,True,True,False,False,True,self_pair
560,166057,1,112,166337,1,112,True,166050,165929,1,112,False,True,True,False,H1,H1,0.9440749287605286,0.9440749287605286,0.037883274257183075,True,True,True,True,False,False,
561,138632,0,121,167316,1,121,True,138632,138632,0,121,False,False,True,False,H0,H0,0.007967555895447731,0.017573276534676552,0.037883274257183075,False,False,False,False,False,False,
562,180933,1,255,180933,1,255,True,180933,180933,1,255,True,True,True,False,H1,H1,0.022252023220062256,0.022252023220062256,0.037883274257183075,False,False,False,False,False,False,
563,128524,0,778,128524,0,778,True,128524,128524,0,778,True,True,True,False,H0,H0,0.0616769939661026,0.0616769939661026,0.037883274257183075,True,True,True,False,False,True,self_pair
564,196689,0,367,144869,0,367,True,196689,196689,0,367,False,False,True,False,H0,H0,0.006617833860218525,0.05574992299079895,0.037883274257183075,False,True,True,False,False,True,self_pair
565,81542,0,1096,3995,0,1096,True,81542,81542,0,1096,False,True,True,False,H0,H0,0.01629655249416828,0.011503707617521286,0.037883274257183075,False,False,False,False,False,False,
566,121712,0,675,140522,0,675,True,121712,121712,0,675,False,True,True,False,H0,H0,0.008451523259282112,0.06710994243621826,0.037883274257183075,False,True,True,False,False,True,self_pair
567,75031,0,932,125453,0,932,True,75031,75031,0,932,False,True,True,False,H0,H0,0.006260506343096495,0.022688424214720726,0.037883274257183075,False,False,False,False,False,False,
568,198641,0,821,61597,0,821,True,198641,198641,0,821,False,False,True,False,H0,H0,0.012197672389447689,0.08948950469493866,0.037883274257183075,False,True,True,False,False,True,self_pair
569,177496,1,697,101620,1,697,True,177496,101620,1,697,False,True,True,False,H1,H1,0.8795288801193237,0.8795288801193237,0.03775348886847496,True,True,True,True,False,False,
570,137956,0,404,74753,1,404,True,137956,137956,0,404,False,True,True,False,H0,H0,0.01453122217208147,0.16362088918685913,0.03775348886847496,False,True,True,False,False,True,self_pair
571,60603,0,725,47370,0,725,True,60603,60603,0,725,False,True,True,False,H0,H0,0.03629168123006821,0.04760414734482765,0.03775348886847496,False,True,True,False,False,True,self_pair
572,144333,1,746,138527,0,746,True,144333,145932,1,746,False,False,True,False,H0,H1,0.07665091007947922,0.8877959251403809,0.03775348886847496,True,True,True,True,False,False,
573,58337,0,497,191899,0,497,True,58337,58337,0,497,False,True,True,False,H0,H0,0.007777308113873005,0.05016785487532616,0.03775348886847496,False,True,True,False,False,True,self_pair
574,94170,0,750,89384,0,750,True,94170,94170,0,750,False,False,True,False,H0,H0,0.008238567039370537,0.05394572764635086,0.03775348886847496,False,True,True,False,False,True,self_pair
575,189471,1,74,191114,0,74,False,189711,189711,1,74,False,False,True,False,H0,H1,0.06448021531105042,0.046331096440553665,0.03775348886847496,True,True,True,True,False,False,
576,40413,0,718,133710,1,718,True,40413,40413,0,718,False,True,True,False,H0,H0,0.014745722524821758,0.029859447851777077,0.03775348886847496,False,False,False,False,False,False,
577,197062,0,790,90358,0,790,True,197062,197062,0,790,False,False,True,False,H0,H0,0.01338921394199133,0.10104675590991974,0.03775348886847496,False,True,True,False,False,True,self_pair
578,199435,0,787,186222,0,787,False,199435,199435,0,787,False,False,True,False,H0,H0,0.01983613148331642,0.04637443274259567,0.03775348886847496,False,True,True,False,False,True,self_pair
579,152801,0,1068,152801,0,1068,True,152801,152801,0,1068,True,True,True,False,H0,H0,0.028722412884235382,0.028722412884235382,0.037883274257183075,False,False,False,False,False,False,
580,166337,1,112,166337,1,112,True,166337,166050,1,112,True,True,True,False,H1,H1,0.9215868711471558,0.9440749287605286,0.037883274257183075,True,True,True,True,False,False,
581,122424,0,121,167316,1,121,True,121706,121706,0,121,False,False,True,False,H0,H0,0.0052453638054430485,0.01286465022712946,0.037883274257183075,False,False,False,False,False,False,
582,20745,0,335,20736,0,335,False,20745,20745,0,335,False,False,True,False,H0,H0,0.008241790346801281,0.022044848650693893,0.037883274257183075,False,False,False,False,False,False,
583,169664,0,927,169145,0,927,False,169234,169234,0,927,False,False,True,False,H0,H0,0.010191184468567371,0.008876597508788109,0.037883274257183075,False,False,False,False,False,False,
584,120012,0,925,158921,0,925,True,158921,158921,0,925,True,True,True,False,H0,H0,0.012387342751026154,0.012387342751026154,0.037883274257183075,False,False,False,False,False,False,
585,178023,0,1096,3995,0,1096,True,178023,178023,0,1096,False,False,True,False,H0,H0,0.00678914412856102,0.05002855136990547,0.037883274257183075,False,True,True,False,False,True,self_pair
586,140506,0,675,140522,0,675,True,140506,140506,0,675,False,True,True,False,H0,H0,0.033134184777736664,0.03287201747298241,0.037883274257183075,False,False,False,False,False,False,
587,154177,0,932,125453,0,932,True,154177,154177,0,932,False,False,True,False,H0,H0,0.008832105435431004,0.02840973064303398,0.037883274257183075,False,False,False,False,False,False,
588,192182,0,821,61597,0,821,True,192182,192182,0,821,False,True,True,False,H0,H0,0.0075530619360506535,0.062253985553979874,0.037883274257183075,False,True,True,False,False,True,self_pair
589,82952,1,697,101620,1,697,True,82952,16173,1,697,False,True,True,False,H1,H1,0.8588140606880188,0.8779188990592957,0.037883274257183075,True,True,True,True,False,False,
590,192279,0,404,74753,1,404,True,192279,93824,1,404,False,True,True,False,H0,H0,0.01540598925203085,0.04174412414431572,0.037883274257183075,False,True,True,False,True,False,
591,96652,1,725,47370,0,725,True,96652,96652,1,725,False,True,True,False,H0,H1,0.03926989436149597,0.6926308870315552,0.037883274257183075,True,True,True,False,False,True,self_pair
592,98067,1,746,138527,0,746,True,98067,145932,1,746,False,False,True,False,H0,H1,0.14296238124370575,0.8703354597091675,0.037883274257183075,True,True,True,True,False,False,
593,184376,0,497,191899,0,497,True,184376,184376,0,497,False,False,True,False,H0,H0,0.013964788988232613,0.09904372692108154,0.037883274257183075,False,True,True,False,False,True,self_pair
594,70920,0,766,151212,1,766,False,121411,121411,1,767,False,False,False,True,H0,H0,0.007963772863149643,0.006403408478945494,0.037883274257183075,False,False,False,False,False,False,
595,134964,0,200,122518,1,200,True,134964,134964,0,200,False,True,True,False,H0,H0,0.01582859456539154,0.027259521186351776,0.037883274257183075,False,False,False,False,False,False,
596,77216,0,593,76267,0,593,False,92537,92537,0,593,False,False,True,False,H0,H0,0.01749820075929165,0.01956586353480816,0.037883274257183075,False,False,False,False,False,False,
597,190169,1,591,167744,1,591,True,167744,167744,1,591,True,True,True,False,H1,H1,0.029588237404823303,0.029588237404823303,0.037883274257183075,False,False,False,False,False,False,
598,186825,1,656,186838,1,656,True,186825,186838,1,656,False,True,True,False,H1,H1,0.8767257928848267,0.8767257928848267,0.037883274257183075,True,True,True,True,False,False,
599,177662,1,578,166994,0,578,False,71625,71625,0,578,False,False,True,False,H0,H0,0.00518357427790761,0.013143190182745457,0.037883274257183075,False,False,False,False,False,False,
600,157710,0,1070,25112,0,1070,False,157710,157710,0,1070,False,False,True,False,H0,H0,0.010018336586654186,0.0315619558095932,0.037883274257183075,False,False,False,False,False,False,
601,159777,0,121,167316,1,121,True,159777,159777,0,121,False,False,True,False,H0,H0,0.005002410151064396,0.06130458787083626,0.037883274257183075,False,True,True,False,False,True,self_pair
602,1821,0,86,15994,0,86,True,15994,15994,0,86,True,True,True,False,H0,H0,0.014488293789327145,0.014488293789327145,0.037883274257183075,False,False,False,False,False,False,
603,4050,0,960,22060,1,960,True,4050,4050,0,960,False,True,True,False,H0,H0,0.02657124400138855,0.09169687330722809,0.037883274257183075,False,True,True,False,False,True,self_pair
604,193002,0,367,144869,0,367,True,193002,193002,0,367,False,True,True,False,H0,H0,0.010767071507871151,0.059722818434238434,0.037883274257183075,False,True,True,False,False,True,self_pair
605,6364,0,1096,3995,0,1096,True,6364,6364,0,1096,False,True,True,False,H0,H0,0.012318074703216553,0.034611430019140244,0.037883274257183075,False,False,False,False,False,False,
606,67722,0,1071,43720,0,1071,False,7824,7824,0,1093,False,False,False,True,H0,H0,0.011410493403673172,0.017286108806729317,0.037883274257183075,False,False,False,False,False,False,
607,176652,1,932,125453,0,932,True,176652,176652,1,932,False,True,True,False,H0,H1,0.013924156315624714,0.07197199016809464,0.037883274257183075,False,True,True,False,False,True,self_pair
608,154519,0,776,154522,0,776,True,154519,154519,0,776,False,True,True,False,H0,H0,0.0369381383061409,0.08089610934257507,0.037883274257183075,False,True,True,False,False,True,self_pair
609,102863,0,830,159419,0,830,False,186794,186794,0,810,False,False,False,True,H0,H0,0.007731926161795855,0.0069205379113554955,0.037883274257183075,False,False,False,False,False,False,
610,52363,0,198,52242,0,198,True,52363,52363,0,198,False,True,True,False,H0,H0,0.005808286834508181,0.021439071744680405,0.037883274257183075,False,False,False,False,False,False,
611,132317,0,602,127762,0,602,False,132317,132317,0,602,False,False,True,False,H0,H0,0.0250280499458313,0.03787799924612045,0.037883274257183075,False,False,False,False,False,False,
612,83637,0,746,138527,0,746,True,83637,83637,0,746,False,True,True,False,H0,H0,0.021512415260076523,0.14609892666339874,0.037883274257183075,False,True,True,False,False,True,self_pair
613,145308,0,497,191899,0,497,True,145308,145308,0,497,False,False,True,False,H0,H0,0.0063124713487923145,0.022783242166042328,0.037883274257183075,False,False,False,False,False,False,
614,140022,0,897,35495,1,897,True,140022,140022,0,897,False,True,True,False,H0,H0,0.018766053020954132,0.03919625282287598,0.037883274257183075,False,True,True,False,False,True,self_pair
615,51125,0,1069,155705,0,1069,True,6364,6364,0,1096,False,False,False,True,H0,H0,0.011013857088983059,0.005421238020062447,0.037883274257183075,False,False,False,False,False,False,
616,154752,0,1034,142425,0,1034,False,154752,154752,0,1034,False,False,True,False,H0,H0,0.007958880625665188,0.03812514990568161,0.037883274257183075,False,True,True,False,False,True,self_pair
617,176652,1,932,125453,0,932,True,176652,176652,1,932,False,True,True,False,H0,H1,0.013924156315624714,0.07197199016809464,0.037883274257183075,False,True,True,False,False,True,self_pair
618,35465,0,656,186838,1,656,True,35465,35465,0,656,False,True,True,False,H0,H0,0.005729042924940586,0.04250094294548035,0.037883274257183075,False,True,True,False,False,True,self_pair
619,78716,0,295,78716,0,295,True,78716,78716,0,295,True,True,True,False,H0,H0,0.02158515714108944,0.02158515714108944,0.037883274257183075,False,False,False,False,False,False,
620,166378,1,112,166337,1,112,True,166378,166378,1,112,False,True,True,False,H1,H1,0.9450043439865112,0.9450043439865112,0.037883274257183075,True,True,True,False,False,True,self_pair
621,197021,0,121,167316,1,121,True,197021,197021,0,121,False,True,True,False,H0,H0,0.017367133870720863,0.052116140723228455,0.037883274257183075,False,True,True,False,False,True,self_pair
622,70674,1,750,89384,0,750,True,70674,70674,1,750,False,True,True,False,H0,H1,0.09612922370433807,0.6979479193687439,0.037883274257183075,True,True,True,False,False,True,self_pair
623,22060,1,960,22060,1,960,True,22060,22967,0,960,True,True,True,False,H1,H0,0.04088061675429344,0.053067419677972794,0.037883274257183075,True,True,True,False,True,False,
624,99359,0,189,89153,0,189,False,99359,99359,0,189,False,False,True,False,H0,H0,0.023181132972240448,0.03580222651362419,0.037883274257183075,False,False,False,False,False,False,
625,99378,0,189,89153,0,189,False,99378,99378,0,189,False,False,True,False,H0,H0,0.009469566866755486,0.4500724971294403,0.037883274257183075,False,True,True,False,False,True,self_pair
626,60279,0,675,140522,0,675,True,63060,63060,0,675,False,True,True,False,H0,H0,0.04929430037736893,0.0699675902724266,0.038499027490615845,True,True,True,False,True,False,
627,128276,0,932,125453,0,932,True,128276,128276,0,932,False,False,True,False,H0,H0,0.006947528105229139,0.03930997848510742,0.038499027490615845,False,True,True,False,False,True,self_pair
628,62443,0,1005,61248,0,1005,False,158715,158715,0,1005,False,False,True,False,H0,H0,0.01545251440256834,0.025913851335644722,0.038499027490615845,False,False,False,False,False,False,
629,191850,0,697,101620,1,697,True,191850,191850,0,697,False,False,True,False,H0,H0,0.05919678509235382,0.14561831951141357,0.038499027490615845,True,True,True,False,False,True,self_pair
630,190742,0,127,117769,0,127,False,140767,140767,0,127,False,False,True,False,H0,H0,0.012419375590980053,0.013061420060694218,0.038499027490615845,False,False,False,False,False,False,
631,122583,1,725,47370,0,725,True,122583,96652,1,725,False,False,True,False,H0,H1,0.04314315691590309,0.3002608120441437,0.038499027490615845,True,True,True,True,False,False,
632,97241,1,746,138527,0,746,True,97241,98067,1,746,False,True,True,False,H0,H1,0.13482750952243805,0.739530086517334,0.038499027490615845,True,True,True,True,False,False,
633,58619,1,4,106038,1,4,True,58619,58619,1,4,False,True,True,False,H1,H1,0.10281699895858765,0.10281699895858765,0.038499027490615845,True,True,True,False,False,True,self_pair
634,89668,0,897,35495,1,897,True,89668,89668,0,897,False,True,True,False,H0,H0,0.015059029683470726,0.03697631508111954,0.038499027490615845,False,False,False,False,False,False,
635,134387,0,200,122518,1,200,True,134387,134387,0,200,False,False,True,False,H0,H0,0.011198578402400017,0.034053120762109756,0.038499027490615845,False,False,False,False,False,False,
636,149681,0,718,133710,1,718,True,149681,149681,0,718,False,True,True,False,H0,H0,0.009768269024789333,0.01420596893876791,0.038499027490615845,False,False,False,False,False,False,
637,90358,0,790,90358,0,790,True,90358,90358,0,790,True,True,True,False,H0,H0,0.07717713713645935,0.07717713713645935,0.038499027490615845,True,True,True,False,False,True,self_pair
638,104686,0,656,186838,1,656,True,104686,104686,0,656,False,True,True,False,H0,H0,0.022502508014440536,0.13608993589878082,0.038499027490615845,False,True,True,False,False,True,self_pair
639,144124,0,1094,112598,0,1094,True,114038,114038,0,1094,False,True,True,False,H0,H0,0.01301504299044609,0.030705895274877548,0.038499027490615845,False,False,False,False,False,False,
640,190301,0,1006,179478,0,1006,False,190301,190301,0,1006,False,False,True,False,H0,H0,0.023153087124228477,0.04860701784491539,0.038499027490615845,False,True,True,False,False,True,self_pair
641,197243,0,121,167316,1,121,True,197243,197243,0,121,False,False,True,False,H0,H0,0.009021038189530373,0.08130346238613129,0.038499027490615845,False,True,True,False,False,True,self_pair
642,187619,0,750,89384,0,750,True,187619,187619,0,750,False,False,True,False,H0,H0,0.0074415612034499645,0.030122311785817146,0.038499027490615845,False,False,False,False,False,False,
643,169961,0,790,90358,0,790,True,169961,169961,0,790,False,True,True,False,H0,H0,0.019919514656066895,0.04266604036092758,0.038499027490615845,False,True,True,False,False,True,self_pair
644,71442,0,367,144869,0,367,True,71442,71442,0,367,False,True,True,False,H0,H0,0.014583812095224857,0.03328543156385422,0.038499027490615845,False,False,False,False,False,False,
645,86498,0,725,47370,0,725,True,86498,86498,0,725,False,True,True,False,H0,H0,0.014281947165727615,0.03648696839809418,0.038499027490615845,False,False,False,False,False,False,
646,140522,0,675,140522,0,675,True,140522,140522,0,675,True,True,True,False,H0,H0,0.10666796565055847,0.10666796565055847,0.038499027490615845,True,True,True,False,False,True,self_pair
647,141349,1,109,141349,1,109,True,141349,141349,1,109,True,True,True,False,H1,H1,0.016230104491114616,0.016230104491114616,0.038499027490615845,False,False,False,False,False,False,
648,177913,0,821,61597,0,821,True,177913,177913,0,821,False,True,True,False,H0,H0,0.004483416676521301,0.03957494720816612,0.038499027490615845,False,True,True,False,False,True,self_pair
649,181828,0,864,99617,0,864,False,181828,181828,0,864,False,False,True,False,H0,H0,0.011991900391876698,0.016705134883522987,0.038499027490615845,False,False,False,False,False,False,
650,146140,0,404,74753,1,404,True,146140,146140,0,404,False,True,True,False,H0,H0,0.009835446253418922,0.08876525610685349,0.038499027490615845,False,True,True,False,False,True,self_pair
651,151557,0,351,151557,0,351,False,119146,86288,0,288,False,False,False,True,H0,H0,0.06675995886325836,0.03985694795846939,0.038499027490615845,True,True,True,False,True,False,
652,145932,1,746,138527,0,746,True,145932,144333,1,746,False,False,True,False,H0,H1,0.08475551009178162,0.8877959251403809,0.038499027490615845,True,True,True,True,False,False,
653,27002,0,197,27002,0,197,True,27002,27002,0,197,True,True,True,False,H0,H0,0.03615798428654671,0.03615798428654671,0.038499027490615845,False,False,False,False,False,False,
654,119943,0,897,35495,1,897,True,119943,119943,0,897,False,True,True,False,H0,H0,0.013151177205145359,0.047115508466959,0.038499027490615845,False,True,True,False,False,True,self_pair
655,121324,0,200,122518,1,200,True,121324,121324,0,200,False,True,True,False,H0,H0,0.008372175507247448,0.036256976425647736,0.038499027490615845,False,False,False,False,False,False,
656,105875,0,791,50397,0,791,True,105875,105875,0,791,False,False,True,False,H0,H0,0.01787405088543892,0.036316707730293274,0.038499027490615845,False,False,False,False,False,False,
657,169961,0,790,90358,0,790,True,169961,169961,0,790,False,True,True,False,H0,H0,0.019919514656066895,0.04266604036092758,0.038499027490615845,False,True,True,False,False,True,self_pair
658,21089,1,98,21089,1,98,False,21163,21163,1,98,False,False,True,False,H1,H1,0.06935998797416687,0.06935998797416687,0.038499027490615845,True,True,True,True,False,False,
659,69675,0,295,78716,0,295,True,69675,69675,0,295,False,True,True,False,H0,H0,0.011010153219103813,0.020072389394044876,0.038499027490615845,False,False,False,False,False,False,
660,126109,0,112,166337,1,112,True,126109,126109,0,112,False,True,True,False,H0,H0,0.017021900042891502,0.02502702735364437,0.038499027490615845,False,False,False,False,False,False,
661,138770,0,121,167316,1,121,True,138770,138770,0,121,False,False,True,False,H0,H0,0.008278382942080498,0.01794709637761116,0.038499027490615845,False,False,False,False,False,False,
662,166429,0,210,156037,0,210,True,166805,166805,0,210,False,True,True,False,H0,H0,0.015638921409845352,0.010083477944135666,0.038499027490615845,False,False,False,False,False,False,
663,28105,0,960,22060,1,960,True,28105,28105,0,960,False,True,True,False,H0,H0,0.01782335340976715,0.1273931860923767,0.038499027490615845,False,True,True,False,False,True,self_pair
664,102897,1,182,102897,1,182,True,102897,141642,0,39,True,True,False,True,H1,H0,0.03365889564156532,0.06585143506526947,0.038499027490615845,False,True,True,False,True,False,
665,47546,0,625,156105,0,625,True,45062,45062,0,625,False,True,True,False,H0,H0,0.01479416899383068,0.010627733543515205,0.038499027490615845,False,False,False,False,False,False,
666,64846,0,675,140522,0,675,True,64846,64846,0,675,False,True,True,False,H0,H0,0.014157097786664963,0.01979488506913185,0.038499027490615845,False,False,False,False,False,False,
667,164726,0,498,164726,0,498,True,164726,164726,0,498,True,True,True,False,H0,H0,0.028577035292983055,0.028577035292983055,0.038499027490615845,False,False,False,False,False,False,
668,72302,0,821,61597,0,821,True,72302,72302,0,821,False,True,True,False,H0,H0,0.008717382326722145,0.06990848481655121,0.038499027490615845,False,True,True,False,False,True,self_pair
669,165213,0,537,123174,0,537,True,165213,165213,0,537,False,True,True,False,H0,H0,0.006661534309387207,0.04586471989750862,0.038499027490615845,False,True,True,False,False,True,self_pair
670,169863,0,404,74753,1,404,True,169863,169863,0,404,False,True,True,False,H0,H0,0.014531844295561314,0.046631332486867905,0.038499027490615845,False,True,True,False,False,True,self_pair
671,177706,0,551,199231,0,551,False,177706,177706,0,551,False,False,True,False,H0,H0,0.01247643306851387,0.012649241834878922,0.038499027490615845,False,False,False,False,False,False,
672,77327,0,295,78716,0,295,True,77327,77327,0,295,False,True,True,False,H0,H0,0.03133097290992737,0.09788725525140762,0.038499027490615845,False,True,True,False,False,True,self_pair
673,44159,0,958,11947,0,958,False,44159,44159,0,958,False,False,True,False,H0,H0,0.010186788626015186,0.12742097675800323,0.038499027490615845,False,True,True,False,False,True,self_pair
674,101623,0,897,35495,1,897,True,101623,177496,1,697,False,False,False,True,H0,H0,0.007948823273181915,0.14842212200164795,0.038499027490615845,False,True,True,False,True,False,
675,151967,0,121,167316,1,121,True,151967,151967,0,121,False,True,True,False,H0,H0,0.00970575399696827,0.1329876184463501,0.038499027490615845,False,True,True,False,False,True,self_pair
676,85096,0,758,60104,0,758,True,60104,60104,0,758,True,True,True,False,H0,H0,0.01660500094294548,0.01660500094294548,0.038499027490615845,False,False,False,False,False,False,
677,125046,0,127,117769,0,127,False,125048,125048,0,127,False,False,True,False,H0,H0,0.00964677706360817,0.01645534485578537,0.038499027490615845,False,False,False,False,False,False,
678,186838,1,656,186838,1,656,True,186838,186825,1,656,True,True,True,False,H1,H1,0.6829898357391357,0.8767257928848267,0.038499027490615845,True,True,True,True,False,False,
679,198041,0,972,198041,0,972,True,198041,198041,0,972,True,True,True,False,H0,H0,0.03079979307949543,0.03079979307949543,0.038499027490615845,False,False,False,False,False,False,
680,18299,0,190,55811,1,190,True,18648,18648,0,190,False,True,True,False,H0,H0,0.020815590396523476,0.04111255705356598,0.038499027490615845,False,True,True,False,True,False,
681,141240,0,121,167316,1,121,True,141341,141341,0,121,False,False,True,False,H0,H0,0.02201855182647705,0.010266436263918877,0.03891865164041519,False,False,False,False,False,False,
682,123534,0,750,89384,0,750,True,123534,123534,0,750,False,True,True,False,H0,H0,0.011339978314936161,0.09914808720350266,0.03891865164041519,False,True,True,False,False,True,self_pair
683,22967,0,960,22060,1,960,True,22967,22967,0,960,False,True,True,False,H0,H0,0.053067419677972794,0.05991959571838379,0.03891865164041519,True,True,True,False,False,True,self_pair
684,123370,0,130,123370,0,130,False,197553,197553,0,121,False,False,False,True,H0,H0,0.1275370866060257,0.007361141499131918,0.03891865164041519,True,False,False,False,False,False,
685,181656,0,1096,3995,0,1096,True,181656,181656,0,1096,False,False,True,False,H0,H0,0.02098039537668228,0.026834597811102867,0.03891865164041519,False,False,False,False,False,False,
686,79073,0,753,79073,0,753,False,9403,9403,0,766,False,False,False,True,H0,H0,0.015402017161250114,0.005198471713811159,0.03891865164041519,False,False,False,False,False,False,
687,46979,1,103,112660,1,103,True,46979,46979,1,103,False,True,True,False,H1,H1,0.06073727086186409,0.06073727086186409,0.03891865164041519,True,True,True,False,False,True,self_pair
688,187210,0,821,61597,0,821,True,187210,187210,0,821,False,True,True,False,H0,H0,0.009688778780400753,0.05104208365082741,0.03891865164041519,False,True,True,False,False,True,self_pair
689,113938,0,697,101620,1,697,True,113938,113938,0,697,False,True,True,False,H0,H0,0.02275059185922146,0.09336727857589722,0.03891865164041519,False,True,True,False,False,True,self_pair
690,188305,0,404,74753,1,404,True,188305,188305,0,404,False,True,True,False,H0,H0,0.01579650677740574,0.03697321563959122,0.03891865164041519,False,False,False,False,False,False,
691,69499,0,725,47370,0,725,True,69499,69499,0,725,False,True,True,False,H0,H0,0.015449627302587032,0.016930287703871727,0.03891865164041519,False,False,False,False,False,False,
692,23168,0,746,138527,0,746,True,23168,23168,0,746,False,True,True,False,H0,H0,0.007065477780997753,0.05649270489811897,0.03891865164041519,False,True,True,False,False,True,self_pair
693,47848,0,497,191899,0,497,True,47848,47848,0,497,False,True,True,False,H0,H0,0.016617121174931526,0.04394068941473961,0.03891865164041519,False,True,True,False,False,True,self_pair
694,56619,0,127,117769,0,127,False,56619,56619,0,127,False,False,True,False,H0,H0,0.005976473446935415,0.011222681030631065,0.03891865164041519,False,False,False,False,False,False,
695,52699,0,334,128127,0,334,False,153495,153495,0,284,False,False,False,True,H0,H0,0.016521945595741272,0.01789228245615959,0.03891865164041519,False,False,False,False,False,False,
696,93645,0,718,133710,1,718,True,93645,93645,0,718,False,False,True,False,H0,H0,0.03315477818250656,0.022913949564099312,0.03891865164041519,False,False,False,False,False,False,
697,53103,1,790,90358,0,790,True,53103,90354,1,790,False,False,True,False,H0,H1,0.045252155512571335,0.4036903381347656,0.03891865164041519,True,True,True,True,False,False,
698,117729,0,127,117769,0,127,False,118612,118612,0,127,False,False,True,False,H0,H0,0.006401834078133106,0.03427473455667496,0.03891865164041519,False,False,False,False,False,False,
699,65291,1,295,78716,0,295,True,65291,64929,1,295,False,True,True,False,H0,H1,0.025761527940630913,0.6107732653617859,0.03891865164041519,False,True,True,True,False,False,
700,166303,1,112,166337,1,112,True,166303,166303,1,112,False,True,True,False,H1,H1,0.9387437701225281,0.9440749287605286,0.03891865164041519,True,True,True,False,False,True,self_pair
701,152241,0,121,167316,1,121,True,152241,152241,0,121,False,False,True,False,H0,H0,0.011196899227797985,0.04477474093437195,0.03891865164041519,False,True,True,False,False,True,self_pair
702,106148,0,1059,58005,1,1059,False,106148,106148,0,1059,False,False,True,False,H0,H0,0.011764287017285824,0.07569681107997894,0.03891865164041519,False,True,True,False,False,True,self_pair
703,40662,0,960,22060,1,960,True,40662,40662,0,960,False,True,True,False,H0,H0,0.025617223232984543,0.02989620715379715,0.03891865164041519,False,False,False,False,False,False,
704,165395,1,367,144869,0,367,True,165395,193163,1,367,False,True,True,False,H0,H1,0.03901207447052002,0.4572022557258606,0.03891865164041519,True,True,True,True,False,False,
705,56986,0,1096,3995,0,1096,True,56986,56986,0,1096,False,True,True,False,H0,H0,0.013452603481709957,0.14243844151496887,0.03891865164041519,False,True,True,False,False,True,self_pair
706,40085,0,540,117141,0,540,True,174377,174377,0,1024,False,True,False,True,H0,H0,0.013809014111757278,0.010771476663649082,0.03891865164041519,False,False,False,False,False,False,
707,58957,0,334,128127,0,334,False,58957,58957,0,334,False,False,True,False,H0,H0,0.01330468151718378,0.050515368580818176,0.03891865164041519,False,True,True,False,False,True,self_pair
708,40595,1,821,61597,0,821,True,40595,40595,1,821,False,True,True,False,H0,H1,0.016076507046818733,0.047327954322099686,0.03891865164041519,False,True,True,False,False,True,self_pair
709,90745,0,911,15243,0,911,False,90745,90745,0,911,False,False,True,False,H0,H0,0.007325916551053524,0.03402971848845482,0.038499027490615845,False,False,False,False,False,False,
710,79185,0,800,79185,0,800,False,185708,185708,0,691,False,False,False,True,H0,H0,0.1037023663520813,0.022017909213900566,0.038499027490615845,True,False,False,False,False,False,
711,38600,0,1026,38600,0,1026,False,41637,41637,0,1026,False,False,True,False,H0,H0,0.0263788141310215,0.02940109372138977,0.038499027490615845,False,False,False,False,False,False,
712,1174,1,746,138527,0,746,True,1174,19370,1,746,False,False,True,False,H0,H1,0.13482750952243805,0.889543890953064,0.038499027490615845,True,True,True,True,False,False,
713,112609,0,497,191899,0,497,True,112609,112609,0,497,False,True,True,False,H0,H0,0.011266556568443775,0.05358576029539108,0.038499027490615845,False,True,True,False,False,True,self_pair
714,8977,0,897,35495,1,897,True,8977,8977,0,897,False,True,True,False,H0,H0,0.01129854191094637,0.0567508339881897,0.038499027490615845,False,True,True,False,False,True,self_pair
715,106447,0,200,122518,1,200,True,106447,106447,0,200,False,True,True,False,H0,H0,0.00828799232840538,0.023550448939204216,0.038499027490615845,False,False,False,False,False,False,
716,148800,0,718,133710,1,718,True,148800,148800,0,718,False,True,True,False,H0,H0,0.02327090874314308,0.14737370610237122,0.038499027490615845,False,True,True,False,False,True,self_pair
717,20855,1,712,20855,1,712,True,20855,20855,1,712,True,True,True,False,H1,H1,0.11757078766822815,0.11757078766822815,0.038499027490615845,True,True,True,False,False,True,self_pair
718,95510,0,656,186838,1,656,True,95510,95510,0,656,False,False,True,False,H0,H0,0.01848439872264862,0.03502979874610901,0.038499027490615845,False,False,False,False,False,False,
719,146140,0,404,74753,1,404,True,146140,146140,0,404,False,True,True,False,H0,H0,0.009835446253418922,0.08876525610685349,0.038499027490615845,False,True,True,False,False,True,self_pair
720,165929,1,112,166337,1,112,True,165929,166050,1,112,False,True,True,False,H1,H1,0.9440749287605286,0.9440749287605286,0.038499027490615845,True,True,True,True,False,False,
721,178159,0,121,167316,1,121,True,178159,178159,0,121,False,False,True,False,H0,H0,0.00904854480177164,0.13014866411685944,0.038499027490615845,False,True,True,False,False,True,self_pair
722,23538,0,750,89384,0,750,True,23538,23538,0,750,False,True,True,False,H0,H0,0.011556155979633331,0.04422695189714432,0.038499027490615845,False,True,True,False,False,True,self_pair
723,19186,0,960,22060,1,960,True,19186,19186,0,960,False,True,True,False,H0,H0,0.01594984531402588,0.028715401887893677,0.038499027490615845,False,False,False,False,False,False,
724,193163,1,367,144869,0,367,True,193163,165395,1,367,False,True,True,False,H0,H1,0.029554862529039383,0.4572022557258606,0.038499027490615845,False,True,True,True,False,False,
725,178892,0,121,167316,1,121,True,178892,178892,0,121,False,False,True,False,H0,H0,0.007362117059528828,0.035149551928043365,0.038499027490615845,False,False,False,False,False,False,
726,50397,0,791,50397,0,791,True,50397,50397,0,791,True,True,True,False,H0,H0,0.06815209239721298,0.06815209239721298,0.038499027490615845,True,True,True,False,False,True,self_pair
727,82969,0,932,125453,0,932,True,82969,82969,0,932,False,True,True,False,H0,H0,0.0054441834799945354,0.019711120054125786,0.038499027490615845,False,False,False,False,False,False,
728,127640,0,597,125437,0,597,False,127640,127640,0,597,False,False,True,False,H0,H0,0.011832445859909058,0.014898662455379963,0.038499027490615845,False,False,False,False,False,False,
729,80749,0,732,80749,0,732,False,72457,72457,0,732,False,False,True,False,H0,H0,0.24607978761196136,0.00826883316040039,0.038499027490615845,True,False,False,False,False,False,
730,163565,0,404,74753,1,404,True,163565,83637,0,746,False,False,False,True,H0,H0,0.010345157235860825,0.04975128546357155,0.038499027490615845,False,True,True,False,True,False,
731,91952,0,725,47370,0,725,True,91952,91952,0,725,False,False,True,False,H0,H0,0.012992430478334427,0.07022659480571747,0.038499027490615845,False,True,True,False,False,True,self_pair
732,28206,0,586,28206,0,586,False,34530,34530,0,922,False,False,False,True,H0,H0,0.01978890411555767,0.0064019132405519485,0.038499027490615845,False,False,False,False,False,False,
733,47721,0,497,191899,0,497,True,47721,47721,0,497,False,True,True,False,H0,H0,0.011500280350446701,0.0218308437615633,0.038499027490615845,False,False,False,False,False,False,
734,92970,0,897,35495,1,897,True,92970,92970,0,897,False,True,True,False,H0,H0,0.020796239376068115,0.08218394219875336,0.038499027490615845,False,True,True,False,False,True,self_pair
735,171575,0,200,122518,1,200,True,171575,171575,0,200,False,True,True,False,H0,H0,0.007466061972081661,0.0727967619895935,0.038499027490615845,False,True,True,False,False,True,self_pair
736,37198,1,718,133710,1,718,True,37198,133710,1,718,False,True,True,False,H1,H1,0.5257763862609863,0.5257763862609863,0.038499027490615845,True,True,True,True,False,False,
737,68245,0,790,90358,0,790,True,68245,68245,0,790,False,False,True,False,H0,H0,0.014624257571995258,0.07471251487731934,0.038499027490615845,False,True,True,False,False,True,self_pair
738,70702,0,656,186838,1,656,True,70702,70702,0,656,False,False,True,False,H0,H0,0.007978958077728748,0.048152122646570206,0.038499027490615845,False,True,True,False,False,True,self_pair
739,82706,0,295,78716,0,295,True,82706,82706,0,295,False,True,True,False,H0,H0,0.02266809716820717,0.06125662103295326,0.038499027490615845,False,True,True,False,False,True,self_pair
740,166057,1,112,166337,1,112,True,166050,165929,1,112,False,True,True,False,H1,H1,0.9440749287605286,0.9440749287605286,0.038499027490615845,True,True,True,True,False,False,
741,80477,0,954,177584,0,954,True,43756,43756,0,954,False,True,True,False,H0,H0,0.022579217329621315,0.031189247965812683,0.038499027490615845,False,False,False,False,False,False,
742,127309,0,750,89384,0,750,True,127309,127309,0,750,False,False,True,False,H0,H0,0.011238597333431244,0.01631063222885132,0.038499027490615845,False,False,False,False,False,False,
743,22062,0,960,22060,1,960,True,22062,22062,0,960,False,False,True,False,H0,H0,0.008858191780745983,0.021748246625065804,0.038499027490615845,False,False,False,False,False,False,
744,36019,0,1026,38600,0,1026,True,38600,38600,0,1026,True,True,True,False,H0,H0,0.007366034667938948,0.007366034667938948,0.038499027490615845,False,False,False,False,False,False,
745,39319,1,93,39296,1,93,False,39319,39255,1,93,False,False,True,False,H1,H1,0.05414606258273125,0.05414606258273125,0.038499027490615845,True,True,True,True,False,False,
746,146481,0,675,140522,0,675,True,146481,146481,0,675,False,False,True,False,H0,H0,0.01142251119017601,0.048297010362148285,0.038499027490615845,False,True,True,False,False,True,self_pair
747,178063,0,932,125453,0,932,True,178063,178063,0,932,False,True,True,False,H0,H0,0.010688280686736107,0.0648726224899292,0.038499027490615845,False,True,True,False,False,True,self_pair
748,61597,0,821,61597,0,821,True,61597,61597,0,821,True,True,True,False,H0,H0,0.0196218341588974,0.0196218341588974,0.038499027490615845,False,False,False,False,False,False,
749,34303,0,697,101620,1,697,True,34303,34303,0,697,False,False,True,False,H0,H0,0.027061481028795242,0.10717576742172241,0.038499027490615845,False,True,True,False,False,True,self_pair
750,61954,0,404,74753,1,404,True,61954,61954,0,404,False,True,True,False,H0,H0,0.06842327117919922,0.15767601132392883,0.038499027490615845,True,True,True,False,False,True,self_pair
751,7928,0,725,47370,0,725,True,7928,7928,0,725,False,True,True,False,H0,H0,0.00865479651838541,0.07698897272348404,0.038499027490615845,False,True,True,False,False,True,self_pair
752,19370,1,746,138527,0,746,True,19370,1174,1,746,False,True,True,False,H0,H1,0.08341315388679504,0.889543890953064,0.038499027490615845,True,True,True,True,False,False,
753,22178,1,497,191899,0,497,True,22178,22178,1,497,False,True,True,False,H0,H1,0.014964422211050987,0.05140795186161995,0.038499027490615845,False,True,True,False,False,True,self_pair
754,148933,0,119,79907,0,119,True,88112,88112,0,119,False,True,True,False,H0,H0,0.025060364976525307,0.019089635461568832,0.038499027490615845,False,False,False,False,False,False,
755,157235,0,647,147511,0,647,True,157235,157235,0,647,False,True,True,False,H0,H0,0.04312291741371155,0.359343558549881,0.038499027490615845,True,True,True,False,False,True,self_pair
756,18722,0,718,133710,1,718,True,18722,18722,0,718,False,True,True,False,H0,H0,0.03207303583621979,0.04062005877494812,0.03891865164041519,False,True,True,False,False,True,self_pair
757,102191,0,834,159607,0,834,False,46918,46918,0,320,False,False,False,True,H0,H0,0.010100689716637135,0.011620478704571724,0.03891865164041519,False,False,False,False,False,False,
758,173913,0,666,194186,0,666,False,173913,173913,0,666,False,False,True,False,H0,H0,0.010086571797728539,0.07508841156959534,0.03891865164041519,False,True,True,False,False,True,self_pair
759,43497,0,1005,61248,0,1005,False,59269,59269,0,1005,False,False,True,False,H0,H0,0.016136761754751205,0.01558973453938961,0.03891865164041519,False,False,False,False,False,False,
760,166337,1,112,166337,1,112,True,166337,166050,1,112,True,True,True,False,H1,H1,0.9215868711471558,0.9440749287605286,0.03891865164041519,True,True,True,True,False,False,
761,190968,1,121,167316,1,121,True,190968,190968,1,121,False,True,True,False,H1,H1,0.013872947543859482,0.034125979989767075,0.03891865164041519,False,False,False,False,False,False,
762,171273,0,713,165733,0,713,True,174636,174636,0,713,False,True,True,False,H0,H0,0.010297583416104317,0.014461771585047245,0.03891865164041519,False,False,False,False,False,False,
763,23039,0,960,22060,1,960,True,23039,23039,0,960,False,False,True,False,H0,H0,0.017642371356487274,0.03457975387573242,0.03891865164041519,False,False,False,False,False,False,
764,186486,1,367,144869,0,367,True,186486,165395,1,367,False,True,True,False,H0,H1,0.039235521107912064,0.34383565187454224,0.03891865164041519,True,True,True,True,False,False,
765,112598,0,1094,112598,0,1094,True,112598,112598,0,1094,True,True,True,False,H0,H0,0.018274351954460144,0.018274351954460144,0.03891865164041519,False,False,False,False,False,False,
766,63060,0,675,140522,0,675,True,63060,63060,0,675,False,True,True,False,H0,H0,0.04929430037736893,0.0699675902724266,0.038499027490615845,True,True,True,False,False,True,self_pair
767,1054,0,466,169925,0,466,False,1554,1554,0,466,False,False,True,False,H0,H0,0.01616654172539711,0.01406779233366251,0.038499027490615845,False,False,False,False,False,False,
768,186498,0,821,61597,0,821,True,186498,186498,0,821,False,True,True,False,H0,H0,0.009048134088516235,0.02036609873175621,0.038499027490615845,False,False,False,False,False,False,
769,44717,1,784,44717,1,784,True,44717,44717,1,784,True,True,True,False,H1,H1,0.020809968933463097,0.020809968933463097,0.038499027490615845,False,False,False,False,False,False,
770,93824,1,404,74753,1,404,True,93824,8679,1,404,False,True,True,False,H1,H1,0.7653807401657104,0.8516102433204651,0.038499027490615845,True,True,True,True,False,False,
771,15713,0,725,47370,0,725,True,15713,15713,0,725,False,True,True,False,H0,H0,0.012032333761453629,0.09576807171106339,0.038499027490615845,False,True,True,False,False,True,self_pair
772,143052,0,869,143052,0,869,False,143136,143136,0,869,False,False,True,False,H0,H0,0.033364709466695786,0.026989534497261047,0.038499027490615845,False,False,False,False,False,False,
773,74890,0,211,183012,0,211,True,74890,74890,0,211,False,True,True,False,H0,H0,0.01209297776222229,0.04930831491947174,0.038499027490615845,False,True,True,False,False,True,self_pair
774,143864,0,897,35495,1,897,True,143864,143864,0,897,False,False,True,False,H0,H0,0.01736637018620968,0.07076524943113327,0.038499027490615845,False,True,True,False,False,True,self_pair
775,149873,0,857,149383,0,857,False,134634,134634,0,857,False,False,True,False,H0,H0,0.02916543371975422,0.013491528108716011,0.038499027490615845,False,False,False,False,False,False,
776,91240,0,718,133710,1,718,True,91240,91240,0,718,False,True,True,False,H0,H0,0.014585894532501698,0.02259332872927189,0.038499027490615845,False,False,False,False,False,False,
777,150714,0,1066,91946,0,1066,True,148656,148656,0,1066,False,False,True,False,H0,H0,0.007935095578432083,0.007531649433076382,0.038499027490615845,False,False,False,False,False,False,
778,189069,0,656,186838,1,656,True,189069,189069,0,656,False,False,True,False,H0,H0,0.008531967177987099,0.03005608730018139,0.038499027490615845,False,False,False,False,False,False,
779,52447,0,725,47370,0,725,True,52447,52447,0,725,False,False,True,False,H0,H0,0.006058569997549057,0.05210947245359421,0.038499027490615845,False,True,True,False,False,True,self_pair
780,166377,1,112,166337,1,112,True,166378,166378,1,112,False,True,True,False,H1,H1,0.9450043439865112,0.9450043439865112,0.038499027490615845,True,True,True,True,False,False,
781,168454,0,121,167316,1,121,True,197553,197553,0,121,False,False,True,False,H0,H0,0.011307920329272747,0.013979609124362469,0.038499027490615845,False,False,False,False,False,False,
782,170683,0,750,89384,0,750,True,170683,170683,0,750,False,False,True,False,H0,H0,0.025936447083950043,0.03715772181749344,0.038499027490615845,False,False,False,False,False,False,
783,4361,1,960,22060,1,960,True,4361,22060,1,960,False,True,True,False,H1,H1,0.28591597080230713,0.28591597080230713,0.038499027490615845,True,True,True,True,False,False,
784,197681,0,367,144869,0,367,True,197681,197681,0,367,False,True,True,False,H0,H0,0.016843199729919434,0.15554837882518768,0.038499027490615845,False,True,True,False,False,True,self_pair
785,54676,0,161,54676,0,161,True,54676,54676,0,161,True,True,True,False,H0,H0,0.050195083022117615,0.050195083022117615,0.038499027490615845,True,True,True,False,False,True,self_pair
786,16329,0,675,140522,0,675,True,16329,16329,0,675,False,False,True,False,H0,H0,0.008423601277172565,0.10066903382539749,0.038499027490615845,False,True,True,False,False,True,self_pair
787,187108,0,632,181198,0,632,True,181198,181198,0,632,True,True,True,False,H0,H0,0.02043606899678707,0.02043606899678707,0.038499027490615845,False,False,False,False,False,False,
788,68644,1,539,63545,0,539,False,63579,63579,0,539,False,False,True,False,H0,H0,0.018942372873425484,0.007741184439510107,0.038499027490615845,False,False,False,False,False,False,
789,67930,1,697,101620,1,697,True,67930,125170,1,697,False,True,True,False,H1,H1,0.8876499533653259,0.9021403789520264,0.038499027490615845,True,True,True,True,False,False,
790,108263,1,404,74753,1,404,True,108263,74753,1,404,False,True,True,False,H1,H1,0.8414248824119568,0.8414248824119568,0.038499027490615845,True,True,True,True,False,False,
791,48870,1,64,48870,1,64,False,70289,70289,1,861,False,False,False,True,H1,H0,0.016471009701490402,0.008868735283613205,0.038499027490615845,False,False,False,False,False,False,
792,124545,0,746,138527,0,746,True,124545,124545,0,746,False,False,True,False,H0,H0,0.036549538373947144,0.07110929489135742,0.038499027490615845,False,True,True,False,False,True,self_pair
793,152408,1,497,191899,0,497,True,152408,152408,1,497,False,True,True,False,H0,H1,0.011326316744089127,0.06380944699048996,0.038499027490615845,False,True,True,False,False,True,self_pair
794,148532,0,897,35495,1,897,True,148532,148532,0,897,False,False,True,False,H0,H0,0.015936164185404778,0.029144462198019028,0.038499027490615845,False,False,False,False,False,False,
795,122916,0,200,122518,1,200,True,122916,121392,1,200,False,True,True,False,H0,H0,0.10940913110971451,0.10940913110971451,0.038499027490615845,True,True,True,False,True,False,
796,40413,0,718,133710,1,718,True,40413,40413,0,718,False,True,True,False,H0,H0,0.014745722524821758,0.029859447851777077,0.038499027490615845,False,False,False,False,False,False,
797,149985,1,790,90358,0,790,True,149985,121446,1,790,False,True,True,False,H0,H1,0.03624100983142853,0.5795972347259521,0.038499027490615845,False,True,True,True,False,False,
798,186825,1,656,186838,1,656,True,186825,186838,1,656,False,True,True,False,H1,H1,0.8767257928848267,0.8767257928848267,0.038499027490615845,True,True,True,True,False,False,
799,83226,0,295,78716,0,295,True,83226,83226,0,295,False,True,True,False,H0,H0,0.009930462576448917,0.267823189496994,0.038499027490615845,False,True,True,False,False,True,self_pair
800,166378,1,112,166337,1,112,True,166378,166378,1,112,False,True,True,False,H1,H1,0.9450043439865112,0.9450043439865112,0.038499027490615845,True,True,True,False,False,True,self_pair
801,157751,0,121,167316,1,121,True,157751,157751,0,121,False,False,True,False,H0,H0,0.006409597583115101,0.4172188937664032,0.038499027490615845,False,True,True,False,False,True,self_pair
802,189689,0,895,161914,0,895,False,189792,189792,0,895,False,False,True,False,H0,H0,0.018201123923063278,0.021956931799650192,0.038499027490615845,False,False,False,False,False,False,
803,157652,0,854,74562,0,854,True,157652,157652,0,854,False,True,True,False,H0,H0,0.00681936414912343,0.04596718028187752,0.038499027490615845,False,True,True,False,False,True,self_pair
804,47206,1,304,47206,1,304,False,126644,126644,1,304,False,False,True,False,H1,H1,0.0823240727186203,0.0823240727186203,0.038499027490615845,True,True,True,True,False,False,
805,6631,0,1096,3995,0,1096,True,6631,6631,0,1096,False,False,True,False,H0,H0,0.005677198059856892,0.015502060763537884,0.038499027490615845,False,False,False,False,False,False,
806,87079,0,675,140522,0,675,True,87079,87079,0,675,False,True,True,False,H0,H0,0.014840332791209221,0.03566904738545418,0.03891865164041519,False,False,False,False,False,False,
807,40045,0,971,145891,0,971,False,33551,33551,0,971,False,False,True,False,H0,H0,0.013870527036488056,0.014042030088603497,0.03891865164041519,False,False,False,False,False,False,
808,39516,1,821,61597,0,821,True,39516,39516,1,821,False,True,True,False,H0,H1,0.011799834668636322,0.03644188493490219,0.03891865164041519,False,False,False,False,False,False,
809,125170,1,697,101620,1,697,True,125170,16173,1,697,False,True,True,False,H1,H1,0.869426965713501,0.903482973575592,0.03891865164041519,True,True,True,True,False,False,
810,74753,1,404,74753,1,404,True,74753,108263,1,404,True,True,True,False,H1,H1,0.5232978463172913,0.8414248824119568,0.03891865164041519,True,True,True,True,False,False,
811,52447,0,725,47370,0,725,True,52447,52447,0,725,False,False,True,False,H0,H0,0.006058569997549057,0.05210947245359421,0.03891865164041519,False,True,True,False,False,True,self_pair
812,13107,0,743,13107,0,743,True,13107,13107,0,743,True,True,True,False,H0,H0,0.052697617560625076,0.052697617560625076,0.03891865164041519,True,True,True,False,False,True,self_pair
813,79150,0,780,82737,0,780,False,79150,79150,0,780,False,False,True,False,H0,H0,0.00799630768597126,0.06073450297117233,0.03891865164041519,False,True,True,False,False,True,self_pair
814,23486,1,897,35495,1,897,True,23486,35495,1,897,False,True,True,False,H1,H1,0.7450000047683716,0.7450000047683716,0.03891865164041519,True,True,True,True,False,False,
815,121392,1,200,122518,1,200,True,121392,121392,1,200,False,True,True,False,H1,H1,0.43830376863479614,0.43830376863479614,0.03891865164041519,True,True,True,False,False,True,self_pair
816,123102,0,1006,179478,0,1006,False,179308,179308,0,1006,False,False,True,False,H0,H0,0.02137105166912079,0.021853825077414513,0.03891865164041519,False,False,False,False,False,False,
817,98773,0,790,90358,0,790,True,98773,98773,0,790,False,True,True,False,H0,H0,0.017535194754600525,0.08103382587432861,0.03891865164041519,False,True,True,False,False,True,self_pair
818,35465,0,656,186838,1,656,True,35465,35465,0,656,False,True,True,False,H0,H0,0.005729042924940586,0.04250094294548035,0.03891865164041519,False,True,True,False,False,True,self_pair
819,78716,0,295,78716,0,295,True,78716,78716,0,295,True,True,True,False,H0,H0,0.02158515714108944,0.02158515714108944,0.03891865164041519,False,False,False,False,False,False,
820,166269,0,112,166337,1,112,True,166269,166269,0,112,False,False,True,False,H0,H0,0.392286092042923,0.4495014250278473,0.03891865164041519,True,True,True,False,False,True,self_pair
821,35530,1,833,35530,1,833,True,35522,35522,1,833,False,True,True,False,H1,H1,0.06402818858623505,0.06402818858623505,0.03891865164041519,True,True,True,True,False,False,
822,45204,0,1100,12436,0,1100,False,37752,37752,0,1100,False,False,True,False,H0,H0,0.0069318730384111404,0.01379703264683485,0.03891865164041519,False,False,False,False,False,False,
823,22965,0,960,22060,1,960,True,22965,22965,0,960,False,False,True,False,H0,H0,0.0126769645139575,0.014881708659231663,0.03891865164041519,False,False,False,False,False,False,
824,120156,0,1072,94214,1,1072,True,120119,120119,0,1072,False,False,True,False,H0,H0,0.018886474892497063,0.025843992829322815,0.03891865164041519,False,False,False,False,False,False,
825,110127,0,610,724,1,610,False,162860,162860,0,610,False,False,True,False,H0,H0,0.01429604459553957,0.008062846027314663,0.03891865164041519,False,False,False,False,False,False,
826,56263,0,675,140522,0,675,True,56263,56263,0,675,False,True,True,False,H0,H0,0.017905594781041145,0.036414843052625656,0.03891865164041519,False,False,False,False,False,False,
827,69042,0,942,101543,0,942,False,48951,48951,0,942,False,False,True,False,H0,H0,0.01925242878496647,0.010180896148085594,0.03891865164041519,False,False,False,False,False,False,
828,84815,0,475,91249,0,475,True,91249,91249,0,475,True,True,True,False,H0,H0,0.02676546946167946,0.02676546946167946,0.03891865164041519,False,False,False,False,False,False,
829,16173,1,697,101620,1,697,True,16173,82952,1,697,False,True,True,False,H1,H1,0.8009399175643921,0.8779188990592957,0.03891865164041519,True,True,True,True,False,False,
830,123023,0,121,167316,1,121,True,123023,123023,0,121,False,False,True,False,H0,H0,0.008188072592020035,0.05084870755672455,0.03891865164041519,False,True,True,False,False,True,self_pair
831,118667,0,633,65781,0,633,False,48799,166303,1,112,False,False,False,True,H0,H0,0.007959490641951561,0.07867743819952011,0.03891865164041519,False,True,True,False,True,False,
832,159884,0,383,156902,0,383,True,159884,159884,0,383,False,True,True,False,H0,H0,0.011767762713134289,0.022889483720064163,0.03891865164041519,False,False,False,False,False,False,
833,55385,0,119,79907,0,119,True,55385,55385,0,119,False,True,True,False,H0,H0,0.009869324043393135,0.05705073103308678,0.03891865164041519,False,True,True,False,False,True,self_pair
834,35495,1,897,35495,1,897,True,35495,23486,1,897,True,True,True,False,H1,H1,0.04502764716744423,0.7450000047683716,0.03891865164041519,True,True,True,True,False,False,
835,134964,0,200,122518,1,200,True,134964,134964,0,200,False,True,True,False,H0,H0,0.01582859456539154,0.027259521186351776,0.03891865164041519,False,False,False,False,False,False,
836,27051,0,1099,27051,0,1099,False,146167,146167,0,1099,False,False,True,False,H0,H0,0.019752947613596916,0.015301138162612915,0.03891865164041519,False,False,False,False,False,False,
837,63579,0,539,63545,0,539,False,63579,63579,0,539,False,False,True,False,H0,H0,0.01821637526154518,0.014347370713949203,0.03891865164041519,False,False,False,False,False,False,
838,104686,0,656,186838,1,656,True,104686,104686,0,656,False,True,True,False,H0,H0,0.022502508014440536,0.13608993589878082,0.03891865164041519,False,True,True,False,False,True,self_pair
839,64469,0,295,78716,0,295,True,64469,64469,0,295,False,True,True,False,H0,H0,0.015530192293226719,0.039976976811885834,0.03891865164041519,False,True,True,False,False,True,self_pair
840,126109,0,112,166337,1,112,True,126109,126109,0,112,False,True,True,False,H0,H0,0.017021900042891502,0.02502702735364437,0.03891865164041519,False,False,False,False,False,False,
841,169618,0,466,169925,0,466,False,169618,169618,0,466,False,False,True,False,H0,H0,0.009889842011034489,0.03359352424740791,0.03891865164041519,False,False,False,False,False,False,
842,24173,0,750,89384,0,750,True,24173,70674,1,750,False,True,True,False,H0,H0,0.03872610256075859,0.19842742383480072,0.03891865164041519,False,True,True,False,True,False,
843,192412,0,1014,192412,0,1014,True,192412,192412,0,1014,True,True,True,False,H0,H0,0.0505349263548851,0.0505349263548851,0.03891865164041519,True,True,True,False,False,True,self_pair
844,159162,0,367,144869,0,367,True,159162,159162,0,367,False,True,True,False,H0,H0,0.018874892964959145,0.050058312714099884,0.03891865164041519,False,True,True,False,False,True,self_pair
845,164952,0,282,62686,0,282,False,156132,156132,1,290,False,False,False,True,H0,H0,0.017994040623307228,0.010073420591652393,0.03891865164041519,False,False,False,False,False,False,
846,76228,0,675,140522,0,675,True,76228,76228,0,675,False,False,True,False,H0,H0,0.006715535651892424,0.023987581953406334,0.03891865164041519,False,False,False,False,False,False,
847,154160,0,1068,152801,0,1068,True,152801,152801,0,1068,True,True,True,False,H0,H0,0.009809164330363274,0.009809164330363274,0.03891865164041519,False,False,False,False,False,False,
848,74209,0,821,61597,0,821,True,74209,74209,0,821,False,True,True,False,H0,H0,0.009717048145830631,0.029922958463430405,0.03891865164041519,False,False,False,False,False,False,
849,177496,1,697,101620,1,697,True,177496,101620,1,697,False,True,True,False,H1,H1,0.8795288801193237,0.8795288801193237,0.03891865164041519,True,True,True,True,False,False,
850,139181,0,935,139181,0,935,True,139181,139181,0,935,True,True,True,False,H0,H0,0.019313225522637367,0.019313225522637367,0.03891865164041519,False,False,False,False,False,False,
851,96652,1,725,47370,0,725,True,96652,96652,1,725,False,True,True,False,H0,H1,0.03926989436149597,0.6926308870315552,0.03891865164041519,True,True,True,False,False,True,self_pair
852,83637,0,746,138527,0,746,True,83637,83637,0,746,False,True,True,False,H0,H0,0.021512415260076523,0.14609892666339874,0.03891865164041519,False,True,True,False,False,True,self_pair
853,145308,0,497,191899,0,497,True,145308,145308,0,497,False,False,True,False,H0,H0,0.0063124713487923145,0.022783242166042328,0.03891865164041519,False,False,False,False,False,False,
854,140022,0,897,35495,1,897,True,140022,140022,0,897,False,True,True,False,H0,H0,0.018766053020954132,0.03919625282287598,0.03891865164041519,False,True,True,False,False,True,self_pair
855,88583,0,200,122518,1,200,True,88583,88583,0,200,False,False,True,False,H0,H0,0.007630588952451944,0.03771787881851196,0.03891865164041519,False,False,False,False,False,False,
856,148287,0,568,107391,0,568,False,185163,185163,0,568,False,False,True,False,H0,H0,0.009117310866713524,0.007404864765703678,0.03891865164041519,False,False,False,False,False,False,
857,112137,0,310,112137,0,310,True,112137,112137,0,310,True,True,True,False,H0,H0,0.028482956811785698,0.028482956811785698,0.03891865164041519,False,False,False,False,False,False,
858,186837,1,656,186838,1,656,True,186838,186825,1,656,True,True,True,False,H1,H1,0.6829898357391357,0.8767257928848267,0.03891865164041519,True,True,True,True,False,False,
859,69675,0,295,78716,0,295,True,69675,69675,0,295,False,True,True,False,H0,H0,0.011010153219103813,0.020072389394044876,0.03891865164041519,False,False,False,False,False,False,
860,96878,0,307,58774,0,307,True,96878,96878,0,307,False,False,True,False,H0,H0,0.011349337175488472,0.04025917127728462,0.03891865164041519,False,True,True,False,False,True,self_pair
861,97379,0,374,7665,0,374,True,60963,60963,0,374,False,True,True,False,H0,H0,0.006927072536200285,0.014834337867796421,0.03891865164041519,False,False,False,False,False,False,
862,63022,1,750,89384,0,750,True,63022,192706,1,750,False,False,True,False,H0,H1,0.05154526233673096,0.7354534268379211,0.03891865164041519,True,True,True,True,False,False,
863,93824,1,404,74753,1,404,True,93824,8679,1,404,False,True,True,False,H1,H1,0.7653807401657104,0.8516102433204651,0.03891865164041519,True,True,True,True,False,False,
864,114340,0,568,107391,0,568,False,114340,114340,0,568,False,False,True,False,H0,H0,0.008102355524897575,0.15659725666046143,0.03891865164041519,False,True,True,False,False,True,self_pair
865,36497,1,1096,3995,0,1096,True,36497,36497,1,1096,False,False,True,False,H0,H1,0.008698949590325356,0.026451820507645607,0.03891865164041519,False,False,False,False,False,False,
866,138770,0,121,167316,1,121,True,138770,138770,0,121,False,False,True,False,H0,H0,0.008278382942080498,0.01794709637761116,0.03891865164041519,False,False,False,False,False,False,
867,75031,0,932,125453,0,932,True,75031,75031,0,932,False,True,True,False,H0,H0,0.006260506343096495,0.022688424214720726,0.03891865164041519,False,False,False,False,False,False,
868,198641,0,821,61597,0,821,True,198641,198641,0,821,False,False,True,False,H0,H0,0.012197672389447689,0.08948950469493866,0.03891865164041519,False,True,True,False,False,True,self_pair
869,82952,1,697,101620,1,697,True,82952,16173,1,697,False,True,True,False,H1,H1,0.8588140606880188,0.8779188990592957,0.03891865164041519,True,True,True,True,False,False,
870,71614,0,475,91249,0,475,True,71614,71614,0,475,False,True,True,False,H0,H0,0.013815241865813732,0.018284996971488,0.03891865164041519,False,False,False,False,False,False,
871,91269,1,725,47370,0,725,True,91269,96652,1,725,False,False,True,False,H0,H1,0.03237621858716011,0.6466754674911499,0.03891865164041519,False,True,True,True,False,False,
872,97241,1,746,138527,0,746,True,97241,98067,1,746,False,True,True,False,H0,H1,0.13482750952243805,0.739530086517334,0.03891865164041519,True,True,True,True,False,False,
873,87050,0,497,191899,0,497,True,87050,87050,0,497,False,True,True,False,H0,H0,0.01178804226219654,0.021936386823654175,0.03891865164041519,False,False,False,False,False,False,
874,89668,0,897,35495,1,897,True,89668,89668,0,897,False,True,True,False,H0,H0,0.015059029683470726,0.03697631508111954,0.03891865164041519,False,False,False,False,False,False,
875,134387,0,200,122518,1,200,True,134387,134387,0,200,False,False,True,False,H0,H0,0.011198578402400017,0.034053120762109756,0.038499027490615845,False,False,False,False,False,False,
876,133710,1,718,133710,1,718,True,133710,133710,1,718,True,True,True,False,H1,H1,0.24125786125659943,0.24125786125659943,0.038499027490615845,True,True,True,False,False,True,self_pair
877,90354,1,790,90358,0,790,True,90354,53103,1,790,False,True,True,False,H0,H1,0.04716886207461357,0.4036903381347656,0.038499027490615845,True,True,True,True,False,False,
878,186838,1,656,186838,1,656,True,186838,186825,1,656,True,True,True,False,H1,H1,0.6829898357391357,0.8767257928848267,0.038499027490615845,True,True,True,True,False,False,
879,77327,0,295,78716,0,295,True,77327,77327,0,295,False,True,True,False,H0,H0,0.03133097290992737,0.09788725525140762,0.038499027490615845,False,True,True,False,False,True,self_pair
880,166303,1,112,166337,1,112,True,166303,166303,1,112,False,True,True,False,H1,H1,0.9387437701225281,0.9440749287605286,0.038499027490615845,True,True,True,False,False,True,self_pair
881,175337,0,121,167316,1,121,True,175337,175337,0,121,False,False,True,False,H0,H0,0.019109630957245827,0.03078940324485302,0.038499027490615845,False,False,False,False,False,False,
882,27622,0,750,89384,0,750,True,27622,27622,0,750,False,True,True,False,H0,H0,0.01504075713455677,0.06736942380666733,0.038499027490615845,False,True,True,False,False,True,self_pair
883,43165,0,960,22060,1,960,True,43165,43165,0,960,False,True,True,False,H0,H0,0.010696012526750565,0.0323694683611393,0.038499027490615845,False,False,False,False,False,False,
884,163762,0,367,144869,0,367,True,163762,163762,0,367,False,True,True,False,H0,H0,0.03326046094298363,0.054299697279930115,0.038499027490615845,False,True,True,False,False,True,self_pair
885,98233,0,625,156105,0,625,True,45062,45062,0,625,False,True,True,False,H0,H0,0.03281392902135849,0.012250786647200584,0.038499027490615845,False,False,False,False,False,False,
886,121712,0,675,140522,0,675,True,121712,121712,0,675,False,True,True,False,H0,H0,0.008451523259282112,0.06710994243621826,0.038499027490615845,False,True,True,False,False,True,self_pair
887,180556,0,1076,44118,0,1076,True,21228,21228,0,1076,False,True,True,False,H0,H0,0.0059082419611513615,0.01141336653381586,0.038499027490615845,False,False,False,False,False,False,
888,13057,0,957,126526,0,957,False,13057,13057,0,957,False,False,True,False,H0,H0,0.00939235556870699,0.0297869760543108,0.038499027490615845,False,False,False,False,False,False,
889,85071,0,697,101620,1,697,True,85071,85071,0,697,False,False,True,False,H0,H0,0.008389945141971111,0.041751135140657425,0.038499027490615845,False,True,True,False,False,True,self_pair
890,30090,0,404,74753,1,404,True,30090,30090,0,404,False,True,True,False,H0,H0,0.01240380946546793,0.07853849977254868,0.038499027490615845,False,True,True,False,False,True,self_pair
891,122583,1,725,47370,0,725,True,122583,96652,1,725,False,False,True,False,H0,H1,0.04314315691590309,0.3002608120441437,0.038499027490615845,True,True,True,True,False,False,
892,145932,1,746,138527,0,746,True,145932,144333,1,746,False,False,True,False,H0,H1,0.08475551009178162,0.8877959251403809,0.038499027490615845,True,True,True,True,False,False,
893,71221,0,497,191899,0,497,True,71221,71221,0,497,False,True,True,False,H0,H0,0.011033558286726475,0.06270179152488708,0.038499027490615845,False,True,True,False,False,True,self_pair
894,167284,0,119,79907,0,119,True,170710,170710,0,119,False,True,True,False,H0,H0,0.011477855034172535,0.010859541594982147,0.038499027490615845,False,False,False,False,False,False,
895,121324,0,200,122518,1,200,True,121324,121324,0,200,False,True,True,False,H0,H0,0.008372175507247448,0.036256976425647736,0.038499027490615845,False,False,False,False,False,False,
896,70669,1,718,133710,1,718,True,70669,70669,1,718,False,False,True,False,H1,H1,0.0942251980304718,0.18092869222164154,0.038499027490615845,True,True,True,False,False,True,self_pair
897,86309,0,1091,86309,0,1091,False,190724,190724,0,562,False,False,False,True,H0,H0,0.020986950024962425,0.005316401831805706,0.038499027490615845,False,False,False,False,False,False,
898,51636,0,656,186838,1,656,True,51636,51636,0,656,False,False,True,False,H0,H0,0.011356236413121223,0.04078100621700287,0.038499027490615845,False,True,True,False,False,True,self_pair
899,65291,1,295,78716,0,295,True,65291,64929,1,295,False,True,True,False,H0,H1,0.025761527940630913,0.6107732653617859,0.038499027490615845,False,True,True,True,False,False,
900,72728,0,668,50050,0,668,False,81543,81543,0,668,False,False,True,False,H0,H0,0.04047514870762825,0.022077176719903946,0.038499027490615845,True,False,False,False,False,False,
901,56287,0,1081,55230,0,1081,False,47385,47385,1,995,False,False,False,True,H0,H0,0.006845917087048292,0.021306602284312248,0.038499027490615845,False,False,False,False,False,False,
902,196476,0,750,89384,0,750,True,196476,196476,0,750,False,False,True,False,H0,H0,0.0074415612034499645,0.03511602059006691,0.038499027490615845,False,False,False,False,False,False,
903,26423,0,960,22060,1,960,True,26423,26423,0,960,False,True,True,False,H0,H0,0.029123367741703987,0.023158498108386993,0.038499027490615845,False,False,False,False,False,False,
904,196689,0,367,144869,0,367,True,196689,196689,0,367,False,False,True,False,H0,H0,0.006617833860218525,0.05574992299079895,0.038499027490615845,False,True,True,False,False,True,self_pair
905,178023,0,1096,3995,0,1096,True,178023,178023,0,1096,False,False,True,False,H0,H0,0.00678914412856102,0.05002855136990547,0.038499027490615845,False,True,True,False,False,True,self_pair
906,140506,0,675,140522,0,675,True,140506,140506,0,675,False,True,True,False,H0,H0,0.033134184777736664,0.03287201747298241,0.038499027490615845,False,False,False,False,False,False,
907,50050,0,668,50050,0,668,False,72728,72728,0,668,False,False,True,False,H0,H0,0.10716365277767181,0.04047514870762825,0.038499027490615845,True,True,True,False,True,False,
908,140247,0,127,117769,0,127,False,140247,140247,0,127,False,False,True,False,H0,H0,0.006290250923484564,0.027500465512275696,0.038499027490615845,False,False,False,False,False,False,
909,191850,0,697,101620,1,697,True,191850,191850,0,697,False,False,True,False,H0,H0,0.05919678509235382,0.14561831951141357,0.038499027490615845,True,True,True,False,False,True,self_pair
910,146140,0,404,74753,1,404,True,146140,146140,0,404,False,True,True,False,H0,H0,0.009835446253418922,0.08876525610685349,0.038499027490615845,False,True,True,False,False,True,self_pair
911,36381,0,725,47370,0,725,True,36381,36381,0,725,False,True,True,False,H0,H0,0.01009303517639637,0.06265377253293991,0.038499027490615845,False,True,True,False,False,True,self_pair
912,138527,0,746,138527,0,746,True,138527,145932,1,746,True,True,True,False,H0,H0,0.036051176488399506,0.08475551009178162,0.038499027490615845,False,True,True,False,True,False,
913,191899,0,497,191899,0,497,True,191899,191899,0,497,True,True,True,False,H0,H0,0.04820992797613144,0.04820992797613144,0.038499027490615845,True,True,True,False,False,True,self_pair
914,37899,0,664,27415,0,664,True,27415,27415,0,664,True,True,True,False,H0,H0,0.010406713001430035,0.010406713001430035,0.038499027490615845,False,False,False,False,False,False,
915,106358,0,200,122518,1,200,True,106358,106358,0,200,False,True,True,False,H0,H0,0.01130881067365408,0.023550448939204216,0.038499027490615845,False,False,False,False,False,False,
916,93645,0,718,133710,1,718,True,93645,93645,0,718,False,False,True,False,H0,H0,0.03315477818250656,0.022913949564099312,0.038499027490615845,False,False,False,False,False,False,
917,50018,0,894,50018,0,894,False,196799,196799,0,894,False,False,True,False,H0,H0,0.13546311855316162,0.013778558932244778,0.038499027490615845,True,False,False,False,False,False,
918,95510,0,656,186838,1,656,True,95510,95510,0,656,False,False,True,False,H0,H0,0.01848439872264862,0.03502979874610901,0.038499027490615845,False,False,False,False,False,False,
919,159614,0,1006,179478,0,1006,False,159614,159614,0,1006,False,False,True,False,H0,H0,0.02026250958442688,0.15038971602916718,0.038499027490615845,False,True,True,False,False,True,self_pair
920,166057,1,112,166337,1,112,True,166050,165929,1,112,False,True,True,False,H1,H1,0.9440749287605286,0.9440749287605286,0.038499027490615845,True,True,True,True,False,False,
921,88103,0,1006,179478,0,1006,False,88103,88103,0,1006,False,False,True,False,H0,H0,0.0324430949985981,0.017792101949453354,0.038499027490615845,False,False,False,False,False,False,
922,43054,1,15,43054,1,15,False,20855,20855,1,712,False,False,False,True,H1,H0,0.01862512342631817,0.05026742070913315,0.038499027490615845,False,True,True,False,True,False,
923,31820,0,960,22060,1,960,True,31820,31820,0,960,False,True,True,False,H0,H0,0.005666045937687159,0.019647695124149323,0.038499027490615845,False,False,False,False,False,False,
924,137901,0,367,144869,0,367,True,137901,159162,0,367,False,True,True,False,H0,H0,0.01628902554512024,0.050058312714099884,0.038499027490615845,False,True,True,False,True,False,
925,6364,0,1096,3995,0,1096,True,6364,6364,0,1096,False,True,True,False,H0,H0,0.012318074703216553,0.034611430019140244,0.038499027490615845,False,False,False,False,False,False,
926,29653,1,675,140522,0,675,True,29653,49296,1,675,False,False,True,False,H0,H1,0.01724647916853428,0.6568230986595154,0.038499027490615845,False,True,True,True,False,False,
927,128276,0,932,125453,0,932,True,128276,128276,0,932,False,False,True,False,H0,H0,0.006947528105229139,0.03930997848510742,0.038499027490615845,False,True,True,False,False,True,self_pair
928,49918,1,15,43054,1,15,False,20855,20855,1,712,False,False,False,True,H1,H0,0.01862512342631817,0.05026742070913315,0.038499027490615845,False,True,True,False,True,False,
929,32967,0,697,101620,1,697,True,32967,32967,0,697,False,True,True,False,H0,H0,0.00969094317406416,0.03659648075699806,0.038499027490615845,False,False,False,False,False,False,
930,169863,0,404,74753,1,404,True,169863,169863,0,404,False,True,True,False,H0,H0,0.014531844295561314,0.046631332486867905,0.038499027490615845,False,True,True,False,False,True,self_pair
931,86498,0,725,47370,0,725,True,86498,86498,0,725,False,True,True,False,H0,H0,0.014281947165727615,0.03648696839809418,0.038499027490615845,False,False,False,False,False,False,
932,23168,0,746,138527,0,746,True,23168,23168,0,746,False,True,True,False,H0,H0,0.007065477780997753,0.05649270489811897,0.037883274257183075,False,True,True,False,False,True,self_pair
933,47848,0,497,191899,0,497,True,47848,47848,0,497,False,True,True,False,H0,H0,0.016617121174931526,0.04394068941473961,0.037883274257183075,False,True,True,False,False,True,self_pair
934,161452,0,909,144785,0,909,True,161452,161452,0,909,False,True,True,False,H0,H0,0.006697328761219978,0.05732668936252594,0.037883274257183075,False,True,True,False,False,True,self_pair
935,108641,1,525,108641,1,525,True,108641,108641,1,525,True,True,True,False,H1,H1,0.04857856035232544,0.04857856035232544,0.037883274257183075,True,True,True,False,False,True,self_pair
936,148800,0,718,133710,1,718,True,148800,148800,0,718,False,True,True,False,H0,H0,0.02327090874314308,0.14737370610237122,0.037883274257183075,False,True,True,False,False,True,self_pair
937,68245,0,790,90358,0,790,True,68245,68245,0,790,False,False,True,False,H0,H0,0.014624257571995258,0.07471251487731934,0.037883274257183075,False,True,True,False,False,True,self_pair
938,70702,0,656,186838,1,656,True,70702,70702,0,656,False,False,True,False,H0,H0,0.007978958077728748,0.048152122646570206,0.037883274257183075,False,True,True,False,False,True,self_pair
939,82706,0,295,78716,0,295,True,82706,82706,0,295,False,True,True,False,H0,H0,0.02266809716820717,0.06125662103295326,0.037883274257183075,False,True,True,False,False,True,self_pair
940,166337,1,112,166337,1,112,True,166337,166050,1,112,True,True,True,False,H1,H1,0.9215868711471558,0.9440749287605286,0.037883274257183075,True,True,True,True,False,False,
941,56392,0,127,117769,0,127,False,56392,56392,0,127,False,False,True,False,H0,H0,0.006337426137179136,0.016045618802309036,0.037883274257183075,False,False,False,False,False,False,
942,129329,0,750,89384,0,750,True,129329,129329,0,750,False,False,True,False,H0,H0,0.033611468970775604,0.22888745367527008,0.037883274257183075,False,True,True,False,False,True,self_pair
943,31259,0,252,31355,0,252,True,31355,31355,0,252,True,True,True,False,H0,H0,0.00612991489470005,0.00612991489470005,0.037883274257183075,False,False,False,False,False,False,
944,193002,0,367,144869,0,367,True,193002,193002,0,367,False,True,True,False,H0,H0,0.010767071507871151,0.059722818434238434,0.037883274257183075,False,True,True,False,False,True,self_pair
945,3995,0,1096,3995,0,1096,True,3995,3995,0,1096,True,True,True,False,H0,H0,0.03879198431968689,0.03879198431968689,0.037883274257183075,True,True,True,False,False,True,self_pair
946,153356,0,1099,27051,0,1099,True,153356,153356,0,1099,False,True,True,False,H0,H0,0.00954986922442913,0.10323721170425415,0.037883274257183075,False,True,True,False,False,True,self_pair
947,60606,0,932,125453,0,932,True,60606,60606,0,932,False,False,True,False,H0,H0,0.006947570946067572,0.10248864442110062,0.037883274257183075,False,True,True,False,False,True,self_pair
948,177913,0,821,61597,0,821,True,177913,177913,0,821,False,True,True,False,H0,H0,0.004483416676521301,0.03957494720816612,0.037883274257183075,False,True,True,False,False,True,self_pair
949,15097,1,697,101620,1,697,True,15097,125170,1,697,False,False,True,False,H1,H1,0.028231993317604065,0.6716688275337219,0.037883274257183075,False,True,True,True,False,False,
950,188305,0,404,74753,1,404,True,188305,188305,0,404,False,True,True,False,H0,H0,0.01579650677740574,0.03697321563959122,0.037883274257183075,False,False,False,False,False,False,
951,69499,0,725,47370,0,725,True,69499,69499,0,725,False,True,True,False,H0,H0,0.015449627302587032,0.016930287703871727,0.037883274257183075,False,False,False,False,False,False,
952,1174,1,746,138527,0,746,True,1174,19370,1,746,False,False,True,False,H0,H1,0.13482750952243805,0.889543890953064,0.037883274257183075,True,True,True,True,False,False,
953,112609,0,497,191899,0,497,True,112609,112609,0,497,False,True,True,False,H0,H0,0.011266556568443775,0.05358576029539108,0.037883274257183075,False,True,True,False,False,True,self_pair
954,8977,0,897,35495,1,897,True,8977,8977,0,897,False,True,True,False,H0,H0,0.01129854191094637,0.0567508339881897,0.037883274257183075,False,True,True,False,False,True,self_pair
955,106447,0,200,122518,1,200,True,106447,106447,0,200,False,True,True,False,H0,H0,0.00828799232840538,0.023550448939204216,0.037883274257183075,False,False,False,False,False,False,
956,39419,1,425,39419,1,425,False,19408,19408,0,550,False,False,False,True,H1,H0,0.03806183859705925,0.03329842910170555,0.037883274257183075,True,False,False,False,False,False,
957,121446,1,790,90358,0,790,True,121446,149985,1,790,False,True,True,False,H0,H1,0.05420657619833946,0.5795972347259521,0.037883274257183075,True,True,True,True,False,False,
958,98760,0,656,186838,1,656,True,98760,186825,1,656,False,True,True,False,H0,H0,0.020690178498625755,0.03899768739938736,0.037883274257183075,False,True,True,False,True,False,
959,194560,0,666,194186,0,666,False,191498,191498,0,666,False,False,True,False,H0,H0,0.027442067861557007,0.011045662686228752,0.037883274257183075,False,False,False,False,False,False,
960,166377,1,112,166337,1,112,True,166378,166378,1,112,False,True,True,False,H1,H1,0.9450043439865112,0.9450043439865112,0.037883274257183075,True,True,True,True,False,False,
961,175339,0,121,167316,1,121,True,175339,175339,0,121,False,False,True,False,H0,H0,0.01802852936089039,0.08406799286603928,0.037883274257183075,False,True,True,False,False,True,self_pair
962,89384,0,750,89384,0,750,True,89384,70674,1,750,True,True,True,False,H0,H0,0.07469899207353592,0.09612922370433807,0.037883274257183075,True,True,True,False,True,False,
963,32700,0,541,32784,0,541,False,32739,32739,0,541,False,False,True,False,H0,H0,0.024897349998354912,0.031734857708215714,0.037883274257183075,False,False,False,False,False,False,
964,156105,0,625,156105,0,625,True,156105,156105,0,625,True,True,True,False,H0,H0,0.026107752695679665,0.026107752695679665,0.037883274257183075,False,False,False,False,False,False,
965,94077,1,1096,3995,0,1096,True,94077,94077,1,1096,False,True,True,False,H0,H1,0.014424026943743229,0.06622554361820221,0.037883274257183075,False,True,True,False,False,True,self_pair
966,140522,0,675,140522,0,675,True,140522,140522,0,675,True,True,True,False,H0,H0,0.10666796565055847,0.10666796565055847,0.037883274257183075,True,True,True,False,False,True,self_pair
967,101867,0,932,125453,0,932,True,101867,101867,0,932,False,True,True,False,H0,H0,0.00974925234913826,0.016528936102986336,0.037883274257183075,False,False,False,False,False,False,
968,111466,0,905,111466,0,905,False,123174,123174,0,537,False,False,False,True,H0,H0,0.02453606016933918,0.008553844876587391,0.037883274257183075,False,False,False,False,False,False,
969,56286,0,1081,55230,0,1081,False,56287,56287,0,1081,False,False,True,False,H0,H0,0.005813945084810257,0.018987324088811874,0.037883274257183075,False,False,False,False,False,False,
970,109111,0,404,74753,1,404,True,109111,109111,0,404,False,True,True,False,H0,H0,0.01707574352622032,0.05323192477226257,0.037883274257183075,False,True,True,False,False,True,self_pair
971,173766,0,773,174705,0,773,False,173766,173766,0,773,False,False,True,False,H0,H0,0.013844065368175507,0.054257337003946304,0.037883274257183075,False,True,True,False,False,True,self_pair
972,6865,0,746,138527,0,746,True,6865,1174,1,746,False,True,True,False,H0,H0,0.015079205855727196,0.0843099057674408,0.037883274257183075,False,True,True,False,True,False,
973,47721,0,497,191899,0,497,True,47721,47721,0,497,False,True,True,False,H0,H0,0.011500280350446701,0.0218308437615633,0.037883274257183075,False,False,False,False,False,False,
974,92970,0,897,35495,1,897,True,92970,92970,0,897,False,True,True,False,H0,H0,0.020796239376068115,0.08218394219875336,0.037883274257183075,False,True,True,False,False,True,self_pair
975,122802,0,378,106166,0,378,False,122803,122803,0,378,False,False,True,False,H0,H0,0.013359244912862778,0.013205829076468945,0.037883274257183075,False,False,False,False,False,False,
976,18722,0,718,133710,1,718,True,18722,18722,0,718,False,True,True,False,H0,H0,0.03207303583621979,0.04062005877494812,0.037883274257183075,False,True,True,False,False,True,self_pair
977,197062,0,790,90358,0,790,True,197062,197062,0,790,False,False,True,False,H0,H0,0.01338921394199133,0.10104675590991974,0.037883274257183075,False,True,True,False,False,True,self_pair
978,189069,0,656,186838,1,656,True,189069,189069,0,656,False,False,True,False,H0,H0,0.008531967177987099,0.03005608730018139,0.037883274257183075,False,False,False,False,False,False,
979,27722,0,835,27722,0,835,False,94053,94053,0,835,False,False,True,False,H0,H0,0.028399644419550896,0.01263138186186552,0.037883274257183075,False,False,False,False,False,False,
980,166378,1,112,166337,1,112,True,166378,166378,1,112,False,True,True,False,H1,H1,0.9450043439865112,0.9450043439865112,0.037883274257183075,True,True,True,False,False,True,self_pair
981,131113,0,121,167316,1,121,True,131113,131113,0,121,False,False,True,False,H0,H0,0.011963983997702599,0.01943386346101761,0.037883274257183075,False,False,False,False,False,False,
982,117512,0,458,9743,0,458,False,117512,117512,0,458,False,False,True,False,H0,H0,0.011949392966926098,0.05503467097878456,0.037883274257183075,False,True,True,False,False,True,self_pair
983,22060,1,960,22060,1,960,True,22060,22967,0,960,True,True,True,False,H1,H0,0.04088061675429344,0.053067419677972794,0.037883274257183075,True,True,True,False,True,False,
984,105140,0,739,154757,0,739,True,105140,105140,0,739,False,False,True,False,H0,H0,0.00759335421025753,0.02910250425338745,0.037883274257183075,False,False,False,False,False,False,
985,46035,0,1096,3995,0,1096,True,46035,46035,0,1096,False,False,True,False,H0,H0,0.007976558059453964,0.015079212374985218,0.037883274257183075,False,False,False,False,False,False,
986,96608,0,409,84722,0,409,True,96608,96608,0,409,False,True,True,False,H0,H0,0.0166695024818182,0.01956130377948284,0.037883274257183075,False,False,False,False,False,False,
987,193952,0,932,125453,0,932,True,193952,193952,0,932,False,True,True,False,H0,H0,0.006522644776850939,0.025136619806289673,0.037883274257183075,False,False,False,False,False,False,
988,10035,0,413,178220,0,413,False,10035,10035,0,413,False,False,True,False,H0,H0,0.005926151294261217,0.03225414827466011,0.037883274257183075,False,False,False,False,False,False,
989,186967,0,697,101620,1,697,True,186967,186967,0,697,False,False,True,False,H0,H0,0.07194589823484421,0.12085220962762833,0.03775348886847496,True,True,True,False,False,True,self_pair
990,163565,0,404,74753,1,404,True,163565,83637,0,746,False,False,False,True,H0,H0,0.010345157235860825,0.04975128546357155,0.03775348886847496,False,True,True,False,True,False,
991,91952,0,725,47370,0,725,True,91952,91952,0,725,False,False,True,False,H0,H0,0.012992430478334427,0.07022659480571747,0.03775348886847496,False,True,True,False,False,True,self_pair
992,19370,1,746,138527,0,746,True,19370,1174,1,746,False,True,True,False,H0,H1,0.08341315388679504,0.889543890953064,0.03775348886847496,True,True,True,True,False,False,
993,22178,1,497,191899,0,497,True,22178,22178,1,497,False,True,True,False,H0,H1,0.014964422211050987,0.05140795186161995,0.03775348886847496,False,True,True,False,False,True,self_pair
994,157387,0,897,35495,1,897,True,157387,157387,0,897,False,False,True,False,H0,H0,0.01592913642525673,0.1045495942234993,0.03775348886847496,False,True,True,False,False,True,self_pair
995,122518,1,200,122518,1,200,True,121392,121392,1,200,False,True,True,False,H1,H1,0.43830376863479614,0.43830376863479614,0.03775348886847496,True,True,True,True,False,False,
996,91240,0,718,133710,1,718,True,91240,91240,0,718,False,True,True,False,H0,H0,0.014585894532501698,0.02259332872927189,0.03775348886847496,False,False,False,False,False,False,
997,186704,0,1020,87733,0,1020,False,151972,151972,0,1020,False,False,True,False,H0,H0,0.015152949839830399,0.023862997069954872,0.03775348886847496,False,False,False,False,False,False,
998,180828,0,874,180828,0,874,False,183653,180504,0,191,False,False,False,True,H0,H0,0.03899560496211052,0.046714138239622116,0.03775348886847496,True,True,True,False,True,False,
999,83226,0,295,78716,0,295,True,83226,83226,0,295,False,True,True,False,H0,H0,0.009930462576448917,0.267823189496994,0.037883274257183075,False,True,True,False,False,True,self_pair
1000,166269,0,112,166337,1,112,True,166269,166269,0,112,False,False,True,False,H0,H0,0.392286092042923,0.4495014250278473,0.037883274257183075,True,True,True,False,False,True,self_pair
