request_index,query_id,query_label,query_cluster,gold_anchor_id,gold_anchor_label,gold_cluster,gold_anchor_available_in_cache,top1_retrieved_anchor_id,retrieved_anchor_id,retrieved_anchor_label,retrieved_cluster,top1_is_gold_anchor,topk_contains_gold_anchor,retrieved_is_same_cluster_as_gold,retrieved_is_different_cluster_from_gold,gold_pair_label,retrieved_pair_label,score_gold_anchor,score_retrieved_anchor,threshold,accepted_gold_anchor,accepted_retrieved_anchor,served_hit,served_is_tp,served_is_fp,served_unjudged,reason_if_unjudged
1,193825,0,121,167316,1,121,False,,,,,False,False,False,False,H0,NONE,0.6612906946618312,,,False,False,False,False,False,False,
2,87607,0,750,89384,0,750,False,193825,193825,0,121,False,False,False,True,H0,H0,0.7952559957175438,0.3759910541316789,,False,False,False,False,False,False,
3,19186,0,960,22060,1,960,False,87607,87607,0,750,False,False,False,True,H0,H0,0.7182790002003454,0.43576151119431217,,False,False,False,False,False,False,
4,5402,0,951,5424,0,951,False,19186,19186,0,960,False,False,False,True,H0,H0,0.6377007945367522,0.4855550638256684,,False,False,False,False,False,False,
5,94077,1,1096,3995,0,1096,False,87607,87607,0,750,False,False,False,True,H0,H0,0.7951741072510691,0.4645089422211204,,False,False,False,False,False,False,
6,99935,0,527,99935,0,527,False,19186,19186,0,960,False,False,False,True,H0,H0,1.0000000000000002,0.4142597827058269,,False,False,False,False,False,False,
7,176652,1,932,125453,0,932,False,94077,94077,1,1096,False,False,False,True,H0,H0,0.724226968832529,0.6131077891111063,,False,False,False,False,False,False,
8,191860,0,821,61597,0,821,False,94077,94077,1,1096,False,False,False,True,H0,H0,0.7749085313068768,0.6219900183520645,,False,False,False,False,False,False,
9,144967,0,374,7665,0,374,False,94077,94077,1,1096,False,False,False,True,H0,H0,0.8591325216650542,0.5645332986822982,,False,False,False,False,False,False,
10,145096,1,150,149726,0,150,False,191860,191860,0,821,False,False,False,True,H0,H0,0.5926446827458621,0.5005693316601161,,False,False,False,False,False,False,
11,92479,0,917,92479,0,917,False,94077,94077,1,1096,False,False,False,True,H0,H0,1.0,0.595050217055402,,False,False,False,False,False,False,
12,6865,0,746,138527,0,746,False,87607,87607,0,750,False,False,False,True,H0,H0,0.8313739544348862,0.6071202964772633,,False,False,False,False,False,False,
13,15609,0,677,15609,0,677,False,191860,191860,0,821,False,False,False,True,H0,H0,1.0000000000000002,0.5168577959620078,,False,False,False,False,False,False,
14,62318,0,127,117769,0,127,False,94077,94077,1,1096,False,False,False,True,H0,H0,0.7776714396800862,0.6460713048112677,,False,False,False,False,False,False,
15,67818,0,509,67818,0,509,False,15609,15609,0,677,False,False,False,True,H0,H0,1.0,0.4426209165040452,,False,False,False,False,False,False,
16,70669,1,718,133710,1,718,False,191860,191860,0,821,False,False,False,True,H1,H0,0.6533451395865641,0.5704418020221088,,False,False,False,False,False,False,
17,130837,0,494,147388,0,494,False,94077,94077,1,1096,False,False,False,True,H0,H0,0.5456947929299374,0.5282419522862449,,False,False,False,False,False,False,
18,130227,0,1094,112598,0,1094,False,94077,94077,1,1096,False,False,False,True,H0,H0,0.7847811266633092,0.5310140600903049,,False,False,False,False,False,False,
19,78716,0,295,78716,0,295,False,144967,144967,0,374,False,False,False,True,H0,H0,1.0000000000000002,0.5017459744345389,,False,False,False,False,False,False,
20,166057,1,112,166337,1,112,False,62318,62318,0,127,False,False,False,True,H1,H0,0.9881029604061293,0.5412254632415113,,False,False,False,False,False,False,
21,116828,0,121,167316,1,121,False,193825,193825,0,121,False,False,True,False,H0,H0,0.7669359191604206,0.5647917387113504,,False,False,False,False,False,False,
22,106038,1,4,106038,1,4,False,144967,144967,0,374,False,False,False,True,H1,H0,0.9999999999999999,0.6182027737371543,,False,False,False,False,False,False,
23,22062,0,960,22060,1,960,False,19186,19186,0,960,False,False,True,False,H0,H0,0.7437123345568922,0.8117765770861236,,False,False,False,False,False,False,
24,165395,1,367,144869,0,367,False,78716,78716,0,295,False,False,False,True,H0,H0,0.8211838829444454,0.5725048268043103,,False,False,False,False,False,False,
25,46035,0,1096,3995,0,1096,False,94077,94077,1,1096,False,False,True,False,H0,H0,0.7343107454335795,0.7491745927223004,,False,False,False,False,False,False,
26,64846,0,675,140522,0,675,False,15609,15609,0,677,False,False,False,True,H0,H0,0.7896858245052342,0.5783901097940062,,False,False,False,False,False,False,
27,52972,0,146,104183,1,146,False,64846,64846,0,675,False,False,False,True,H0,H0,0.8095912067763247,0.6213000092023088,,False,False,False,False,False,False,
28,178075,0,821,61597,0,821,False,191860,191860,0,821,False,False,True,False,H0,H0,0.6445273594374096,0.7234822567028335,,False,False,False,False,False,False,
29,178254,0,626,188336,0,626,False,116828,116828,0,121,False,False,False,True,H0,H0,0.6329781073296381,0.5989628761904215,,False,False,False,False,False,False,
30,92895,0,593,76267,0,593,False,78716,78716,0,295,False,False,False,True,H0,H0,0.6611745363804339,0.5061641839317035,,False,False,False,False,False,False,
31,52447,0,725,47370,0,725,False,94077,94077,1,1096,False,False,False,True,H0,H0,0.6877057249473572,0.6305113287202769,,False,False,False,False,False,False,
32,19370,1,746,138527,0,746,False,6865,6865,0,746,False,False,True,False,H0,H0,0.8027744263893299,0.7926613841075192,,False,False,False,False,False,False,
33,49714,0,1038,91280,0,1038,False,191860,191860,0,821,False,False,False,True,H0,H0,0.5483902765663933,0.6120527190740694,,False,False,False,False,False,False,
34,157387,0,897,35495,1,897,False,166057,166057,1,112,False,False,False,True,H0,H0,0.46776245712725245,0.45875098361970923,,False,False,False,False,False,False,
35,122518,1,200,122518,1,200,False,64846,64846,0,675,False,False,False,True,H1,H0,1.0000000000000002,0.5769919012856516,,False,False,False,False,False,False,
36,93645,0,718,133710,1,718,False,191860,191860,0,821,False,False,False,True,H0,H0,0.5431542991365279,0.5941905470223354,,False,False,False,False,False,False,
37,74305,0,726,15648,0,726,False,52447,52447,0,725,False,False,False,True,H0,H0,0.6706364919815433,0.640554787355467,,False,False,False,False,False,False,
38,127493,0,441,32882,1,441,False,193825,193825,0,121,False,False,False,True,H0,H0,0.6299984439146504,0.48799061769029134,,False,False,False,False,False,False,
39,64469,0,295,78716,0,295,True,78716,78716,0,295,True,True,True,False,H0,H0,0.7208212235544739,0.7208212235544739,,False,False,False,False,False,False,
40,166337,1,112,166337,1,112,False,166057,166057,1,112,False,False,True,False,H1,H1,1.0000000000000002,0.9881029604061293,,False,False,False,False,False,False,
41,44804,0,748,194679,0,748,False,92479,92479,0,917,False,False,False,True,H0,H0,0.505539696611083,0.4914984339133896,,False,False,False,False,False,False,
42,192706,1,750,89384,0,750,False,87607,87607,0,750,False,False,True,False,H0,H0,0.8076621337338763,0.7339865101108546,,False,False,False,False,False,False,
43,141501,0,738,113911,0,738,False,19370,19370,1,746,False,False,False,True,H0,H0,0.645610586441197,0.6397003354851867,,False,False,False,False,False,False,
44,101867,0,932,125453,0,932,False,176652,176652,1,932,False,False,True,False,H0,H0,0.7500878999821887,0.7706029077727867,,False,False,False,False,False,False,
45,181656,0,1096,3995,0,1096,False,46035,46035,0,1096,False,False,True,False,H0,H0,0.6634361716469954,0.6530958854793504,,False,False,False,False,False,False,
46,115646,1,87,115722,0,87,False,64846,64846,0,675,False,False,False,True,H0,H0,0.9722007087753091,0.5814171514897186,,False,False,False,False,False,False,
47,90131,0,669,134155,1,669,False,122518,122518,1,200,False,False,False,True,H0,H0,0.8041570666702493,0.5520391638487353,,False,False,False,False,False,False,
48,177913,0,821,61597,0,821,False,191860,191860,0,821,False,False,True,False,H0,H0,0.6717830081687115,0.58200155144035,,False,False,False,False,False,False,
49,45681,0,938,48817,0,938,False,141501,141501,0,738,False,False,False,True,H0,H0,0.7736048190850435,0.5508471154177502,,False,False,False,False,False,False,
50,137956,0,404,74753,1,404,False,87607,87607,0,750,False,False,False,True,H0,H0,0.627990725525244,0.5080085785723404,,False,False,False,False,False,False,
51,36143,0,467,25363,0,467,False,74305,74305,0,726,False,False,False,True,H0,H0,0.7242635603049075,0.6259834414326999,,False,False,False,False,False,False,
52,190020,1,746,138527,0,746,False,6865,6865,0,746,False,False,True,False,H0,H0,0.8305678333795827,0.7253964675900401,,False,False,False,False,False,False,
53,33154,1,497,191899,0,497,False,52447,52447,0,725,False,False,False,True,H0,H0,0.613458044980568,0.5595069945399983,,False,False,False,False,False,False,
54,4948,0,357,4948,0,357,False,191860,191860,0,821,False,False,False,True,H0,H0,1.0,0.6182528219961768,,False,False,False,False,False,False,
55,123081,0,200,122518,1,200,True,122518,122518,1,200,True,True,True,False,H0,H0,0.6876565380735061,0.6876565380735061,,False,False,False,False,False,False,
56,27290,0,145,90384,0,145,False,15609,15609,0,677,False,False,False,True,H0,H0,0.6866324205197826,0.44679099358745145,,False,False,False,False,False,False,
57,186503,0,787,186222,0,787,False,94077,94077,1,1096,False,False,False,True,H0,H0,0.6661889104715817,0.5669077341885835,,False,False,False,False,False,False,
58,186837,1,656,186838,1,656,False,94077,94077,1,1096,False,False,False,True,H1,H0,0.9999999999999999,0.5713381702562295,,False,False,False,False,False,False,
59,69675,0,295,78716,0,295,True,78716,78716,0,295,True,True,True,False,H0,H0,0.8307927044897239,0.8307927044897239,,False,False,False,False,False,False,
60,166377,1,112,166337,1,112,True,166337,166337,1,112,True,True,True,False,H1,H1,0.9829983831265319,0.9829983831265319,,False,False,False,False,False,False,
61,190971,0,121,167316,1,121,False,193825,193825,0,121,False,False,True,False,H0,H0,0.8207599721966394,0.717672037584281,,False,False,False,False,False,False,
62,139740,1,196,139740,1,196,False,74305,74305,0,726,False,False,False,True,H1,H0,1.0,0.6433976772797549,,False,False,False,False,False,False,
63,4361,1,960,22060,1,960,False,22062,22062,0,960,False,False,True,False,H1,H0,0.772271425392227,0.7300424240487622,,False,False,False,False,False,False,
64,102462,1,224,102462,1,224,False,46035,46035,0,1096,False,False,False,True,H1,H0,1.0,0.6112552231844682,,False,False,False,False,False,False,
65,163762,0,367,144869,0,367,False,165395,165395,1,367,False,False,True,False,H0,H0,0.9647505104476884,0.8291624206370226,,False,False,False,False,False,False,
66,15452,0,675,140522,0,675,False,64846,64846,0,675,False,False,True,False,H0,H0,0.7261529522002904,0.8321786419787957,,False,False,False,False,False,False,
67,199906,0,787,186222,0,787,False,101867,101867,0,932,False,False,False,True,H0,H0,0.7455784599902576,0.5588116151325251,,False,False,False,False,False,False,
68,72302,0,821,61597,0,821,False,177913,177913,0,821,False,False,True,False,H0,H0,0.7710232481389839,0.6646735726436723,,False,False,False,False,False,False,
69,191850,0,697,101620,1,697,False,94077,94077,1,1096,False,False,False,True,H0,H0,0.6713241160711222,0.535229378238102,,False,False,False,False,False,False,
70,137466,0,841,137465,0,841,False,72302,72302,0,821,False,False,False,True,H0,H0,0.8057395991286415,0.49011077680954207,,False,False,False,False,False,False,
71,96652,1,725,47370,0,725,False,52447,52447,0,725,False,False,True,False,H0,H0,0.7667392815072869,0.714050615873367,,False,False,False,False,False,False,
72,124545,0,746,138527,0,746,False,190020,190020,1,746,False,False,True,False,H0,H0,0.6984268555422851,0.7001040584331867,,False,False,False,False,False,False,
73,152408,1,497,191899,0,497,False,15609,15609,0,677,False,False,False,True,H0,H0,0.534321203748485,0.42092276535203926,,False,False,False,False,False,False,
74,98140,0,370,98091,1,370,False,46035,46035,0,1096,False,False,False,True,H0,H0,0.9057208314851174,0.6327913584562885,,False,False,False,False,False,False,
75,122916,0,200,122518,1,200,True,122518,122518,1,200,True,True,True,False,H0,H0,0.9751825218573149,0.9751825218573149,,False,False,False,False,False,False,
76,37198,1,718,133710,1,718,False,93645,93645,0,718,False,False,True,False,H1,H0,0.6516708765138801,0.6135176122103683,,False,False,False,False,False,False,
77,90354,1,790,90358,0,790,False,102462,102462,1,224,False,False,False,True,H0,H0,0.747956481162706,0.5225473232574006,,False,False,False,False,False,False,
78,93773,0,557,93773,0,557,False,144967,144967,0,374,False,False,False,True,H0,H0,1.0,0.607494860870498,,False,False,False,False,False,False,
79,119273,0,127,117769,0,127,False,62318,62318,0,127,False,False,True,False,H0,H0,0.8020086575239344,0.7309733600231733,,False,False,False,False,False,False,
80,180597,0,675,140522,0,675,False,64846,64846,0,675,False,False,True,False,H0,H0,0.7615061852269971,0.8099531504286094,,False,False,False,False,False,False,
81,119107,0,467,25363,0,467,False,186837,186837,1,656,False,False,False,True,H0,H0,0.6866539164532945,0.5420044524658701,,False,False,False,False,False,False,
82,523,1,750,89384,0,750,False,192706,192706,1,750,False,False,True,False,H0,H1,0.8965179422532986,0.8590194615242835,,False,False,False,False,False,False,
83,164005,0,634,164007,0,634,False,96652,96652,1,725,False,False,False,True,H0,H0,0.752175084335733,0.6020873170992684,,False,False,False,False,False,False,
84,186486,1,367,144869,0,367,False,163762,163762,0,367,False,False,True,False,H0,H0,0.8317766903214827,0.8305075072683377,,False,False,False,False,False,False,
85,16838,1,11,16838,1,11,False,141501,141501,0,738,False,False,False,True,H1,H0,1.0,0.6473019330657778,,False,False,False,False,False,False,
86,162576,0,675,140522,0,675,False,52972,52972,0,146,False,False,False,True,H0,H0,0.7013374111260401,0.6989395892664789,,False,False,False,False,False,False,
87,193952,0,932,125453,0,932,False,101867,101867,0,932,False,False,True,False,H0,H0,0.7486563153562836,0.6866536370004054,,False,False,False,False,False,False,
88,39559,0,944,93272,0,944,False,163762,163762,0,367,False,False,False,True,H0,H0,0.5925245906669065,0.5237303495286819,,False,False,False,False,False,False,
89,32967,0,697,101620,1,697,False,191850,191850,0,697,False,False,True,False,H0,H0,0.6593948354731831,0.6062736421703755,,False,False,False,False,False,False,
90,8679,1,404,74753,1,404,False,137956,137956,0,404,False,False,True,False,H1,H0,0.733127736133518,0.6429947445229862,,False,False,False,False,False,False,
91,174272,0,626,188336,0,626,False,122916,122916,0,200,False,False,False,True,H0,H0,0.5928136849368977,0.596540855512406,,False,False,False,False,False,False,
92,144333,1,746,138527,0,746,False,192706,192706,1,750,False,False,False,True,H0,H0,0.803585760469365,0.8959085901733527,,False,False,False,False,False,False,
93,58337,0,497,191899,0,497,False,96652,96652,1,725,False,False,False,True,H0,H0,0.6134116124732757,0.5975579231723976,,False,False,False,False,False,False,
94,138605,0,895,161914,0,895,False,49714,49714,0,1038,False,False,False,True,H0,H0,0.6200335834404759,0.6378719119019421,,False,False,False,False,False,False,
95,121392,1,200,122518,1,200,True,122518,122518,1,200,True,True,True,False,H1,H1,1.0000000000000002,1.0000000000000002,,False,False,False,False,False,False,
96,168335,0,158,142471,0,158,False,178254,178254,0,626,False,False,False,True,H0,H0,0.46725205581973434,0.5984922710477152,,False,False,False,False,False,False,
97,2564,1,446,128399,0,446,False,37198,37198,1,718,False,False,False,True,H0,H0,0.6380148098211559,0.5234785037786897,,False,False,False,False,False,False,
98,51636,0,656,186838,1,656,False,186837,186837,1,656,False,False,True,False,H0,H0,0.5594590513008009,0.5594590513008009,,False,False,False,False,False,False,
99,183484,1,561,23568,1,561,False,90354,90354,1,790,False,False,False,True,H1,H0,0.7465190776508475,0.6012507268935389,,False,False,False,False,False,False,
100,101340,1,4,106038,1,4,True,106038,106038,1,4,True,True,True,False,H1,H1,0.9999999999999999,0.9999999999999999,,False,False,False,False,False,False,
101,175336,0,121,167316,1,121,False,116828,116828,0,121,False,False,True,False,H0,H0,0.6862639083386686,0.6378117445530693,,False,False,False,False,False,False,
102,70674,1,750,89384,0,750,False,523,523,1,750,False,False,True,False,H0,H1,0.869450251612307,0.8409047707626114,,False,False,False,False,False,False,
103,3878,1,998,3924,0,998,False,45681,45681,0,938,False,False,False,True,H0,H0,0.6845083939630686,0.5537990551381389,,False,False,False,False,False,False,
104,104163,0,886,125941,0,886,False,144333,144333,1,746,False,False,False,True,H0,H0,0.5742921846446316,0.4429169017579995,,False,False,False,False,False,False,
105,8887,0,1096,3995,0,1096,False,94077,94077,1,1096,False,False,True,False,H0,H0,0.7263932310170325,0.725508706307783,,False,False,False,False,False,False,
106,118336,0,127,117769,0,127,False,119273,119273,0,127,False,False,True,False,H0,H0,0.7530167124208792,0.7601491707303305,,False,False,False,False,False,False,
107,26147,0,932,125453,0,932,False,176652,176652,1,932,False,False,True,False,H0,H0,0.642878271828813,0.7135899636444731,,False,False,False,False,False,False,
108,40595,1,821,61597,0,821,False,72302,72302,0,821,False,False,True,False,H0,H0,0.8603727009682286,0.7511867914707286,,False,False,False,False,False,False,
109,15097,1,697,101620,1,697,False,191850,191850,0,697,False,False,True,False,H1,H0,0.5359693771376061,0.6881494426008856,,False,False,False,False,False,False,
110,30090,0,404,74753,1,404,False,8679,8679,1,404,False,False,True,False,H0,H0,0.7824639056191725,0.7384350777393519,,False,False,False,False,False,False,
111,122583,1,725,47370,0,725,False,96652,96652,1,725,False,False,True,False,H0,H1,0.6958314426754479,0.7659144978861415,,False,False,False,False,False,False,
112,98067,1,746,138527,0,746,False,144333,144333,1,746,False,False,True,False,H0,H1,0.7929412911227535,0.8749864930279314,,False,False,False,False,False,False,
113,36603,1,267,36669,1,267,False,36143,36143,0,467,False,False,False,True,H1,H0,0.9550818818447184,0.622358650630079,,False,False,False,False,False,False,
114,17802,1,616,15361,0,616,False,119273,119273,0,127,False,False,False,True,H0,H0,0.5148834953763707,0.6375573236512939,,False,False,False,False,False,False,
115,134964,0,200,122518,1,200,True,122916,122916,0,200,False,True,True,False,H0,H0,0.7207399195542995,0.7286923994676072,,False,False,False,False,False,False,
116,34079,0,887,119358,0,887,False,166377,166377,1,112,False,False,False,True,H0,H0,0.6459383730339708,0.651168308384318,,False,False,False,False,False,False,
117,88614,0,513,88614,0,513,False,34079,34079,0,887,False,False,False,True,H0,H0,0.9999999999999998,0.5709512732617535,,False,False,False,False,False,False,
118,112609,0,497,191899,0,497,False,33154,33154,1,497,False,False,True,False,H0,H0,0.5807875846281305,0.5610453562791073,,False,False,False,False,False,False,
119,78713,0,295,78716,0,295,True,78716,78716,0,295,True,True,True,False,H0,H0,0.8570055180283677,0.8570055180283677,,False,False,False,False,False,False,
120,126109,0,112,166337,1,112,True,166377,166377,1,112,False,True,True,False,H0,H0,0.6848540107151134,0.7017139722552004,,False,False,False,False,False,False,
121,186615,0,121,167316,1,121,False,190971,190971,0,121,False,False,True,False,H0,H0,0.6456731350846027,0.6082524406309845,,False,False,False,False,False,False,
122,187619,0,750,89384,0,750,False,523,523,1,750,False,False,True,False,H0,H0,0.705869337934706,0.6939208775343585,,False,False,False,False,False,False,
123,22072,0,960,22060,1,960,False,4361,4361,1,960,False,False,True,False,H0,H0,0.7892826744732444,0.7176284111227463,,False,False,False,False,False,False,
124,137622,0,367,144869,0,367,False,163762,163762,0,367,False,False,True,False,H0,H0,0.6510639303306684,0.6304457196904978,,False,False,False,False,False,False,
125,31511,0,1096,3995,0,1096,False,94077,94077,1,1096,False,False,True,False,H0,H0,0.71404501466419,0.6252448903585844,,False,False,False,False,False,False,
126,120514,0,179,120514,0,179,False,166057,166057,1,112,False,False,False,True,H0,H0,1.0,0.5347620939583902,,False,False,False,False,False,False,
127,92537,0,593,76267,0,593,False,163762,163762,0,367,False,False,False,True,H0,H0,0.6271744333805389,0.621665665349638,,False,False,False,False,False,False,
128,166765,0,227,166765,0,227,False,106038,106038,1,4,False,False,False,True,H0,H0,1.0,0.626419549896999,,False,False,False,False,False,False,
129,21693,1,749,21693,1,749,False,523,523,1,750,False,False,False,True,H1,H0,1.0000000000000002,0.8278361465215416,,False,False,False,False,False,False,
130,9981,0,176,9981,0,176,False,144967,144967,0,374,False,False,False,True,H0,H0,1.0,0.6418386571305138,,False,False,False,False,False,False,
131,36381,0,725,47370,0,725,False,96652,96652,1,725,False,False,True,False,H0,H0,0.6765752705075851,0.6026481995680323,,False,False,False,False,False,False,
132,83637,0,746,138527,0,746,False,98067,98067,1,746,False,False,True,False,H0,H0,0.7731105752188755,0.7273265525518282,,False,False,False,False,False,False,
133,145308,0,497,191899,0,497,False,33154,33154,1,497,False,False,True,False,H0,H0,0.6099147320763413,0.6157403938259788,,False,False,False,False,False,False,
134,140022,0,897,35495,1,897,False,193952,193952,0,932,False,False,False,True,H0,H0,0.7280756705622426,0.5653866106888116,,False,False,False,False,False,False,
135,88583,0,200,122518,1,200,True,122583,122583,1,725,False,True,False,True,H0,H0,0.37576408579459847,0.3901906805569018,,False,False,False,False,False,False,
136,122641,0,1034,142425,0,1034,False,145096,145096,1,150,False,False,False,True,H0,H0,0.5548112477508166,0.5419353004094412,,False,False,False,False,False,False,
137,118612,0,127,117769,0,127,False,119273,119273,0,127,False,False,True,False,H0,H0,0.742448966459875,0.7378547462235642,,False,False,False,False,False,False,
138,51029,1,354,51029,1,354,False,92537,92537,0,593,False,False,False,True,H1,H0,1.0,0.5659483860736896,,False,False,False,False,False,False,
139,125211,0,726,15648,0,726,False,96652,96652,1,725,False,False,False,True,H0,H0,0.7201688145825702,0.7241027535545724,,False,False,False,False,False,False,
140,166050,1,112,166337,1,112,True,166057,166057,1,112,False,True,True,False,H1,H1,0.9881029604061293,0.9999999999999999,,False,False,False,False,False,False,
141,85712,0,199,64895,0,199,False,119273,119273,0,127,False,False,False,True,H0,H0,0.6408500840879503,0.4855045221318102,,False,False,False,False,False,False,
142,96692,0,750,89384,0,750,False,21693,21693,1,749,False,False,False,True,H0,H0,0.7476271080258309,0.7410250073774736,,False,False,False,False,False,False,
143,32166,0,960,22060,1,960,False,22072,22072,0,960,False,False,True,False,H0,H0,0.7848368265003116,0.7603782571780285,,False,False,False,False,False,False,
144,71223,1,114,135718,0,114,False,178075,178075,0,821,False,False,False,True,H0,H0,0.7183220915647192,0.5092906564731029,,False,False,False,False,False,False,
145,4021,0,1096,3995,0,1096,False,94077,94077,1,1096,False,False,True,False,H0,H0,0.7386509113162399,0.6609442232283788,,False,False,False,False,False,False,
146,94115,0,1041,94115,0,1041,False,124545,124545,0,746,False,False,False,True,H0,H0,0.9999999999999997,0.6000682905072569,,False,False,False,False,False,False,
147,178063,0,932,125453,0,932,False,26147,26147,0,932,False,False,True,False,H0,H0,0.7562856511947479,0.7178729245157444,,False,False,False,False,False,False,
148,22072,0,960,22060,1,960,False,22072,22072,0,960,False,False,True,False,H0,H0,0.7892826744732444,1.0,,False,False,False,False,False,False,
149,197652,0,571,37683,1,571,False,40595,40595,1,821,False,False,False,True,H0,H0,0.778186601890561,0.638312956829424,,False,False,False,False,False,False,
150,169863,0,404,74753,1,404,False,30090,30090,0,404,False,False,True,False,H0,H0,0.7050682945635162,0.6953427862309107,,False,False,False,False,False,False,
151,46704,0,244,18727,0,244,False,199906,199906,0,787,False,False,False,True,H0,H0,0.6632262008879224,0.5077146154588821,,False,False,False,False,False,False,
152,142669,0,325,142669,0,325,False,166765,166765,0,227,False,False,False,True,H0,H0,0.9999999999999999,0.5406717178169088,,False,False,False,False,False,False,
153,87050,0,497,191899,0,497,False,58337,58337,0,497,False,False,True,False,H0,H0,0.7036253988922261,0.7000812487325699,,False,False,False,False,False,False,
154,89668,0,897,35495,1,897,False,140022,140022,0,897,False,False,True,False,H0,H0,0.6375383243994444,0.5849455430560919,,False,False,False,False,False,False,
155,134387,0,200,122518,1,200,True,134964,134964,0,200,False,True,True,False,H0,H0,0.5451096465184744,0.6463283735592494,,False,False,False,False,False,False,
156,93925,0,718,133710,1,718,False,70669,70669,1,718,False,False,True,False,H0,H0,0.679365866439042,0.6148187813591349,,False,False,False,False,False,False,
157,60606,0,932,125453,0,932,False,26147,26147,0,932,False,False,True,False,H0,H0,0.6694852299458809,0.7157718642034814,,False,False,False,False,False,False,
158,109718,0,465,157455,0,465,False,49714,49714,0,1038,False,False,False,True,H0,H0,0.5968659739764901,0.5945840257794558,,False,False,False,False,False,False,
159,64919,0,295,78716,0,295,True,78716,78716,0,295,True,True,True,False,H0,H0,0.6925401524686176,0.6925401524686176,,False,False,False,False,False,False,
160,168076,0,463,59725,1,463,False,109718,109718,0,465,False,False,False,True,H0,H0,0.6803828199905353,0.5435384611662958,,False,False,False,False,False,False,
161,183835,0,776,154522,0,776,False,51029,51029,1,354,False,False,False,True,H0,H0,0.7508226155581427,0.6036089224560172,,False,False,False,False,False,False,
162,123534,0,750,89384,0,750,False,523,523,1,750,False,False,True,False,H0,H0,0.8026458381723494,0.791409464685315,,False,False,False,False,False,False,
163,43165,0,960,22060,1,960,False,22072,22072,0,960,False,False,True,False,H0,H0,0.7139328141868441,0.824557441804404,,False,False,False,False,False,False,
164,159162,0,367,144869,0,367,False,163762,163762,0,367,False,False,True,False,H0,H0,0.6920602957515241,0.6831304274358537,,False,False,False,False,False,False,
165,6631,0,1096,3995,0,1096,False,181656,181656,0,1096,False,False,True,False,H0,H0,0.6391550078322576,0.6427892609095956,,False,False,False,False,False,False,
166,29638,0,625,156105,0,625,False,106038,106038,1,4,False,False,False,True,H0,H0,0.7886711842488132,0.6546427850923571,,False,False,False,False,False,False,
167,195105,0,932,125453,0,932,False,193952,193952,0,932,False,False,True,False,H0,H0,0.7342936123786978,0.8289215502703361,,False,False,False,False,False,False,
168,155869,1,341,155869,1,341,False,197652,197652,0,571,False,False,False,True,H1,H0,1.0,0.6829875238346246,,False,False,False,False,False,False,
169,129175,0,697,101620,1,697,False,94077,94077,1,1096,False,False,False,True,H0,H0,0.6791864572201326,0.5853942554103472,,False,False,False,False,False,False,
170,188305,0,404,74753,1,404,False,30090,30090,0,404,False,False,True,False,H0,H0,0.6610491411243361,0.6040749908610659,,False,False,False,False,False,False,
171,69499,0,725,47370,0,725,False,125211,125211,0,726,False,False,False,True,H0,H0,0.7708189321808595,0.7059774065626395,,False,False,False,False,False,False,
172,132400,0,405,132400,0,405,False,22072,22072,0,960,False,False,False,True,H0,H0,0.9999999999999999,0.6368917235688328,,False,False,False,False,False,False,
173,71221,0,497,191899,0,497,False,145308,145308,0,497,False,False,True,False,H0,H0,0.6764841094572068,0.722123623653365,,False,False,False,False,False,False,
174,67507,0,701,99300,0,701,False,92479,92479,0,917,False,False,False,True,H0,H0,0.6850142703288908,0.6108557381627193,,False,False,False,False,False,False,
175,197192,0,1046,93579,0,1046,False,4021,4021,0,1096,False,False,False,True,H0,H0,0.6425456795021225,0.5802056074352259,,False,False,False,False,False,False,
176,115910,0,127,117769,0,127,False,119273,119273,0,127,False,False,True,False,H0,H0,0.7826365250238814,0.7829415660828563,,False,False,False,False,False,False,
177,197062,0,790,90358,0,790,False,90354,90354,1,790,False,False,True,False,H0,H0,0.6456322902840091,0.7172601439721269,,False,False,False,False,False,False,
178,189069,0,656,186838,1,656,False,8887,8887,0,1096,False,False,False,True,H0,H0,0.5602651455159292,0.5769217045502115,,False,False,False,False,False,False,
179,2391,0,113,108012,0,113,False,36143,36143,0,467,False,False,False,True,H0,H0,0.7540696738856002,0.6571335539198048,,False,False,False,False,False,False,
180,165929,1,112,166337,1,112,True,166050,166050,1,112,False,True,True,False,H1,H1,0.9843836937251932,0.9932932107060218,,False,False,False,False,False,False,
181,161429,0,121,167316,1,121,False,190971,190971,0,121,False,False,True,False,H0,H0,0.6691331810854626,0.7310168845515973,0.7603363990783691,False,False,False,False,False,False,
182,89706,0,750,89384,0,750,False,192706,192706,1,750,False,False,True,False,H0,H0,0.8028889544398358,0.8305352687915201,0.7603363990783691,True,True,True,False,True,False,
183,26423,0,960,22060,1,960,False,4361,4361,1,960,False,False,True,False,H0,H0,0.781676327691822,0.7680837323320294,0.7603363990783691,True,True,True,False,True,False,
184,88112,0,119,79907,0,119,False,118336,118336,0,127,False,False,False,True,H0,H0,0.8317818997112255,0.6862012666310575,0.7603363990783691,True,False,False,False,False,False,
185,15694,0,870,15694,0,870,False,78716,78716,0,295,False,False,False,True,H0,H0,1.0,0.6188085082338824,0.7603363990783691,True,False,False,False,False,False,
186,56263,0,675,140522,0,675,False,29638,29638,0,625,False,False,False,True,H0,H0,0.6497381867846741,0.5696590359153767,0.7603363990783691,False,False,False,False,False,False,
187,96542,0,932,125453,0,932,False,101867,101867,0,932,False,False,True,False,H0,H0,0.6940990012660271,0.7310100428702752,0.7603363990783691,False,False,False,False,False,False,
188,131142,0,435,68460,0,435,False,132400,132400,0,405,False,False,False,True,H0,H0,0.614974983435641,0.588777988642117,0.7650864720344543,False,False,False,False,False,False,
189,86719,1,14,86719,1,14,False,178254,178254,0,626,False,False,False,True,H1,H0,1.0000000000000002,0.5995644371521718,0.7650864720344543,True,False,False,False,False,False,
190,47552,0,119,79907,0,119,False,88112,88112,0,119,False,False,True,False,H0,H0,0.7845585231618086,0.7078103962645967,0.7650864720344543,True,False,False,False,False,False,
191,120149,0,725,47370,0,725,False,69499,69499,0,725,False,False,True,False,H0,H0,0.7553137486634269,0.7071788268137067,0.7650864720344543,False,False,False,False,False,False,
192,138527,0,746,138527,0,746,False,6865,6865,0,746,False,False,True,False,H0,H0,1.0000000000000002,0.8313739544348862,0.7650864720344543,True,True,True,False,True,False,
193,191899,0,497,191899,0,497,False,87050,87050,0,497,False,False,True,False,H0,H0,1.0000000000000002,0.7036253988922261,0.7650864720344543,True,False,False,False,False,False,
194,21669,0,1076,44118,0,1076,False,191860,191860,0,821,False,False,False,True,H0,H0,0.5552396709096689,0.5846017992662976,0.7650864720344543,False,False,False,False,False,False,
195,106358,0,200,122518,1,200,True,121392,121392,1,200,False,True,True,False,H0,H0,0.6998543845879629,0.6998543845879629,0.7650864720344543,False,False,False,False,False,False,
196,149681,0,718,133710,1,718,False,93925,93925,0,718,False,False,True,False,H0,H0,0.6920462592724129,0.7455938699909019,0.7650864720344543,False,False,False,False,False,False,
197,4653,0,156,4559,0,156,False,144967,144967,0,374,False,False,False,True,H0,H0,0.7991485866031769,0.5921478506772476,0.7650864720344543,True,False,False,False,False,False,
198,155320,0,879,155320,0,879,False,101867,101867,0,932,False,False,False,True,H0,H0,0.9999999999999999,0.6159969144875176,0.7650864720344543,True,False,False,False,False,False,
199,113895,0,65,114784,0,65,False,125211,125211,0,726,False,False,False,True,H0,H0,0.8788748431314752,0.6417514286048714,0.7650864720344543,True,False,False,False,False,False,
200,166057,1,112,166337,1,112,True,166050,166050,1,112,False,True,True,False,H1,H1,0.9881029604061293,0.9999999999999999,0.7650864720344543,True,True,True,True,False,False,
201,153034,0,121,167316,1,121,False,161429,161429,0,121,False,False,True,False,H0,H0,0.7165122392020132,0.7627442563300817,0.7650864720344543,False,False,False,False,False,False,
202,23538,0,750,89384,0,750,False,96692,96692,0,750,False,False,True,False,H0,H0,0.7046410231321328,0.6925775492996458,0.7650864720344543,False,False,False,False,False,False,
203,31820,0,960,22060,1,960,False,22072,22072,0,960,False,False,True,False,H0,H0,0.7450116226910102,0.7473880070548952,0.7627442479133606,False,False,False,False,False,False,
204,133605,1,292,133605,1,292,False,19370,19370,1,746,False,False,False,True,H1,H0,0.9999999999999999,0.7028215525634323,0.7627442479133606,True,False,False,False,False,False,
205,56321,0,127,117769,0,127,False,115910,115910,0,127,False,False,True,False,H0,H0,0.7662167163377581,0.7734996269728373,0.7627442479133606,True,True,True,False,True,False,
206,76228,0,675,140522,0,675,False,162576,162576,0,675,False,False,True,False,H0,H0,0.6466602946123444,0.7700810382536042,0.7627442479133606,False,True,True,False,True,False,
207,146774,0,932,125453,0,932,False,193952,193952,0,932,False,False,True,False,H0,H0,0.7011511017647041,0.7431785431035036,0.7627442479133606,False,False,False,False,False,False,
208,39516,1,821,61597,0,821,False,178075,178075,0,821,False,False,True,False,H0,H0,0.7116801131696938,0.7020663183084062,0.7627442479133606,False,False,False,False,False,False,
209,101620,1,697,101620,1,697,False,8887,8887,0,1096,False,False,False,True,H1,H0,1.0000000000000002,0.6834932152951848,0.7627442479133606,True,False,False,False,False,False,
210,23538,0,750,89384,0,750,False,23538,23538,0,750,False,False,True,False,H0,H0,0.7046410231321328,0.9999999999999999,0.7627442479133606,False,True,True,False,False,True,self_pair
211,91952,0,725,47370,0,725,False,96652,96652,1,725,False,False,True,False,H0,H0,0.6854288124274877,0.7584130302672824,0.7680837512016296,False,False,False,False,False,False,
212,188122,1,31,188122,1,31,False,174272,174272,0,626,False,False,False,True,H1,H0,1.0,0.6297956021014072,0.7680837512016296,True,False,False,False,False,False,
213,4559,0,156,4559,0,156,False,4653,4653,0,156,False,False,True,False,H0,H0,1.0,0.7991485866031769,0.7680837512016296,True,True,True,False,True,False,
214,187906,0,897,35495,1,897,False,140022,140022,0,897,False,False,True,False,H0,H0,0.6082418321431508,0.5733856317718142,0.7680837512016296,False,False,False,False,False,False,
215,108517,0,703,105229,1,703,False,94077,94077,1,1096,False,False,False,True,H0,H0,0.7476239758090995,0.6428607216752992,0.7680837512016296,False,False,False,False,False,False,
216,189592,0,968,150691,0,968,False,23538,23538,0,750,False,False,False,True,H0,H0,0.6453863138036064,0.6018104193303259,0.7680837512016296,False,False,False,False,False,False,
217,98773,0,790,90358,0,790,False,197062,197062,0,790,False,False,True,False,H0,H0,0.5724826821450439,0.5925291364636956,0.7680837512016296,False,False,False,False,False,False,
218,194619,0,1031,192229,0,1031,False,94115,94115,0,1041,False,False,False,True,H0,H0,0.719018522895957,0.5558218004885374,0.7650864720344543,False,False,False,False,False,False,
219,78716,0,295,78716,0,295,True,78716,78716,0,295,True,True,True,False,H0,H0,1.0000000000000002,1.0000000000000002,0.7650864720344543,True,True,True,False,False,True,self_pair
220,166337,1,112,166337,1,112,True,166337,166337,1,112,True,True,True,False,H1,H1,1.0000000000000002,1.0000000000000002,0.7650864720344543,True,True,True,False,False,True,self_pair
221,145859,0,121,167316,1,121,False,193825,193825,0,121,False,False,True,False,H0,H0,0.6672701684649862,0.6746289474479451,0.7650864720344543,False,False,False,False,False,False,
222,127309,0,750,89384,0,750,False,187619,187619,0,750,False,False,True,False,H0,H0,0.7467816853757882,0.736147142588559,0.7650864720344543,False,False,False,False,False,False,
223,164379,0,444,13514,0,444,False,36143,36143,0,467,False,False,False,True,H0,H0,0.7769660130072426,0.6857530859815487,0.7650864720344543,True,False,False,False,False,False,
224,194659,0,1031,192229,0,1031,False,194619,194619,0,1031,False,False,True,False,H0,H0,0.6386254219889472,0.7503774354359379,0.7650864720344543,False,False,False,False,False,False,
225,39123,0,268,39123,0,268,False,69499,69499,0,725,False,False,False,True,H0,H0,1.0,0.6072147034526366,0.7650864720344543,True,False,False,False,False,False,
226,49296,1,675,140522,0,675,False,15452,15452,0,675,False,False,True,False,H0,H0,0.7927231370345612,0.7948953189297627,0.7650864720344543,True,True,True,False,True,False,
227,125453,0,932,125453,0,932,False,178063,178063,0,932,False,False,True,False,H0,H0,1.0,0.7562856511947479,0.7650864720344543,True,False,False,False,False,False,
228,103314,0,657,87518,0,657,False,129175,129175,0,697,False,False,False,True,H0,H0,0.6309206329203316,0.6205994589845257,0.7650864720344543,False,False,False,False,False,False,
229,67930,1,697,101620,1,697,True,101620,101620,1,697,True,True,True,False,H1,H1,0.7556483953977144,0.7556483953977144,0.7650864720344543,False,False,False,False,False,False,
230,82706,0,295,78716,0,295,True,78716,78716,0,295,True,True,True,False,H0,H0,0.7827215971294933,0.7827215971294933,0.7650864720344543,True,True,True,False,True,False,
231,7928,0,725,47370,0,725,False,96652,96652,1,725,False,False,True,False,H0,H0,0.7602626142404892,0.7170519540769494,0.7650864720344543,False,False,False,False,False,False,
232,1174,1,746,138527,0,746,False,19370,19370,1,746,False,False,True,False,H0,H1,0.7925834462838435,0.8492341923111049,0.7650864720344543,True,True,True,True,False,False,
233,144388,1,773,174705,0,773,False,132400,132400,0,405,False,False,False,True,H0,H0,0.6573762273851177,0.5990260986240407,0.7650864720344543,False,False,False,False,False,False,
234,8977,0,897,35495,1,897,False,140022,140022,0,897,False,False,True,False,H0,H0,0.7370350031742461,0.7650214943229415,0.7650864720344543,False,False,False,False,False,False,
235,106447,0,200,122518,1,200,True,106358,106358,0,200,False,True,True,False,H0,H0,0.7083692609962194,0.9887376026221169,0.7627442479133606,False,True,True,False,True,False,
236,70669,1,718,133710,1,718,False,70669,70669,1,718,False,False,True,False,H1,H1,0.6533451395865641,0.9999999999999998,0.7627442479133606,False,True,True,False,False,True,self_pair
237,90358,0,790,90358,0,790,False,90354,90354,1,790,False,False,True,False,H0,H0,0.9999999999999999,0.747956481162706,0.7627442479133606,True,False,False,False,False,False,
238,104686,0,656,186838,1,656,False,186837,186837,1,656,False,False,True,False,H0,H0,0.600400520070531,0.600400520070531,0.7627442479133606,False,False,False,False,False,False,
239,64469,0,295,78716,0,295,True,64469,64469,0,295,False,True,True,False,H0,H0,0.7208212235544739,0.9999999999999999,0.7627442479133606,False,True,True,False,False,True,self_pair
240,166377,1,112,166337,1,112,True,166377,166377,1,112,False,True,True,False,H1,H1,0.9829983831265319,1.0,0.7627442479133606,True,True,True,False,False,True,self_pair
241,110215,0,568,107391,0,568,False,164005,164005,0,634,False,False,False,True,H0,H0,0.7699604272814261,0.6637309123782594,0.7627442479133606,True,False,False,False,False,False,
242,149664,0,750,89384,0,750,False,96692,96692,0,750,False,False,True,False,H0,H0,0.7137598097991738,0.785304622251161,0.7627442479133606,False,True,True,False,True,False,
243,4050,0,960,22060,1,960,False,4361,4361,1,960,False,False,True,False,H0,H0,0.8086004743656481,0.8940417614704208,0.7627442479133606,True,True,True,False,True,False,
244,137901,0,367,144869,0,367,False,159162,159162,0,367,False,False,True,False,H0,H0,0.7000479612887641,0.981526944644052,0.7627442479133606,False,True,True,False,True,False,
245,64419,1,1,51236,1,1,False,16838,16838,1,11,False,False,False,True,H1,H0,0.9999999999996816,0.6721154565799805,0.7627442479133606,True,False,False,False,False,False,
246,121712,0,675,140522,0,675,False,180597,180597,0,675,False,False,True,False,H0,H0,0.74914082151739,0.7767525552388764,0.7627442479133606,False,True,True,False,True,False,
247,74516,1,932,125453,0,932,True,26147,26147,0,932,False,False,True,False,H0,H0,0.7039878432404064,0.8283825158452136,0.7627442479133606,False,True,True,False,True,False,
248,74209,0,821,61597,0,821,False,191860,191860,0,821,False,False,True,False,H0,H0,0.6057436458104913,0.6195263342979109,0.7627442479133606,False,False,False,False,False,False,
249,154228,1,597,125437,0,597,False,132400,132400,0,405,False,False,False,True,H0,H0,0.6628630217591163,0.5629151946248644,0.7627442479133606,False,False,False,False,False,False,
250,93824,1,404,74753,1,404,False,8679,8679,1,404,False,False,True,False,H1,H1,0.7601430288917416,0.745041814107303,0.7627442479133606,False,False,False,False,False,False,
251,15713,0,725,47370,0,725,False,96652,96652,1,725,False,False,True,False,H0,H0,0.833430994477354,0.7640186998674704,0.7627442479133606,True,True,True,False,True,False,
252,6865,0,746,138527,0,746,False,6865,6865,0,746,False,False,True,False,H0,H0,0.8313739544348862,1.0000000000000002,0.7627442479133606,True,True,True,False,False,True,self_pair
253,47721,0,497,191899,0,497,True,191899,191899,0,497,True,True,True,False,H0,H0,0.7285410668315314,0.7285410668315314,0.7627442479133606,False,False,False,False,False,False,
254,92970,0,897,35495,1,897,False,187906,187906,0,897,False,False,True,False,H0,H0,0.6474765175632088,0.6196028870183309,0.7627442479133606,False,False,False,False,False,False,
255,171575,0,200,122518,1,200,True,121392,121392,1,200,False,True,True,False,H0,H0,0.706901713853956,0.706901713853956,0.7627442479133606,False,False,False,False,False,False,
256,93645,0,718,133710,1,718,False,93645,93645,0,718,False,False,True,False,H0,H0,0.5431542991365279,1.0,0.7627442479133606,False,True,True,False,False,True,self_pair
257,85936,0,882,85936,0,882,False,140022,140022,0,897,False,False,False,True,H0,H0,1.0,0.6501460631692818,0.7627442479133606,True,False,False,False,False,False,
258,186837,1,656,186838,1,656,False,186837,186837,1,656,False,False,True,False,H1,H1,0.9999999999999999,0.9999999999999999,0.7627442479133606,True,True,True,False,False,True,self_pair
259,61261,0,474,63143,0,474,False,137466,137466,0,841,False,False,False,True,H0,H0,0.7384958367858746,0.5702134794172717,0.7627442479133606,False,False,False,False,False,False,
260,166378,1,112,166337,1,112,True,166377,166377,1,112,False,True,True,False,H1,H1,0.9829983831265319,1.0,0.7627442479133606,True,True,True,True,False,False,
261,65684,0,121,167316,1,121,False,161429,161429,0,121,False,False,True,False,H0,H0,0.7269281020274174,0.7748959940195117,0.7627442479133606,False,True,True,False,True,False,
262,130065,0,886,125941,0,886,False,64919,64919,0,295,False,False,False,True,H0,H0,0.700309680009437,0.5203165360368436,0.7627442479133606,False,False,False,False,False,False,
263,103547,0,775,27839,0,775,False,64419,64419,1,1,False,False,False,True,H0,H0,0.7541204630699107,0.5892856475831593,0.7627442479133606,False,False,False,False,False,False,
264,193002,0,367,144869,0,367,False,163762,163762,0,367,False,False,True,False,H0,H0,0.7110651724044637,0.7198639646973921,0.7627442479133606,False,False,False,False,False,False,
265,178023,0,1096,3995,0,1096,False,4021,4021,0,1096,False,False,True,False,H0,H0,0.6821629780207757,0.7943711371377442,0.7627442479133606,False,True,True,False,True,False,
266,140506,0,675,140522,0,675,False,64846,64846,0,675,False,False,True,False,H0,H0,0.8558982674751363,0.792419831894723,0.7627442479133606,True,True,True,False,True,False,
267,179838,0,191,183395,0,191,False,155869,155869,1,341,False,False,False,True,H0,H0,0.6630949686715386,0.6414789658681422,0.7627442479133606,False,False,False,False,False,False,
268,78624,0,548,86588,0,548,False,9981,9981,0,176,False,False,False,True,H0,H0,0.7197148278435543,0.5979953975544354,0.7627442479133606,False,False,False,False,False,False,
269,16173,1,697,101620,1,697,True,101620,101620,1,697,True,True,True,False,H1,H1,0.7974396078406,0.7974396078406,0.7627442479133606,True,True,True,True,False,False,
270,108263,1,404,74753,1,404,False,8679,8679,1,404,False,False,True,False,H1,H1,0.7656396835236716,0.699086163541083,0.7627442479133606,True,False,False,False,False,False,
271,124240,0,733,124240,0,733,False,44804,44804,0,748,False,False,False,True,H0,H0,1.0,0.5771133330680555,0.7627442479133606,True,False,False,False,False,False,
272,19370,1,746,138527,0,746,False,19370,19370,1,746,False,False,True,False,H0,H1,0.8027744263893299,0.9999999999999999,0.7627442479133606,True,True,True,False,False,True,self_pair
273,22178,1,497,191899,0,497,True,87050,87050,0,497,False,True,True,False,H0,H0,0.6366437607731037,0.6427240529997446,0.7627442479133606,False,False,False,False,False,False,
274,22967,0,960,22060,1,960,False,4361,4361,1,960,False,False,True,False,H0,H0,0.8492296702585667,0.7887246629312089,0.7627442479133606,True,True,True,False,True,False,
275,122518,1,200,122518,1,200,True,121392,121392,1,200,False,True,True,False,H1,H1,1.0000000000000002,1.0000000000000002,0.7627442479133606,True,True,True,True,False,False,
276,148800,0,718,133710,1,718,False,149681,149681,0,718,False,False,True,False,H0,H0,0.6868879712760088,0.6716165451132042,0.7627442479133606,False,False,False,False,False,False,
277,90354,1,790,90358,0,790,True,90354,90354,1,790,False,True,True,False,H0,H1,0.747956481162706,0.9999999999999999,0.7650864720344543,False,True,True,False,False,True,self_pair
278,186838,1,656,186838,1,656,False,186837,186837,1,656,False,False,True,False,H1,H1,0.9999999999999999,0.9999999999999999,0.7650864720344543,True,True,True,True,False,False,
279,114038,0,1094,112598,0,1094,False,130227,130227,0,1094,False,False,True,False,H0,H0,0.8638637376677126,0.7910769433299946,0.7650864720344543,True,True,True,False,True,False,
280,166269,0,112,166337,1,112,True,166050,166050,1,112,False,True,True,False,H0,H0,0.9726656312656579,0.9827976159062703,0.7650864720344543,True,True,True,False,True,False,
281,54097,0,80,54097,0,80,False,9981,9981,0,176,False,False,False,True,H0,H0,1.0,0.6915873458482013,0.7650864720344543,True,False,False,False,False,False,
282,132677,0,317,132677,0,317,False,148800,148800,0,718,False,False,False,True,H0,H0,1.0,0.5625518485679484,0.7650864720344543,True,False,False,False,False,False,
283,51709,0,971,145891,0,971,False,32166,32166,0,960,False,False,False,True,H0,H0,0.6725147797345029,0.623226227337164,0.7650864720344543,False,False,False,False,False,False,
284,138382,0,367,144869,0,367,False,165395,165395,1,367,False,False,True,False,H0,H0,0.7595891068588105,0.7992047210067869,0.7650864720344543,False,True,True,False,True,False,
285,58308,1,1,51236,1,1,False,64419,64419,1,1,False,False,True,False,H1,H1,0.9999999999996816,1.0,0.7700810432434082,True,True,True,True,False,False,
286,140522,0,675,140522,0,675,False,64846,64846,0,675,False,False,True,False,H0,H0,1.0,0.7896858245052342,0.7700810432434082,True,True,True,False,True,False,
287,154177,0,932,125453,0,932,True,26147,26147,0,932,False,False,True,False,H0,H0,0.6825801126361793,0.7637890171522932,0.7700810432434082,False,False,False,False,False,False,
288,155820,0,201,156463,1,201,False,164379,164379,0,444,False,False,False,True,H0,H0,0.9550272226111886,0.6455934699166402,0.7700810432434082,True,False,False,False,False,False,
289,177496,1,697,101620,1,697,True,101620,101620,1,697,True,True,True,False,H1,H1,0.7770959768157517,0.7770959768157517,0.7700810432434082,True,True,True,True,False,False,
290,71489,0,438,105899,0,438,False,92537,92537,0,593,False,False,False,True,H0,H0,0.7461876478460686,0.5755111190107229,0.7700810432434082,False,False,False,False,False,False,
291,52447,0,725,47370,0,725,False,52447,52447,0,725,False,False,True,False,H0,H0,0.6877057249473572,1.0,0.7700810432434082,False,True,True,False,False,True,self_pair
292,190020,1,746,138527,0,746,False,190020,190020,1,746,False,False,True,False,H0,H1,0.8305678333795827,0.9999999999999999,0.7700810432434082,True,True,True,False,False,True,self_pair
293,33154,1,497,191899,0,497,True,33154,33154,1,497,False,True,True,False,H0,H1,0.613458044980568,1.0,0.7700810432434082,False,True,True,False,False,True,self_pair
294,143864,0,897,35495,1,897,False,155320,155320,0,879,False,False,False,True,H0,H0,0.48140060483423,0.5977029847370443,0.7700810432434082,False,False,False,False,False,False,
295,98091,1,370,98091,1,370,False,98140,98140,0,370,False,False,True,False,H1,H0,1.0000000000000002,0.9057208314851174,0.7700810432434082,True,True,True,False,True,False,
296,37198,1,718,133710,1,718,False,37198,37198,1,718,False,False,True,False,H1,H1,0.6516708765138801,1.0,0.7700810432434082,False,True,True,False,False,True,self_pair
297,174573,0,999,14568,1,999,False,3878,3878,1,998,False,False,False,True,H0,H0,0.7050784276828304,0.7027683417390533,0.7700810432434082,False,False,False,False,False,False,
298,51636,0,656,186838,1,656,False,51636,51636,0,656,False,False,True,False,H0,H0,0.5594590513008009,1.0000000000000002,0.7700810432434082,False,True,True,False,False,True,self_pair
299,65291,1,295,78716,0,295,True,78716,78716,0,295,True,True,True,False,H0,H0,0.7636850471406561,0.7636850471406561,0.7700810432434082,False,False,False,False,False,False,
300,196476,0,750,89384,0,750,False,127309,127309,0,750,False,False,True,False,H0,H0,0.6947378526725767,0.792774839213236,0.7700810432434082,False,True,True,False,True,False,
301,183964,0,121,167316,1,121,False,168335,168335,0,158,False,False,False,True,H0,H0,0.5809604193438898,0.581624510668345,0.7700810432434082,False,False,False,False,False,False,
302,6504,0,750,89384,0,750,False,21693,21693,1,749,False,False,False,True,H0,H0,0.7333649929789319,0.7778937025875533,0.7706029415130615,False,True,True,False,True,False,
303,28105,0,960,22060,1,960,False,31820,31820,0,960,False,False,True,False,H0,H0,0.7084100014028204,0.7144966021295942,0.7706029415130615,False,False,False,False,False,False,
304,71442,0,367,144869,0,367,False,186486,186486,1,367,False,False,True,False,H0,H0,0.6963995628966433,0.7459590413712499,0.7706029415130615,False,False,False,False,False,False,
305,3995,0,1096,3995,0,1096,False,94077,94077,1,1096,False,False,True,False,H0,H0,1.0,0.7951741072510691,0.7706029415130615,True,True,True,False,True,False,
306,77479,0,593,76267,0,593,False,92537,92537,0,593,False,False,True,False,H0,H0,0.592603831294413,0.6963898963932325,0.7706029415130615,False,False,False,False,False,False,
307,176652,1,932,125453,0,932,True,176652,176652,1,932,False,True,True,False,H0,H1,0.724226968832529,1.0,0.7706029415130615,False,True,True,False,False,True,self_pair
308,191860,0,821,61597,0,821,False,191860,191860,0,821,False,False,True,False,H0,H0,0.7749085313068768,0.9999999999999999,0.7706029415130615,True,True,True,False,False,True,self_pair
309,82952,1,697,101620,1,697,True,101620,101620,1,697,True,True,True,False,H1,H1,0.7161477919019588,0.7161477919019588,0.7706029415130615,False,False,False,False,False,False,
310,137956,0,404,74753,1,404,False,137956,137956,0,404,False,False,True,False,H0,H0,0.627990725525244,0.9999999999999999,0.7709117531776428,False,True,True,False,False,True,self_pair
311,35043,0,776,154522,0,776,False,183835,183835,0,776,False,False,True,False,H0,H0,0.6862325598928669,0.610586805256381,0.7709117531776428,False,False,False,False,False,False,
312,186498,0,821,61597,0,821,False,40595,40595,1,821,False,False,True,False,H0,H0,0.6710106643145439,0.6614470590915322,0.7709117531776428,False,False,False,False,False,False,
313,152408,1,497,191899,0,497,True,152408,152408,1,497,False,True,True,False,H0,H1,0.534321203748485,0.9999999999999998,0.7709117531776428,False,True,True,False,False,True,self_pair
314,22186,0,457,27700,1,457,False,190971,190971,0,121,False,False,False,True,H0,H0,0.6501656657231714,0.6398975209691555,0.7709117531776428,False,False,False,False,False,False,
315,122916,0,200,122518,1,200,True,122916,122916,0,200,False,True,True,False,H0,H0,0.9751825218573149,1.0000000000000002,0.7709117531776428,True,True,True,False,False,True,self_pair
316,18722,0,718,133710,1,718,False,70669,70669,1,718,False,False,True,False,H0,H0,0.7028485365226761,0.7207005684964892,0.7709117531776428,False,False,False,False,False,False,
317,111900,0,173,122923,0,173,False,141501,141501,0,738,False,False,False,True,H0,H0,0.7310661549014241,0.5365295628573741,0.7709117531776428,False,False,False,False,False,False,
318,44974,0,609,38629,0,609,False,164379,164379,0,444,False,False,False,True,H0,H0,0.7045306660626715,0.6617687813499172,0.7709117531776428,False,False,False,False,False,False,
319,78713,0,295,78716,0,295,True,78713,78713,0,295,False,True,True,False,H0,H0,0.8570055180283677,1.0,0.7709117531776428,True,True,True,False,False,True,self_pair
320,166050,1,112,166337,1,112,True,166050,166050,1,112,False,True,True,False,H1,H1,0.9881029604061293,0.9999999999999999,0.7709117531776428,True,True,True,False,False,True,self_pair
321,141740,1,764,53389,0,764,False,9981,9981,0,176,False,False,False,True,H0,H0,0.6422381398169749,0.525732885630645,0.7709117531776428,False,False,False,False,False,False,
322,24173,0,750,89384,0,750,False,70674,70674,1,750,False,False,True,False,H0,H0,0.8449449321210735,0.8518777857325509,0.7709117531776428,True,True,True,False,True,False,
323,22967,0,960,22060,1,960,False,4361,4361,1,960,False,False,True,False,H0,H0,0.8492296702585667,0.7887246629312089,0.7709117531776428,True,True,True,False,True,False,
324,161497,0,367,144869,0,367,False,193002,193002,0,367,False,False,True,False,H0,H0,0.6601976061633476,0.6827150790499608,0.7709117531776428,False,False,False,False,False,False,
325,94077,1,1096,3995,0,1096,False,94077,94077,1,1096,False,False,True,False,H0,H1,0.7951741072510691,1.0,0.7709117531776428,True,True,True,False,False,True,self_pair
326,140522,0,675,140522,0,675,False,64846,64846,0,675,False,False,True,False,H0,H0,1.0,0.7896858245052342,0.7709117531776428,True,True,True,False,True,False,
327,87,1,804,17100,1,804,False,40595,40595,1,821,False,False,False,True,H1,H0,0.5783815186609755,0.6133489500584495,0.7717843055725098,False,False,False,False,False,False,
328,178075,0,821,61597,0,821,False,178075,178075,0,821,False,False,True,False,H0,H0,0.6445273594374096,0.9999999999999999,0.7717843055725098,False,True,True,False,False,True,self_pair
329,85071,0,697,101620,1,697,True,67930,67930,1,697,False,True,True,False,H0,H0,0.5826501849424849,0.6233241190900862,0.7717843055725098,False,False,False,False,False,False,
330,30335,0,1070,25112,0,1070,False,130227,130227,0,1094,False,False,False,True,H0,H0,0.7043925125151599,0.6075647973237303,0.7717843055725098,False,False,False,False,False,False,
331,96652,1,725,47370,0,725,False,96652,96652,1,725,False,False,True,False,H0,H1,0.7667392815072869,1.0,0.7717843055725098,False,True,True,False,False,True,self_pair
332,144333,1,746,138527,0,746,False,144333,144333,1,746,False,False,True,False,H0,H1,0.803585760469365,0.9999999999999999,0.7717843055725098,True,True,True,False,False,True,self_pair
333,58337,0,497,191899,0,497,True,58337,58337,0,497,False,True,True,False,H0,H0,0.6134116124732757,1.0,0.7717843055725098,False,True,True,False,False,True,self_pair
334,23486,1,897,35495,1,897,False,8977,8977,0,897,False,False,True,False,H1,H0,0.6802670876734158,0.6510968804236815,0.7717843055725098,False,False,False,False,False,False,
335,121392,1,200,122518,1,200,True,121392,121392,1,200,False,True,True,False,H1,H1,1.0000000000000002,1.0000000000000002,0.7717843055725098,True,True,True,False,False,True,self_pair
336,91240,0,718,133710,1,718,False,149681,149681,0,718,False,False,True,False,H0,H0,0.7462992733703103,0.6766336836773172,0.7709117531776428,False,False,False,False,False,False,
337,185708,0,691,185708,0,691,False,70669,70669,1,718,False,False,False,True,H0,H0,0.9999999999999999,0.5776363397993135,0.7709117531776428,True,False,False,False,False,False,
338,70702,0,656,186838,1,656,False,186837,186837,1,656,False,False,True,False,H0,H0,0.6325559749818082,0.6325559749818082,0.7709117531776428,False,False,False,False,False,False,
339,82706,0,295,78716,0,295,True,78716,78716,0,295,True,True,True,False,H0,H0,0.7827215971294933,0.7827215971294933,0.7709117531776428,True,True,True,False,True,False,
340,166303,1,112,166337,1,112,True,166337,166337,1,112,True,True,True,False,H1,H1,0.9955461769017481,0.9955461769017481,0.7709117531776428,True,True,True,True,False,False,
341,96652,1,725,47370,0,725,False,96652,96652,1,725,False,False,True,False,H0,H1,0.7667392815072869,1.0,0.7709117531776428,False,True,True,False,False,True,self_pair
342,67217,0,874,180828,0,874,False,91952,91952,0,725,False,False,False,True,H0,H0,0.6383050916659315,0.6282486903236649,0.7709117531776428,False,False,False,False,False,False,
343,177907,0,686,138217,0,686,False,174272,174272,0,626,False,False,False,True,H0,H0,0.7079748358975909,0.6203991609295731,0.7709117531776428,False,False,False,False,False,False,
344,100945,0,169,100945,0,169,False,29638,29638,0,625,False,False,False,True,H0,H0,1.0,0.6408652222961341,0.7709117531776428,True,False,False,False,False,False,
345,46035,0,1096,3995,0,1096,False,46035,46035,0,1096,False,False,True,False,H0,H0,0.7343107454335795,1.0,0.7709117531776428,False,True,True,False,False,True,self_pair
346,64846,0,675,140522,0,675,False,64846,64846,0,675,False,False,True,False,H0,H0,0.7896858245052342,1.0,0.7709117531776428,True,True,True,False,False,True,self_pair
347,60606,0,932,125453,0,932,True,60606,60606,0,932,False,False,True,False,H0,H0,0.6694852299458809,1.0000000000000002,0.7709117531776428,False,True,True,False,False,True,self_pair
348,177913,0,821,61597,0,821,False,177913,177913,0,821,False,False,True,False,H0,H0,0.6717830081687115,1.0000000000000002,0.7709117531776428,False,True,True,False,False,True,self_pair
349,15718,0,501,15718,0,501,False,94115,94115,0,1041,False,False,False,True,H0,H0,1.0,0.6010109689682334,0.7709117531776428,True,False,False,False,False,False,
350,8679,1,404,74753,1,404,False,8679,8679,1,404,False,False,True,False,H1,H1,0.733127736133518,1.0,0.7709117531776428,False,True,True,False,False,True,self_pair
351,142460,0,947,142460,0,947,False,4361,4361,1,960,False,False,False,True,H0,H0,1.0000000000000002,0.5629882194247703,0.7709117531776428,True,False,False,False,False,False,
352,98067,1,746,138527,0,746,False,98067,98067,1,746,False,False,True,False,H0,H1,0.7929412911227535,1.0,0.7709117531776428,True,True,True,False,False,True,self_pair
353,184376,0,497,191899,0,497,True,22178,22178,1,497,False,False,True,False,H0,H0,0.4945016946737908,0.5677710278846423,0.7709117531776428,False,False,False,False,False,False,
354,125142,0,429,9477,0,429,False,144967,144967,0,374,False,False,False,True,H0,H0,0.7990032961008676,0.6349887823282052,0.7717843055725098,True,False,False,False,False,False,
355,103681,0,127,117769,0,127,False,115910,115910,0,127,False,False,True,False,H0,H0,0.7893287430499513,0.7550494202322268,0.7717843055725098,True,False,False,False,False,False,
356,40413,0,718,133710,1,718,False,91240,91240,0,718,False,False,True,False,H0,H0,0.7941916337918452,0.7664311698058961,0.7717843055725098,True,False,False,False,False,False,
357,121446,1,790,90358,0,790,True,90358,90358,0,790,True,True,True,False,H0,H0,0.7102074424140933,0.7102074424140933,0.7717843055725098,False,False,False,False,False,False,
358,179392,0,211,183012,0,211,False,115910,115910,0,127,False,False,False,True,H0,H0,0.8301228692368707,0.6389747265165844,0.7717843055725098,True,False,False,False,False,False,
359,179041,0,57,179041,0,57,False,9981,9981,0,176,False,False,False,True,H0,H0,1.0,0.7213954041373641,0.7717843055725098,True,False,False,False,False,False,
360,197498,1,241,197474,1,241,False,155820,155820,0,201,False,False,False,True,H1,H0,0.9578821934241338,0.7443492248323332,0.7717843055725098,True,False,False,False,False,False,
361,120578,0,472,68020,0,472,False,134387,134387,0,200,False,False,False,True,H0,H0,0.5225220161253731,0.4974716034036944,0.7717843055725098,False,False,False,False,False,False,
362,27622,0,750,89384,0,750,False,127309,127309,0,750,False,False,True,False,H0,H0,0.8584153438717262,0.8621669924271891,0.7709117531776428,True,True,True,False,True,False,
363,97976,1,601,97976,1,601,False,175336,175336,0,121,False,False,False,True,H1,H0,1.0000000000000002,0.62536684088155,0.7709117531776428,True,False,False,False,False,False,
364,165395,1,367,144869,0,367,False,165395,165395,1,367,False,False,True,False,H0,H1,0.8211838829444454,1.0000000000000002,0.7709117531776428,True,True,True,False,False,True,self_pair
365,181656,0,1096,3995,0,1096,False,181656,181656,0,1096,False,False,True,False,H0,H0,0.6634361716469954,1.0,0.7709117531776428,False,True,True,False,False,True,self_pair
366,180597,0,675,140522,0,675,False,180597,180597,0,675,False,False,True,False,H0,H0,0.7615061852269971,1.0,0.7709117531776428,False,True,True,False,False,True,self_pair
367,146745,0,672,110392,1,672,False,90131,90131,0,669,False,False,False,True,H0,H0,0.6515651713243996,0.6357005802083382,0.7709117531776428,False,False,False,False,False,False,
368,72302,0,821,61597,0,821,False,72302,72302,0,821,False,False,True,False,H0,H0,0.7710232481389839,1.0,0.7709117531776428,True,True,True,False,False,True,self_pair
369,32967,0,697,101620,1,697,True,32967,32967,0,697,False,True,True,False,H0,H0,0.6593948354731831,0.9999999999999998,0.7709117531776428,False,True,True,False,False,True,self_pair
370,30090,0,404,74753,1,404,False,30090,30090,0,404,False,False,True,False,H0,H0,0.7824639056191725,1.0000000000000002,0.7709117531776428,True,True,True,False,False,True,self_pair
371,122583,1,725,47370,0,725,False,122583,122583,1,725,False,False,True,False,H0,H1,0.6958314426754479,0.9999999999999999,0.7717843055725098,False,True,True,False,False,True,self_pair
372,83637,0,746,138527,0,746,False,83637,83637,0,746,False,False,True,False,H0,H0,0.7731105752188755,1.0,0.7717843055725098,True,True,True,False,False,True,self_pair
373,48951,0,942,101543,0,942,False,142460,142460,0,947,False,False,False,True,H0,H0,0.7613485587060408,0.5953727878343893,0.7717843055725098,False,False,False,False,False,False,
374,140022,0,897,35495,1,897,False,140022,140022,0,897,False,False,True,False,H0,H0,0.7280756705622426,1.0000000000000002,0.7717843055725098,False,True,True,False,False,True,self_pair
375,143436,0,322,143791,1,322,False,39516,39516,1,821,False,False,False,True,H0,H0,0.847621971956032,0.5790459528782315,0.7717843055725098,True,False,False,False,False,False,
376,93925,0,718,133710,1,718,False,93925,93925,0,718,False,False,True,False,H0,H0,0.679365866439042,1.0,0.7717843055725098,False,True,True,False,False,True,self_pair
377,86244,0,927,169145,0,927,False,51029,51029,1,354,False,False,False,True,H0,H0,0.606467503698525,0.604367728250628,0.7717843055725098,False,False,False,False,False,False,
378,66410,0,812,12234,0,812,False,178075,178075,0,821,False,False,False,True,H0,H0,0.6848707850856878,0.682389933822355,0.7717843055725098,False,False,False,False,False,False,
379,46422,0,665,46880,0,665,False,67930,67930,1,697,False,False,False,True,H0,H0,0.694542050063697,0.6367927282239898,0.7709117531776428,False,False,False,False,False,False,
380,191705,0,998,3924,0,998,False,3878,3878,1,998,False,False,True,False,H0,H0,0.642686224035684,0.5814140973673253,0.7709117531776428,False,False,False,False,False,False,
381,18572,0,989,37452,0,989,False,130227,130227,0,1094,False,False,False,True,H0,H0,0.8283107367601605,0.7160970650873927,0.7709117531776428,True,False,False,False,False,False,
382,196476,0,750,89384,0,750,False,127309,127309,0,750,False,False,True,False,H0,H0,0.6947378526725767,0.792774839213236,0.7709117531776428,False,True,True,False,True,False,
383,22062,0,960,22060,1,960,False,22062,22062,0,960,False,False,True,False,H0,H0,0.7437123345568922,1.0,0.7709117531776428,False,True,True,False,False,True,self_pair
384,193163,1,367,144869,0,367,False,165395,165395,1,367,False,False,True,False,H0,H1,0.8306215495086012,0.8413030935674891,0.7709117531776428,True,True,True,True,False,False,
385,56986,0,1096,3995,0,1096,False,94077,94077,1,1096,False,False,True,False,H0,H0,0.717363235613217,0.7229306957528628,0.7709117531776428,False,False,False,False,False,False,
386,15452,0,675,140522,0,675,False,15452,15452,0,675,False,False,True,False,H0,H0,0.7261529522002904,0.9999999999999998,0.7709117531776428,False,True,True,False,False,True,self_pair
387,16171,0,166,11613,0,166,False,100945,100945,0,169,False,False,False,True,H0,H0,0.7723366237354085,0.5788789914997337,0.7714298963546753,True,False,False,False,False,False,
388,187210,0,821,61597,0,821,False,186498,186498,0,821,False,False,True,False,H0,H0,0.6346245543193787,0.6302901007618762,0.7714298963546753,False,False,False,False,False,False,
389,133002,0,992,133002,0,992,False,94115,94115,0,1041,False,False,False,True,H0,H0,0.9999999999999999,0.561281879618669,0.7714298963546753,True,False,False,False,False,False,
390,110113,0,938,48817,0,938,False,45681,45681,0,938,False,False,True,False,H0,H0,0.6896993369059478,0.6438367418580901,0.7714298963546753,False,False,False,False,False,False,
391,36381,0,725,47370,0,725,False,36381,36381,0,725,False,False,True,False,H0,H0,0.6765752705075851,1.0,0.7714298963546753,False,True,True,False,False,True,self_pair
392,97241,1,746,138527,0,746,False,70674,70674,1,750,False,False,False,True,H0,H0,0.7962091490862593,0.8187779726881245,0.7714298963546753,True,True,True,False,True,False,
393,134927,0,127,117769,0,127,False,127493,127493,0,441,False,False,False,True,H0,H0,0.5024567937861576,0.5558525677109637,0.7714298963546753,False,False,False,False,False,False,
394,89668,0,897,35495,1,897,False,89668,89668,0,897,False,False,True,False,H0,H0,0.6375383243994444,0.9999999999999998,0.7714298963546753,False,True,True,False,False,True,self_pair
395,134387,0,200,122518,1,200,True,134387,134387,0,200,False,False,True,False,H0,H0,0.5451096465184744,1.0,0.7714298963546753,False,True,True,False,False,True,self_pair
396,145015,0,718,133710,1,718,False,40413,40413,0,718,False,False,True,False,H0,H0,0.7231693927268548,0.7796465434463351,0.7714298963546753,False,True,True,False,True,False,
397,121411,1,767,121411,1,767,False,155869,155869,1,341,False,False,False,True,H1,H0,0.9999999999999998,0.6602577978903549,0.7714298963546753,True,False,False,False,False,False,
398,186825,1,656,186838,1,656,False,186837,186837,1,656,False,False,True,False,H1,H1,0.9079898910111464,0.9079898910111464,0.7714298963546753,True,True,True,True,False,False,
399,83226,0,295,78716,0,295,True,78716,78716,0,295,True,True,True,False,H0,H0,0.8547202346390449,0.8547202346390449,0.7714298963546753,True,True,True,False,True,False,
400,166337,1,112,166337,1,112,True,166337,166337,1,112,True,True,True,False,H1,H1,1.0000000000000002,1.0000000000000002,0.7714298963546753,True,True,True,False,False,True,self_pair
401,189784,0,121,167316,1,121,False,116828,116828,0,121,False,False,True,False,H0,H0,0.6594276138324898,0.6291236840821464,0.7714298963546753,False,False,False,False,False,False,
402,57999,0,0,57999,0,0,False,16838,16838,1,11,False,False,False,True,H0,H0,0.9999999999999999,0.9950850647532262,0.7714298963546753,True,True,True,False,True,False,
403,23039,0,960,22060,1,960,False,22062,22062,0,960,False,False,True,False,H0,H0,0.6757757819577885,0.694800240794726,0.7714298963546753,False,False,False,False,False,False,
404,144869,0,367,144869,0,367,False,163762,163762,0,367,False,False,True,False,H0,H0,1.0000000000000002,0.9647505104476884,0.7709117531776428,True,True,True,False,True,False,
405,112495,0,1096,3995,0,1096,False,46035,46035,0,1096,False,False,True,False,H0,H0,0.6819740723809056,0.748094001198444,0.7709117531776428,False,False,False,False,False,False,
406,162576,0,675,140522,0,675,False,162576,162576,0,675,False,False,True,False,H0,H0,0.7013374111260401,1.0,0.7709117531776428,False,True,True,False,False,True,self_pair
407,26147,0,932,125453,0,932,True,26147,26147,0,932,False,False,True,False,H0,H0,0.642878271828813,1.0,0.7709117531776428,False,True,True,False,False,True,self_pair
408,189969,0,211,183012,0,211,False,179392,179392,0,211,False,False,True,False,H0,H0,0.8405030200274735,0.7751950875853926,0.7709117531776428,True,True,True,False,True,False,
409,113938,0,697,101620,1,697,True,129175,129175,0,697,False,True,True,False,H0,H0,0.6981172707229804,0.7085165685275703,0.7709117531776428,False,False,False,False,False,False,
410,23486,1,897,35495,1,897,False,23486,23486,1,897,False,False,True,False,H1,H1,0.6802670876734158,1.0000000000000002,0.7709117531776428,False,True,True,False,False,True,self_pair
411,86498,0,725,47370,0,725,False,69499,69499,0,725,False,False,True,False,H0,H0,0.724615252767679,0.7501018025782051,0.7709117531776428,False,False,False,False,False,False,
412,145932,1,746,138527,0,746,False,144333,144333,1,746,False,False,True,False,H0,H1,0.8189306225723569,0.9867501548322138,0.7709117531776428,True,True,True,True,False,False,
413,71221,0,497,191899,0,497,True,71221,71221,0,497,False,True,True,False,H0,H0,0.6764841094572068,1.0,0.7709117531776428,False,True,True,False,False,True,self_pair
414,88433,0,888,88433,0,888,False,121411,121411,1,767,False,False,False,True,H0,H0,0.9999999999999998,0.6368618065212802,0.7709117531776428,True,False,False,False,False,False,
415,45255,0,630,45255,0,630,False,148800,148800,0,718,False,False,False,True,H0,H0,1.0,0.6197612216980599,0.7709117531776428,True,False,False,False,False,False,
416,145425,0,127,117769,0,127,False,118612,118612,0,127,False,False,True,False,H0,H0,0.654046159385669,0.6715233233601392,0.7709117531776428,False,False,False,False,False,False,
417,98773,0,790,90358,0,790,True,98773,98773,0,790,False,True,True,False,H0,H0,0.5724826821450439,0.9999999999999998,0.7709117531776428,False,True,True,False,False,True,self_pair
418,199038,0,972,198041,0,972,False,108517,108517,0,703,False,False,False,True,H0,H0,0.6899263013066356,0.6192174566243612,0.7709117531776428,False,False,False,False,False,False,
419,78716,0,295,78716,0,295,True,78716,78716,0,295,True,True,True,False,H0,H0,1.0000000000000002,1.0000000000000002,0.7709117531776428,True,True,True,False,False,True,self_pair
420,166377,1,112,166337,1,112,True,166377,166377,1,112,False,True,True,False,H1,H1,0.9829983831265319,1.0,0.7709117531776428,True,True,True,False,False,True,self_pair
421,187944,0,121,167316,1,121,False,116828,116828,0,121,False,False,True,False,H0,H0,0.7342401293032254,0.7491294837208107,0.7709117531776428,False,False,False,False,False,False,
422,129329,0,750,89384,0,750,False,21693,21693,1,749,False,False,False,True,H0,H0,0.7284328385957738,0.815878221530211,0.7709117531776428,False,True,True,False,True,False,
423,4361,1,960,22060,1,960,False,4361,4361,1,960,False,False,True,False,H1,H1,0.772271425392227,1.0,0.7709117531776428,True,True,True,False,False,True,self_pair
424,186486,1,367,144869,0,367,False,186486,186486,1,367,False,False,True,False,H0,H1,0.8317766903214827,0.9999999999999998,0.7709117531776428,True,True,True,False,False,True,self_pair
425,8887,0,1096,3995,0,1096,False,8887,8887,0,1096,False,False,True,False,H0,H0,0.7263932310170325,1.0,0.7709117531776428,False,True,True,False,False,True,self_pair
426,146481,0,675,140522,0,675,False,15452,15452,0,675,False,False,True,False,H0,H0,0.6144376752405964,0.6781246889903086,0.7709117531776428,False,False,False,False,False,False,
427,66348,1,299,77426,0,299,False,197498,197498,1,241,False,False,False,True,H0,H0,0.896517727875121,0.6628364264299125,0.7709117531776428,True,False,False,False,False,False,
428,134246,0,139,134246,0,139,False,64469,64469,0,295,False,False,False,True,H0,H0,1.0,0.5253711012166863,0.7709117531776428,True,False,False,False,False,False,
429,186967,0,697,101620,1,697,True,191850,191850,0,697,False,True,True,False,H0,H0,0.6081442279217465,0.6449290874073461,0.7709117531776428,False,False,False,False,False,False,
430,154722,0,314,154728,0,314,False,70674,70674,1,750,False,False,False,True,H0,H0,0.8139400628470508,0.6349669508492951,0.7709117531776428,True,False,False,False,False,False,
431,69499,0,725,47370,0,725,False,69499,69499,0,725,False,False,True,False,H0,H0,0.7708189321808595,1.0,0.7709117531776428,False,True,True,False,False,True,self_pair
432,145862,0,259,101300,0,259,False,149681,149681,0,718,False,False,False,True,H0,H0,0.5635859514690652,0.5306095801177921,0.7709117531776428,False,False,False,False,False,False,
433,191899,0,497,191899,0,497,True,191899,191899,0,497,True,True,True,False,H0,H0,1.0000000000000002,1.0000000000000002,0.7709117531776428,True,True,True,False,False,True,self_pair
434,101623,0,897,35495,1,897,False,89668,89668,0,897,False,False,True,False,H0,H0,0.6366186573652187,0.8273893907732732,0.7709117531776428,False,True,True,False,True,False,
435,53718,0,689,98069,1,689,False,19370,19370,1,746,False,False,False,True,H0,H0,0.5692608598026864,0.6074968030181395,0.7709117531776428,False,False,False,False,False,False,
436,133710,1,718,133710,1,718,False,40413,40413,0,718,False,False,True,False,H1,H0,0.9999999999999999,0.7941916337918452,0.7709117531776428,True,True,True,False,True,False,
437,154177,0,932,125453,0,932,True,154177,154177,0,932,False,False,True,False,H0,H0,0.6825801126361793,1.0000000000000002,0.7709117531776428,False,True,True,False,False,True,self_pair
438,104686,0,656,186838,1,656,False,104686,104686,0,656,False,False,True,False,H0,H0,0.600400520070531,1.0000000000000002,0.7709117531776428,False,True,True,False,False,True,self_pair
439,64469,0,295,78716,0,295,True,64469,64469,0,295,False,True,True,False,H0,H0,0.7208212235544739,0.9999999999999999,0.7709117531776428,False,True,True,False,False,True,self_pair
440,15064,0,826,9838,1,826,False,31511,31511,0,1096,False,False,False,True,H0,H0,0.5586929132215865,0.6594594267360745,0.7709117531776428,False,False,False,False,False,False,
441,165593,0,121,167316,1,121,False,190971,190971,0,121,False,False,True,False,H0,H0,0.7253721410860643,0.6968204714162255,0.7709117531776428,False,False,False,False,False,False,
442,89384,0,750,89384,0,750,False,523,523,1,750,False,False,True,False,H0,H0,0.9999999999999999,0.8965179422532986,0.7709117531776428,True,True,True,False,True,False,
443,23035,0,960,22060,1,960,False,4361,4361,1,960,False,False,True,False,H0,H0,0.7716607585823756,0.7960734473201861,0.7709117531776428,True,True,True,False,True,False,
444,197681,0,367,144869,0,367,False,165395,165395,1,367,False,False,True,False,H0,H0,0.5913468203539234,0.6004855943722094,0.7709117531776428,False,False,False,False,False,False,
445,31511,0,1096,3995,0,1096,False,31511,31511,0,1096,False,False,True,False,H0,H0,0.71404501466419,1.0,0.7709117531776428,False,True,True,False,False,True,self_pair
446,80993,0,593,76267,0,593,False,137622,137622,0,367,False,False,False,True,H0,H0,0.576615216111542,0.5505788101472892,0.7709117531776428,False,False,False,False,False,False,
447,178063,0,932,125453,0,932,True,178063,178063,0,932,False,True,True,False,H0,H0,0.7562856511947479,0.9999999999999999,0.7709117531776428,False,True,True,False,False,True,self_pair
448,61597,0,821,61597,0,821,False,40595,40595,1,821,False,False,True,False,H0,H0,0.9999999999999999,0.8603727009682286,0.7709117531776428,True,True,True,False,True,False,
449,129175,0,697,101620,1,697,True,129175,129175,0,697,False,True,True,False,H0,H0,0.6791864572201326,0.9999999999999999,0.7709117531776428,False,True,True,False,False,True,self_pair
450,109111,0,404,74753,1,404,False,8679,8679,1,404,False,False,True,False,H0,H0,0.6943131775991347,0.7090181956485411,0.7709117531776428,False,False,False,False,False,False,
451,124414,0,728,119442,0,728,False,164379,164379,0,444,False,False,False,True,H0,H0,0.8852140789644338,0.7092897086503882,0.7709117531776428,True,False,False,False,False,False,
452,62155,0,674,66492,0,674,False,86498,86498,0,725,False,False,False,True,H0,H0,0.5502386935346841,0.5828843272468924,0.7709117531776428,False,False,False,False,False,False,
453,47848,0,497,191899,0,497,True,191899,191899,0,497,True,True,True,False,H0,H0,0.6327606477790734,0.6327606477790734,0.7709117531776428,False,False,False,False,False,False,
454,187906,0,897,35495,1,897,False,187906,187906,0,897,False,False,True,False,H0,H0,0.6082418321431508,1.0,0.7709117531776428,False,True,True,False,False,True,self_pair
455,122923,0,173,122923,0,173,False,111900,111900,0,173,False,False,True,False,H0,H0,1.0,0.7310661549014241,0.7709117531776428,True,False,False,False,False,False,
456,70669,1,718,133710,1,718,False,70669,70669,1,718,False,False,True,False,H1,H1,0.6533451395865641,0.9999999999999998,0.7709117531776428,False,True,True,False,False,True,self_pair
457,169961,0,790,90358,0,790,True,90358,90358,0,790,True,True,True,False,H0,H0,0.6988990266175152,0.6988990266175152,0.7709117531776428,False,False,False,False,False,False,
458,18268,0,711,188586,0,711,False,164379,164379,0,444,False,False,False,True,H0,H0,0.7848400660704118,0.737747645713792,0.7709117531776428,True,False,False,False,False,False,
459,113911,0,738,113911,0,738,False,18268,18268,0,711,False,False,False,True,H0,H0,0.9999999999999998,0.7027765787743988,0.7709117531776428,True,False,False,False,False,False,
460,166269,0,112,166337,1,112,True,166050,166050,1,112,False,True,True,False,H0,H0,0.9726656312656579,0.9827976159062703,0.7709117531776428,True,True,True,False,True,False,
461,190999,0,121,167316,1,121,False,187944,187944,0,121,False,False,True,False,H0,H0,0.6233413287192295,0.7460197223678121,0.7709117531776428,False,False,False,False,False,False,
462,197474,1,241,197474,1,241,False,197498,197498,1,241,False,False,True,False,H1,H1,1.0,0.9578821934241338,0.7709117531776428,True,True,True,True,False,False,
463,27839,0,775,27839,0,775,False,103547,103547,0,775,False,False,True,False,H0,H0,1.0000000000000002,0.7541204630699107,0.7709117531776428,True,False,False,False,False,False,
464,6432,0,1101,77755,0,1101,False,88433,88433,0,888,False,False,False,True,H0,H0,0.86623144591553,0.6545305520762941,0.7709117531776428,True,False,False,False,False,False,
465,4021,0,1096,3995,0,1096,False,4021,4021,0,1096,False,False,True,False,H0,H0,0.7386509113162399,1.0000000000000002,0.7709117531776428,False,True,True,False,False,True,self_pair
466,16329,0,675,140522,0,675,False,64846,64846,0,675,False,False,True,False,H0,H0,0.6704981072094035,0.7394364480985274,0.7709117531776428,False,False,False,False,False,False,
467,190964,0,954,177584,0,954,False,18268,18268,0,711,False,False,False,True,H0,H0,0.7268044712168232,0.5583699084250912,0.7709117531776428,False,False,False,False,False,False,
468,13396,0,837,13396,0,837,False,133002,133002,0,992,False,False,False,True,H0,H0,0.9999999999999999,0.6941261039974985,0.7709117531776428,True,False,False,False,False,False,
469,34303,0,697,101620,1,697,True,113938,113938,0,697,False,False,True,False,H0,H0,0.5627049536892641,0.6382639496744412,0.7709117531776428,False,False,False,False,False,False,
470,163565,0,404,74753,1,404,False,83637,83637,0,746,False,False,False,True,H0,H0,0.5795108456093554,0.6959004127479088,0.7709117531776428,False,False,False,False,False,False,
471,91952,0,725,47370,0,725,False,91952,91952,0,725,False,False,True,False,H0,H0,0.6854288124274877,1.0,0.7709117531776428,False,True,True,False,False,True,self_pair
472,1174,1,746,138527,0,746,False,19370,19370,1,746,False,False,True,False,H0,H1,0.7925834462838435,0.8492341923111049,0.7709117531776428,True,True,True,True,False,False,
473,112609,0,497,191899,0,497,True,112609,112609,0,497,False,True,True,False,H0,H0,0.5807875846281305,0.9999999999999998,0.7709117531776428,False,True,True,False,False,True,self_pair
474,8977,0,897,35495,1,897,False,8977,8977,0,897,False,False,True,False,H0,H0,0.7370350031742461,1.0,0.7709117531776428,False,True,True,False,False,True,self_pair
475,106447,0,200,122518,1,200,True,106358,106358,0,200,False,True,True,False,H0,H0,0.7083692609962194,0.9887376026221169,0.7709117531776428,False,True,True,False,True,False,
476,59091,0,1050,59097,0,1050,False,3878,3878,1,998,False,False,False,True,H0,H0,0.6774272008982861,0.6163497009248231,0.7709117531776428,False,False,False,False,False,False,
477,90354,1,790,90358,0,790,True,90354,90354,1,790,False,True,True,False,H0,H1,0.747956481162706,0.9999999999999999,0.7709117531776428,False,True,True,False,False,True,self_pair
478,186838,1,656,186838,1,656,False,186837,186837,1,656,False,False,True,False,H1,H1,0.9999999999999999,0.9999999999999999,0.7709117531776428,True,True,True,True,False,False,
479,66780,0,654,199968,0,654,False,197652,197652,0,571,False,False,False,True,H0,H0,0.6578435607600265,0.531518352239787,0.7709117531776428,False,False,False,False,False,False,
480,160076,0,820,160076,0,820,False,132400,132400,0,405,False,False,False,True,H0,H0,0.9999999999999999,0.43061404481006244,0.7709117531776428,True,False,False,False,False,False,
481,123023,0,121,167316,1,121,False,190971,190971,0,121,False,False,True,False,H0,H0,0.727543181491495,0.7974543036213939,0.7709117531776428,False,True,True,False,True,False,
482,132159,0,946,132273,0,946,False,110215,110215,0,568,False,False,False,True,H0,H0,0.5256484595392441,0.5081383649525425,0.7709117531776428,False,False,False,False,False,False,
483,22072,0,960,22060,1,960,False,22072,22072,0,960,False,False,True,False,H0,H0,0.7892826744732444,1.0,0.7709117531776428,True,True,True,False,False,True,self_pair
484,35405,0,380,35407,1,380,False,183835,183835,0,776,False,False,False,True,H0,H0,0.8785274207308852,0.5848089016147893,0.7709117531776428,True,False,False,False,False,False,
485,187941,0,153,187941,0,153,False,188122,188122,1,31,False,False,False,True,H0,H0,0.9999999999999999,0.6046932139732398,0.7709117531776428,True,False,False,False,False,False,
486,87079,0,675,140522,0,675,False,64846,64846,0,675,False,False,True,False,H0,H0,0.8409635639430868,0.7753303681426328,0.7709117531776428,True,True,True,False,True,False,
487,96542,0,932,125453,0,932,True,96542,96542,0,932,False,True,True,False,H0,H0,0.6940990012660271,1.0,0.7706029415130615,False,True,True,False,False,True,self_pair
488,26993,0,288,181110,0,288,False,155320,155320,0,879,False,False,False,True,H0,H0,0.6523461271575295,0.5812653344885265,0.7706029415130615,False,False,False,False,False,False,
489,101620,1,697,101620,1,697,True,101620,101620,1,697,True,True,True,False,H1,H1,1.0000000000000002,1.0000000000000002,0.7706029415130615,True,True,True,False,False,True,self_pair
490,61954,0,404,74753,1,404,False,30090,30090,0,404,False,False,True,False,H0,H0,0.7459779972579944,0.7712947774471296,0.7706029415130615,False,True,True,False,True,False,
491,69708,0,127,117769,0,127,False,103681,103681,0,127,False,False,True,False,H0,H0,0.7510388192035692,0.7795930964833344,0.7706029415130615,False,True,True,False,True,False,
492,12823,0,1100,12436,0,1100,False,199038,199038,0,972,False,False,False,True,H0,H0,0.7457532070866977,0.6488844683733493,0.7706029415130615,False,False,False,False,False,False,
493,157129,0,703,105229,1,703,False,108517,108517,0,703,False,False,True,False,H0,H0,0.6819465811341152,0.6332972761146368,0.7706029415130615,False,False,False,False,False,False,
494,92970,0,897,35495,1,897,False,92970,92970,0,897,False,False,True,False,H0,H0,0.6474765175632088,1.0,0.7706029415130615,False,True,True,False,False,True,self_pair
495,171699,0,127,117769,0,127,False,118336,118336,0,127,False,False,True,False,H0,H0,0.8045922433920044,0.7931844051787287,0.7706029415130615,True,True,True,False,True,False,
496,3754,0,467,25363,0,467,False,168335,168335,0,158,False,False,False,True,H0,H0,0.6216599564409839,0.5713751421203864,0.7706029415130615,False,False,False,False,False,False,
497,53103,1,790,90358,0,790,True,90354,90354,1,790,False,True,True,False,H0,H1,0.6266932227418814,0.7699924582052858,0.7706029415130615,False,False,False,False,False,False,
498,51636,0,656,186838,1,656,False,51636,51636,0,656,False,False,True,False,H0,H0,0.5594590513008009,1.0000000000000002,0.7706029415130615,False,True,True,False,False,True,self_pair
499,65291,1,295,78716,0,295,True,65291,65291,1,295,False,True,True,False,H0,H1,0.7636850471406561,1.0000000000000002,0.7706029415130615,False,True,True,False,False,True,self_pair
500,166050,1,112,166337,1,112,True,166050,166050,1,112,False,True,True,False,H1,H1,0.9881029604061293,0.9999999999999999,0.7706029415130615,True,True,True,False,False,True,self_pair
501,87973,0,730,73955,0,730,False,125142,125142,0,429,False,False,False,True,H0,H0,0.5868670738900561,0.5497299716192783,0.7706029415130615,False,False,False,False,False,False,
502,25868,0,908,26519,0,908,False,22062,22062,0,960,False,False,False,True,H0,H0,0.8322619257541861,0.60778084446318,0.7706029415130615,True,False,False,False,False,False,
503,93159,0,821,61597,0,821,False,187210,187210,0,821,False,False,True,False,H0,H0,0.6712299899678577,0.6691499787518342,0.7706029415130615,False,False,False,False,False,False,
504,21781,1,781,21781,1,781,False,178075,178075,0,821,False,False,False,True,H1,H0,1.0,0.6752888209244151,0.7706029415130615,True,False,False,False,False,False,
505,104394,0,1017,127718,0,1017,False,27839,27839,0,775,False,False,False,True,H0,H0,0.6479359326668607,0.6614324432602462,0.7706029415130615,False,False,False,False,False,False,
506,56263,0,675,140522,0,675,False,56263,56263,0,675,False,False,True,False,H0,H0,0.6497381867846741,1.0,0.7706029415130615,False,True,True,False,False,True,self_pair
507,146774,0,932,125453,0,932,True,146774,146774,0,932,False,True,True,False,H0,H0,0.7011511017647041,1.0000000000000002,0.7706029415130615,False,True,True,False,False,True,self_pair
508,39516,1,821,61597,0,821,False,39516,39516,1,821,False,False,True,False,H0,H1,0.7116801131696938,1.0,0.7706029415130615,False,True,True,False,False,True,self_pair
509,67930,1,697,101620,1,697,True,67930,67930,1,697,False,True,True,False,H1,H1,0.7556483953977144,1.0000000000000002,0.7706029415130615,False,True,True,False,False,True,self_pair
510,93824,1,404,74753,1,404,False,93824,93824,1,404,False,False,True,False,H1,H1,0.7601430288917416,1.0,0.7706029415130615,False,True,True,False,False,True,self_pair
511,138291,0,1039,4672,0,1039,False,124240,124240,0,733,False,False,False,True,H0,H0,0.7239633161199563,0.5597195465200079,0.7706029415130615,False,False,False,False,False,False,
512,19370,1,746,138527,0,746,False,19370,19370,1,746,False,False,True,False,H0,H1,0.8027744263893299,0.9999999999999999,0.7706029415130615,True,True,True,False,False,True,self_pair
513,22178,1,497,191899,0,497,True,22178,22178,1,497,False,True,True,False,H0,H1,0.6366437607731037,0.9999999999999999,0.7706029415130615,False,True,True,False,False,True,self_pair
514,157387,0,897,35495,1,897,False,157387,157387,0,897,False,False,True,False,H0,H0,0.46776245712725245,1.0,0.7700810432434082,False,True,True,False,False,True,self_pair
515,5817,0,674,66492,0,674,False,180597,180597,0,675,False,False,False,True,H0,H0,0.6956894804805464,0.6181493156737414,0.7700810432434082,False,False,False,False,False,False,
516,79907,0,119,79907,0,119,False,88112,88112,0,119,False,False,True,False,H0,H0,1.0,0.8317818997112255,0.7700810432434082,True,True,True,False,True,False,
517,90372,0,790,90358,0,790,True,90358,90358,0,790,True,True,True,False,H0,H0,0.7898728083911138,0.7898728083911138,0.7700810432434082,True,True,True,False,True,False,
518,154118,0,962,20517,0,962,False,31820,31820,0,960,False,False,False,True,H0,H0,0.5843972585271592,0.7099192747522414,0.7700810432434082,False,False,False,False,False,False,
519,78713,0,295,78716,0,295,True,78713,78713,0,295,False,True,True,False,H0,H0,0.8570055180283677,1.0,0.7700810432434082,True,True,True,False,False,True,self_pair
520,154757,0,739,154757,0,739,False,70669,70669,1,718,False,False,False,True,H0,H0,1.0000000000000002,0.5988266520877903,0.7700810432434082,True,False,False,False,False,False,
521,150995,0,681,150995,0,681,False,88433,88433,0,888,False,False,False,True,H0,H0,0.9999999999999999,0.6652769609877351,0.7700810432434082,True,False,False,False,False,False,
522,87607,0,750,89384,0,750,False,87607,87607,0,750,False,False,True,False,H0,H0,0.7952559957175438,1.0,0.7700810432434082,True,True,True,False,False,True,self_pair
523,104359,0,836,175687,0,836,False,191860,191860,0,821,False,False,False,True,H0,H0,0.6662234275628666,0.6443007815774442,0.7700810432434082,False,False,False,False,False,False,
524,107726,0,1006,179478,0,1006,False,138605,138605,0,895,False,False,False,True,H0,H0,0.6243357978615696,0.5965308991204921,0.7700810432434082,False,False,False,False,False,False,
525,41932,0,1096,3995,0,1096,False,94077,94077,1,1096,False,False,True,False,H0,H0,0.884659267908532,0.7943094125334942,0.7700810432434082,True,True,True,False,True,False,
526,76228,0,675,140522,0,675,False,162576,162576,0,675,False,False,True,False,H0,H0,0.6466602946123444,0.7700810382536042,0.7700810432434082,False,False,False,False,False,False,
527,125453,0,932,125453,0,932,True,125453,125453,0,932,True,True,True,False,H0,H0,1.0,1.0,0.7700810432434082,True,True,True,False,False,True,self_pair
528,134592,0,821,61597,0,821,False,40595,40595,1,821,False,False,True,False,H0,H0,0.8388255484017383,0.7825547219540075,0.7700810432434082,True,True,True,False,True,False,
529,125170,1,697,101620,1,697,True,67930,67930,1,697,False,True,True,False,H1,H1,0.7155494386784131,0.7159765462687344,0.7700810432434082,False,False,False,False,False,False,
530,46658,0,457,27700,1,457,False,66348,66348,1,299,False,False,False,True,H0,H0,0.6275403809592369,0.7675875526856423,0.7706029415130615,False,False,False,False,False,False,
531,47370,0,725,47370,0,725,False,69499,69499,0,725,False,False,True,False,H0,H0,1.0,0.7708189321808595,0.7706029415130615,True,True,True,False,True,False,
532,190020,1,746,138527,0,746,False,190020,190020,1,746,False,False,True,False,H0,H1,0.8305678333795827,0.9999999999999999,0.7706029415130615,True,True,True,False,False,True,self_pair
533,33154,1,497,191899,0,497,True,33154,33154,1,497,False,True,True,False,H0,H1,0.613458044980568,1.0,0.7706029415130615,False,True,True,False,False,True,self_pair
534,143864,0,897,35495,1,897,False,143864,143864,0,897,False,False,True,False,H0,H0,0.48140060483423,1.0000000000000002,0.7706029415130615,False,True,True,False,False,True,self_pair
535,123081,0,200,122518,1,200,True,123081,123081,0,200,False,True,True,False,H0,H0,0.6876565380735061,0.9999999999999998,0.7706029415130615,False,True,True,False,False,True,self_pair
536,18722,0,718,133710,1,718,False,18722,18722,0,718,False,False,True,False,H0,H0,0.7028485365226761,1.0,0.7706029415130615,False,True,True,False,False,True,self_pair
537,11215,0,1008,145189,0,1008,False,91240,91240,0,718,False,False,False,True,H0,H0,0.6553108769409983,0.5815752153995211,0.7706029415130615,False,False,False,False,False,False,
538,70702,0,656,186838,1,656,False,70702,70702,0,656,False,False,True,False,H0,H0,0.6325559749818082,1.0000000000000002,0.7706029415130615,False,True,True,False,False,True,self_pair
539,82706,0,295,78716,0,295,True,78716,78716,0,295,True,True,True,False,H0,H0,0.7827215971294933,0.7827215971294933,0.7706029415130615,True,True,True,False,True,False,
540,165929,1,112,166337,1,112,True,165929,165929,1,112,False,True,True,False,H1,H1,0.9843836937251932,0.9999999999999999,0.7706029415130615,True,True,True,False,False,True,self_pair
541,77901,1,107,77901,1,107,False,197498,197498,1,241,False,False,False,True,H1,H0,0.9999999999999999,0.7076664811353618,0.7706029415130615,True,False,False,False,False,False,
542,162940,0,860,162940,0,860,False,77479,77479,0,593,False,False,False,True,H0,H0,1.0000000000000002,0.5622649683021019,0.7706029415130615,True,False,False,False,False,False,
543,26423,0,960,22060,1,960,False,4361,4361,1,960,False,False,True,False,H0,H0,0.781676327691822,0.7680837323320294,0.7706029415130615,True,False,False,False,False,False,
544,163762,0,367,144869,0,367,False,163762,163762,0,367,False,False,True,False,H0,H0,0.9647505104476884,1.0000000000000002,0.7706029415130615,True,True,True,False,False,True,self_pair
545,36497,1,1096,3995,0,1096,False,8887,8887,0,1096,False,False,True,False,H0,H0,0.6231074616486083,0.8077165573093009,0.7706029415130615,False,True,True,False,True,False,
546,158477,0,227,166765,0,227,True,166765,166765,0,227,True,True,True,False,H0,H0,0.8825041629847489,0.8825041629847489,0.7706029415130615,True,True,True,False,True,False,
547,74516,1,932,125453,0,932,True,26147,26147,0,932,False,False,True,False,H0,H0,0.7039878432404064,0.8283825158452136,0.7706029415130615,False,True,True,False,True,False,
548,74209,0,821,61597,0,821,False,74209,74209,0,821,False,False,True,False,H0,H0,0.6057436458104913,1.0000000000000002,0.7700810432434082,False,True,True,False,False,True,self_pair
549,12234,0,812,12234,0,812,False,155869,155869,1,341,False,False,False,True,H0,H0,1.0000000000000002,0.712983966708841,0.7700810432434082,True,False,False,False,False,False,
550,74753,1,404,74753,1,404,False,30090,30090,0,404,False,False,True,False,H1,H0,1.0,0.7824639056191725,0.7700810432434082,True,True,True,False,True,False,
551,52447,0,725,47370,0,725,False,52447,52447,0,725,False,False,True,False,H0,H0,0.6877057249473572,1.0,0.7700810432434082,False,True,True,False,False,True,self_pair
552,118300,0,1034,142425,0,1034,False,94115,94115,0,1041,False,False,False,True,H0,H0,0.6293197217101411,0.6439691647838116,0.7700810432434082,False,False,False,False,False,False,
553,152408,1,497,191899,0,497,True,152408,152408,1,497,False,True,True,False,H0,H1,0.534321203748485,0.9999999999999998,0.7700810432434082,False,True,True,False,False,True,self_pair
554,64504,0,1078,29127,0,1078,False,11215,11215,0,1008,False,False,False,True,H0,H0,0.6096858838846994,0.575539184933329,0.7700810432434082,False,False,False,False,False,False,
555,122916,0,200,122518,1,200,True,122916,122916,0,200,False,True,True,False,H0,H0,0.9751825218573149,1.0000000000000002,0.7700810432434082,True,True,True,False,False,True,self_pair
556,91240,0,718,133710,1,718,False,91240,91240,0,718,False,False,True,False,H0,H0,0.7462992733703103,1.0,0.7700810432434082,False,True,True,False,False,True,self_pair
557,121446,1,790,90358,0,790,True,121446,121446,1,790,False,True,True,False,H0,H1,0.7102074424140933,1.0000000000000002,0.7700810432434082,False,True,True,False,False,True,self_pair
558,89062,0,22,37422,1,22,False,12234,12234,0,812,False,False,False,True,H0,H0,0.7148770823406155,0.6695681174446877,0.7700810432434082,False,False,False,False,False,False,
559,5218,0,674,66492,0,674,False,180597,180597,0,675,False,False,False,True,H0,H0,0.687457003693515,0.6729771511319592,0.7700810432434082,False,False,False,False,False,False,
560,166057,1,112,166337,1,112,True,166050,166050,1,112,False,True,True,False,H1,H1,0.9881029604061293,0.9999999999999999,0.7700810432434082,True,True,True,True,False,False,
561,138632,0,121,167316,1,121,False,161429,161429,0,121,False,False,True,False,H0,H0,0.6498081437106517,0.7303177902955699,0.7700810432434082,False,False,False,False,False,False,
562,180933,1,255,180933,1,255,False,197652,197652,0,571,False,False,False,True,H1,H0,1.0000000000000002,0.6354744577506963,0.7700810432434082,True,False,False,False,False,False,
563,128524,0,778,128524,0,778,False,93925,93925,0,718,False,False,False,True,H0,H0,0.9999999999999999,0.6637479865244422,0.7700810432434082,True,False,False,False,False,False,
564,196689,0,367,144869,0,367,False,165395,165395,1,367,False,False,True,False,H0,H0,0.5720114568758231,0.6322423387347976,0.7700810432434082,False,False,False,False,False,False,
565,81542,0,1096,3995,0,1096,False,26147,26147,0,932,False,False,False,True,H0,H0,0.7287484992688115,0.7696853008883495,0.7700810432434082,False,False,False,False,False,False,
566,121712,0,675,140522,0,675,False,180597,180597,0,675,False,False,True,False,H0,H0,0.74914082151739,0.7767525552388764,0.7700810432434082,False,True,True,False,True,False,
567,75031,0,932,125453,0,932,True,125453,125453,0,932,True,True,True,False,H0,H0,0.7111550286093065,0.7111550286093065,0.7700810432434082,False,False,False,False,False,False,
568,198641,0,821,61597,0,821,False,178075,178075,0,821,False,False,True,False,H0,H0,0.5341024471729124,0.6396337247341382,0.7700810432434082,False,False,False,False,False,False,
569,177496,1,697,101620,1,697,True,101620,101620,1,697,True,True,True,False,H1,H1,0.7770959768157517,0.7770959768157517,0.7700810432434082,True,True,True,True,False,False,
570,137956,0,404,74753,1,404,False,137956,137956,0,404,False,False,True,False,H0,H0,0.627990725525244,0.9999999999999999,0.7700810432434082,False,True,True,False,False,True,self_pair
571,60603,0,725,47370,0,725,False,96652,96652,1,725,False,False,True,False,H0,H0,0.7659912067045975,0.8199457679497093,0.7700810432434082,False,True,True,False,True,False,
572,144333,1,746,138527,0,746,False,144333,144333,1,746,False,False,True,False,H0,H1,0.803585760469365,0.9999999999999999,0.7700810432434082,True,True,True,False,False,True,self_pair
573,58337,0,497,191899,0,497,True,58337,58337,0,497,False,True,True,False,H0,H0,0.6134116124732757,1.0,0.7700810432434082,False,True,True,False,False,True,self_pair
574,94170,0,750,89384,0,750,False,21693,21693,1,749,False,False,False,True,H0,H0,0.7437930415617772,0.8125929495139069,0.7700810432434082,False,True,True,False,True,False,
575,189471,1,74,191114,0,74,False,155820,155820,0,201,False,False,False,True,H0,H0,0.972875826830855,0.860352079270249,0.7706029415130615,True,True,True,False,True,False,
576,40413,0,718,133710,1,718,False,40413,40413,0,718,False,False,True,False,H0,H0,0.7941916337918452,1.0,0.7706029415130615,True,True,True,False,False,True,self_pair
577,197062,0,790,90358,0,790,True,197062,197062,0,790,False,True,True,False,H0,H0,0.6456322902840091,1.0,0.7706029415130615,False,True,True,False,False,True,self_pair
578,199435,0,787,186222,0,787,False,99935,99935,0,527,False,False,False,True,H0,H0,0.6636989830804926,0.5987399873835247,0.7706029415130615,False,False,False,False,False,False,
579,152801,0,1068,152801,0,1068,False,18572,18572,0,989,False,False,False,True,H0,H0,1.0,0.7602918773079171,0.7706029415130615,True,False,False,False,False,False,
580,166337,1,112,166337,1,112,True,166337,166337,1,112,True,True,True,False,H1,H1,1.0000000000000002,1.0000000000000002,0.7706029415130615,True,True,True,False,False,True,self_pair
581,122424,0,121,167316,1,121,False,165593,165593,0,121,False,False,True,False,H0,H0,0.6280135031201782,0.6923245741539442,0.7706029415130615,False,False,False,False,False,False,
582,20745,0,335,20736,0,335,False,77901,77901,1,107,False,False,False,True,H0,H0,0.7429917026569904,0.6621535157447997,0.7706029415130615,False,False,False,False,False,False,
583,169664,0,927,169145,0,927,False,86244,86244,0,927,False,False,True,False,H0,H0,0.58963183306502,0.5841708538008104,0.7706029415130615,False,False,False,False,False,False,
584,120012,0,925,158921,0,925,False,16171,16171,0,166,False,False,False,True,H0,H0,0.7103232362228233,0.610749461391325,0.7706029415130615,False,False,False,False,False,False,
585,178023,0,1096,3995,0,1096,False,4021,4021,0,1096,False,False,True,False,H0,H0,0.6821629780207757,0.7943711371377442,0.7706029415130615,False,True,True,False,True,False,
586,140506,0,675,140522,0,675,False,64846,64846,0,675,False,False,True,False,H0,H0,0.8558982674751363,0.792419831894723,0.7706029415130615,True,True,True,False,True,False,
587,154177,0,932,125453,0,932,True,154177,154177,0,932,False,False,True,False,H0,H0,0.6825801126361793,1.0000000000000002,0.7706029415130615,False,True,True,False,False,True,self_pair
588,192182,0,821,61597,0,821,False,191860,191860,0,821,False,False,True,False,H0,H0,0.6594977951904524,0.6517685685489182,0.7706029415130615,False,False,False,False,False,False,
589,82952,1,697,101620,1,697,True,82952,82952,1,697,False,True,True,False,H1,H1,0.7161477919019588,1.0000000000000002,0.7706029415130615,False,True,True,False,False,True,self_pair
590,192279,0,404,74753,1,404,False,8679,8679,1,404,False,False,True,False,H0,H0,0.7184496506662674,0.8939254022376701,0.7706029415130615,False,True,True,False,True,False,
591,96652,1,725,47370,0,725,False,96652,96652,1,725,False,False,True,False,H0,H1,0.7667392815072869,1.0,0.7706029415130615,False,True,True,False,False,True,self_pair
592,98067,1,746,138527,0,746,False,98067,98067,1,746,False,False,True,False,H0,H1,0.7929412911227535,1.0,0.7706029415130615,True,True,True,False,False,True,self_pair
593,184376,0,497,191899,0,497,True,184376,184376,0,497,False,False,True,False,H0,H0,0.4945016946737908,0.9999999999999999,0.7706029415130615,False,True,True,False,False,True,self_pair
594,70920,0,766,151212,1,766,False,121411,121411,1,767,False,False,False,True,H0,H0,0.7734336795349742,0.7958859764880711,0.7706029415130615,True,True,True,False,True,False,
595,134964,0,200,122518,1,200,True,134964,134964,0,200,False,True,True,False,H0,H0,0.7207399195542995,1.0,0.7706029415130615,False,True,True,False,False,True,self_pair
596,77216,0,593,76267,0,593,False,92537,92537,0,593,False,False,True,False,H0,H0,0.557849379102883,0.6508755648478316,0.7706029415130615,False,False,False,False,False,False,
597,190169,1,591,167744,1,591,False,93773,93773,0,557,False,False,False,True,H1,H0,0.9480944492795442,0.6966432095536654,0.7706029415130615,True,False,False,False,False,False,
598,186825,1,656,186838,1,656,False,186837,186837,1,656,False,False,True,False,H1,H1,0.9079898910111464,0.9079898910111464,0.7706029415130615,True,True,True,True,False,False,
599,177662,1,578,166994,0,578,False,110215,110215,0,568,False,False,False,True,H0,H0,0.6011649448376593,0.5879166669730869,0.7706029415130615,False,False,False,False,False,False,
600,157710,0,1070,25112,0,1070,False,30335,30335,0,1070,False,False,True,False,H0,H0,0.6752910373770913,0.6308874533569709,0.7706029415130615,False,False,False,False,False,False,
601,159777,0,121,167316,1,121,False,161429,161429,0,121,False,False,True,False,H0,H0,0.4130113369604238,0.5198015308893292,0.7706029415130615,False,False,False,False,False,False,
602,1821,0,86,15994,0,86,False,16838,16838,1,11,False,False,False,True,H0,H0,0.7403345500511077,0.7011761739311575,0.7706029415130615,False,False,False,False,False,False,
603,4050,0,960,22060,1,960,False,4361,4361,1,960,False,False,True,False,H0,H0,0.8086004743656481,0.8940417614704208,0.7706029415130615,True,True,True,False,True,False,
604,193002,0,367,144869,0,367,False,193002,193002,0,367,False,False,True,False,H0,H0,0.7110651724044637,0.9999999999999998,0.7706029415130615,False,True,True,False,False,True,self_pair
605,6364,0,1096,3995,0,1096,False,46035,46035,0,1096,False,False,True,False,H0,H0,0.7864069906909547,0.759352309563109,0.7706029415130615,True,False,False,False,False,False,
606,67722,0,1071,43720,0,1071,False,189592,189592,0,968,False,False,False,True,H0,H0,0.6471294003531732,0.49041341999464405,0.7706029415130615,False,False,False,False,False,False,
607,176652,1,932,125453,0,932,True,176652,176652,1,932,False,True,True,False,H0,H1,0.724226968832529,1.0,0.7706029415130615,False,True,True,False,False,True,self_pair
608,154519,0,776,154522,0,776,False,183835,183835,0,776,False,False,True,False,H0,H0,0.8084011931503374,0.7355097782851033,0.7706029415130615,True,False,False,False,False,False,
609,102863,0,830,159419,0,830,False,64846,64846,0,675,False,False,False,True,H0,H0,0.5838580326598171,0.5155512681207396,0.7700810432434082,False,False,False,False,False,False,
610,52363,0,198,52242,0,198,False,6364,6364,0,1096,False,False,False,True,H0,H0,0.6891308722409907,0.6422406983698438,0.7700810432434082,False,False,False,False,False,False,
611,132317,0,602,127762,0,602,False,67507,67507,0,701,False,False,False,True,H0,H0,0.7154771049349682,0.5744017578036041,0.7700810432434082,False,False,False,False,False,False,
612,83637,0,746,138527,0,746,False,83637,83637,0,746,False,False,True,False,H0,H0,0.7731105752188755,1.0,0.7700810432434082,True,True,True,False,False,True,self_pair
613,145308,0,497,191899,0,497,True,145308,145308,0,497,False,False,True,False,H0,H0,0.6099147320763413,1.0,0.7700810432434082,False,True,True,False,False,True,self_pair
614,140022,0,897,35495,1,897,False,140022,140022,0,897,False,False,True,False,H0,H0,0.7280756705622426,1.0000000000000002,0.7700810432434082,False,True,True,False,False,True,self_pair
615,51125,0,1069,155705,0,1069,False,6364,6364,0,1096,False,False,False,True,H0,H0,0.6014509796031042,0.6373552753667041,0.7700810432434082,False,False,False,False,False,False,
616,154752,0,1034,142425,0,1034,False,94115,94115,0,1041,False,False,False,True,H0,H0,0.7133813267155928,0.6501318687838673,0.7700810432434082,False,False,False,False,False,False,
617,176652,1,932,125453,0,932,True,176652,176652,1,932,False,True,True,False,H0,H1,0.724226968832529,1.0,0.7700810432434082,False,True,True,False,False,True,self_pair
618,35465,0,656,186838,1,656,False,189069,189069,0,656,False,False,True,False,H0,H0,0.6175572678060114,0.6467811892021827,0.7700810432434082,False,False,False,False,False,False,
619,78716,0,295,78716,0,295,True,78716,78716,0,295,True,True,True,False,H0,H0,1.0000000000000002,1.0000000000000002,0.7700810432434082,True,True,True,False,False,True,self_pair
620,166378,1,112,166337,1,112,True,166377,166377,1,112,False,True,True,False,H1,H1,0.9829983831265319,1.0,0.7700810432434082,True,True,True,True,False,False,
621,197021,0,121,167316,1,121,False,116828,116828,0,121,False,False,True,False,H0,H0,0.7291667867911109,0.7100110011713505,0.7700810432434082,False,False,False,False,False,False,
622,70674,1,750,89384,0,750,False,70674,70674,1,750,False,False,True,False,H0,H1,0.869450251612307,1.0,0.7700810432434082,True,True,True,False,False,True,self_pair
623,22060,1,960,22060,1,960,False,22072,22072,0,960,False,False,True,False,H1,H0,0.9999999999999999,0.7892826744732444,0.7700810432434082,True,True,True,False,True,False,
624,99359,0,189,89153,0,189,False,93925,93925,0,718,False,False,False,True,H0,H0,0.72247259464426,0.621552345348672,0.7700810432434082,False,False,False,False,False,False,
625,99378,0,189,89153,0,189,False,99359,99359,0,189,False,False,True,False,H0,H0,0.6531710512003465,0.7318406508096461,0.7700810432434082,False,False,False,False,False,False,
626,60279,0,675,140522,0,675,False,64846,64846,0,675,False,False,True,False,H0,H0,0.9718381858908707,0.7854307932682703,0.7700810432434082,True,True,True,False,True,False,
627,128276,0,932,125453,0,932,True,101867,101867,0,932,False,True,True,False,H0,H0,0.7111739229278308,0.7330866642785139,0.7709117531776428,False,False,False,False,False,False,
628,62443,0,1005,61248,0,1005,False,130227,130227,0,1094,False,False,False,True,H0,H0,0.7403911838985419,0.5933012345205438,0.7709117531776428,False,False,False,False,False,False,
629,191850,0,697,101620,1,697,True,191850,191850,0,697,False,True,True,False,H0,H0,0.6713241160711222,1.0,0.7709117531776428,False,True,True,False,False,True,self_pair
630,190742,0,127,117769,0,127,False,119273,119273,0,127,False,False,True,False,H0,H0,0.6826334984157367,0.6657402654106962,0.7709117531776428,False,False,False,False,False,False,
631,122583,1,725,47370,0,725,False,122583,122583,1,725,False,False,True,False,H0,H1,0.6958314426754479,0.9999999999999999,0.7709117531776428,False,True,True,False,False,True,self_pair
632,97241,1,746,138527,0,746,False,70674,70674,1,750,False,False,False,True,H0,H0,0.7962091490862593,0.8187779726881245,0.7709117531776428,True,True,True,False,True,False,
633,58619,1,4,106038,1,4,True,106038,106038,1,4,True,True,True,False,H1,H1,0.9999999999999999,0.9999999999999999,0.7709117531776428,True,True,True,True,False,False,
634,89668,0,897,35495,1,897,False,89668,89668,0,897,False,False,True,False,H0,H0,0.6375383243994444,0.9999999999999998,0.7709117531776428,False,True,True,False,False,True,self_pair
635,134387,0,200,122518,1,200,True,134387,134387,0,200,False,False,True,False,H0,H0,0.5451096465184744,1.0,0.7709117531776428,False,True,True,False,False,True,self_pair
636,149681,0,718,133710,1,718,False,149681,149681,0,718,False,False,True,False,H0,H0,0.6920462592724129,1.0,0.7709117531776428,False,True,True,False,False,True,self_pair
637,90358,0,790,90358,0,790,True,90358,90358,0,790,True,True,True,False,H0,H0,0.9999999999999999,0.9999999999999999,0.7709117531776428,True,True,True,False,False,True,self_pair
638,104686,0,656,186838,1,656,False,104686,104686,0,656,False,False,True,False,H0,H0,0.600400520070531,1.0000000000000002,0.7709117531776428,False,True,True,False,False,True,self_pair
639,144124,0,1094,112598,0,1094,False,130227,130227,0,1094,False,False,True,False,H0,H0,0.8406076328044861,0.8206657926005471,0.7709117531776428,True,True,True,False,True,False,
640,190301,0,1006,179478,0,1006,False,21669,21669,0,1076,False,False,False,True,H0,H0,0.6379152324848991,0.623805565871244,0.7709117531776428,False,False,False,False,False,False,
641,197243,0,121,167316,1,121,False,193825,193825,0,121,False,False,True,False,H0,H0,0.656326975479092,0.8478943906863083,0.7709117531776428,False,True,True,False,True,False,
642,187619,0,750,89384,0,750,False,187619,187619,0,750,False,False,True,False,H0,H0,0.705869337934706,0.9999999999999998,0.7709117531776428,False,True,True,False,False,True,self_pair
643,169961,0,790,90358,0,790,True,169961,169961,0,790,False,True,True,False,H0,H0,0.6988990266175152,1.0,0.7709117531776428,False,True,True,False,False,True,self_pair
644,71442,0,367,144869,0,367,False,71442,71442,0,367,False,False,True,False,H0,H0,0.6963995628966433,0.9999999999999998,0.7706029415130615,False,True,True,False,False,True,self_pair
645,86498,0,725,47370,0,725,False,86498,86498,0,725,False,False,True,False,H0,H0,0.724615252767679,1.0,0.7706029415130615,False,True,True,False,False,True,self_pair
646,140522,0,675,140522,0,675,False,64846,64846,0,675,False,False,True,False,H0,H0,1.0,0.7896858245052342,0.7706029415130615,True,True,True,False,True,False,
647,141349,1,109,141349,1,109,False,69499,69499,0,725,False,False,False,True,H1,H0,1.0,0.6470588961801851,0.7706029415130615,True,False,False,False,False,False,
648,177913,0,821,61597,0,821,False,177913,177913,0,821,False,False,True,False,H0,H0,0.6717830081687115,1.0000000000000002,0.7706029415130615,False,True,True,False,False,True,self_pair
649,181828,0,864,99617,0,864,False,51029,51029,1,354,False,False,False,True,H0,H0,0.5217470047513277,0.5826440103045241,0.7706029415130615,False,False,False,False,False,False,
650,146140,0,404,74753,1,404,False,30090,30090,0,404,False,False,True,False,H0,H0,0.6866433116976627,0.6715663411517236,0.7706029415130615,False,False,False,False,False,False,
651,151557,0,351,151557,0,351,False,91240,91240,0,718,False,False,False,True,H0,H0,1.0000000000000002,0.5680698865752963,0.7706029415130615,True,False,False,False,False,False,
652,145932,1,746,138527,0,746,False,144333,144333,1,746,False,False,True,False,H0,H1,0.8189306225723569,0.9867501548322138,0.7706029415130615,True,True,True,True,False,False,
653,27002,0,197,27002,0,197,False,125142,125142,0,429,False,False,False,True,H0,H0,0.9999999999999999,0.6138145255558672,0.7706029415130615,True,False,False,False,False,False,
654,119943,0,897,35495,1,897,False,140022,140022,0,897,False,False,True,False,H0,H0,0.6446049571234503,0.6380744354782932,0.7706029415130615,False,False,False,False,False,False,
655,121324,0,200,122518,1,200,True,122916,122916,0,200,False,True,True,False,H0,H0,0.7274414239996575,0.7424734680131325,0.7706029415130615,False,False,False,False,False,False,
656,105875,0,791,50397,0,791,False,87,87,1,804,False,False,False,True,H0,H0,0.5845493318932694,0.6455070660004203,0.7706029415130615,False,False,False,False,False,False,
657,169961,0,790,90358,0,790,True,169961,169961,0,790,False,True,True,False,H0,H0,0.6988990266175152,1.0,0.7706029415130615,False,True,True,False,False,True,self_pair
658,21089,1,98,21089,1,98,False,18268,18268,0,711,False,False,False,True,H1,H0,1.0,0.8650232941277584,0.7706029415130615,True,True,True,False,True,False,
659,69675,0,295,78716,0,295,True,69675,69675,0,295,False,True,True,False,H0,H0,0.8307927044897239,1.0,0.7706029415130615,True,True,True,False,False,True,self_pair
660,126109,0,112,166337,1,112,True,126109,126109,0,112,False,True,True,False,H0,H0,0.6848540107151134,1.0,0.7706029415130615,False,True,True,False,False,True,self_pair
661,138770,0,121,167316,1,121,False,161429,161429,0,121,False,False,True,False,H0,H0,0.7208167726914652,0.7789203203850059,0.7706029415130615,False,True,True,False,True,False,
662,166429,0,210,156037,0,210,False,179392,179392,0,211,False,False,False,True,H0,H0,0.8566720089491826,0.8018403581402189,0.7706029415130615,True,True,True,False,True,False,
663,28105,0,960,22060,1,960,False,28105,28105,0,960,False,False,True,False,H0,H0,0.7084100014028204,0.9999999999999999,0.7706029415130615,False,True,True,False,False,True,self_pair
664,102897,1,182,102897,1,182,False,115646,115646,1,87,False,False,False,True,H1,H0,0.9999999999999999,0.6727534816226517,0.7706029415130615,True,False,False,False,False,False,
665,47546,0,625,156105,0,625,False,29638,29638,0,625,False,False,True,False,H0,H0,0.864934225913255,0.8205472942705501,0.7706029415130615,True,True,True,False,True,False,
666,64846,0,675,140522,0,675,False,64846,64846,0,675,False,False,True,False,H0,H0,0.7896858245052342,1.0,0.7706029415130615,True,True,True,False,False,True,self_pair
667,164726,0,498,164726,0,498,False,15718,15718,0,501,False,False,False,True,H0,H0,0.9999999999999999,0.6267596112158118,0.7706029415130615,True,False,False,False,False,False,
668,72302,0,821,61597,0,821,False,72302,72302,0,821,False,False,True,False,H0,H0,0.7710232481389839,1.0,0.7709117531776428,True,True,True,False,False,True,self_pair
669,165213,0,537,123174,0,537,False,196689,196689,0,367,False,False,False,True,H0,H0,0.6441098405747031,0.6091784324992653,0.7709117531776428,False,False,False,False,False,False,
670,169863,0,404,74753,1,404,False,169863,169863,0,404,False,False,True,False,H0,H0,0.7050682945635162,1.0,0.7709117531776428,False,True,True,False,False,True,self_pair
671,177706,0,551,199231,0,551,False,18268,18268,0,711,False,False,False,True,H0,H0,0.6279739175217004,0.5713649246074984,0.7709117531776428,False,False,False,False,False,False,
672,77327,0,295,78716,0,295,True,69675,69675,0,295,False,True,True,False,H0,H0,0.8143456909708287,0.8642512701695666,0.7709117531776428,True,True,True,False,True,False,
673,44159,0,958,11947,0,958,False,110113,110113,0,938,False,False,False,True,H0,H0,0.5467513247260246,0.7532421905868121,0.7709117531776428,False,False,False,False,False,False,
674,101623,0,897,35495,1,897,False,89668,89668,0,897,False,False,True,False,H0,H0,0.6366186573652187,0.8273893907732732,0.7709117531776428,False,True,True,False,True,False,
675,151967,0,121,167316,1,121,False,190971,190971,0,121,False,False,True,False,H0,H0,0.7165270768703063,0.7185992542781876,0.7709117531776428,False,False,False,False,False,False,
676,85096,0,758,60104,0,758,False,124414,124414,0,728,False,False,False,True,H0,H0,0.8988289756921581,0.8005652201797875,0.7709117531776428,True,True,True,False,True,False,
677,125046,0,127,117769,0,127,False,62318,62318,0,127,False,False,True,False,H0,H0,0.7118794397862916,0.7235943698504098,0.7709117531776428,False,False,False,False,False,False,
678,186838,1,656,186838,1,656,False,186837,186837,1,656,False,False,True,False,H1,H1,0.9999999999999999,0.9999999999999999,0.7709117531776428,True,True,True,True,False,False,
679,198041,0,972,198041,0,972,False,199038,199038,0,972,False,False,True,False,H0,H0,1.0000000000000002,0.6899263013066356,0.7709117531776428,True,False,False,False,False,False,
680,18299,0,190,55811,1,190,False,180597,180597,0,675,False,False,False,True,H0,H0,0.6608267341662382,0.6024495984362601,0.7709117531776428,False,False,False,False,False,False,
681,141240,0,121,167316,1,121,False,161429,161429,0,121,False,False,True,False,H0,H0,0.6188026816878027,0.6960288847870613,0.7709117531776428,False,False,False,False,False,False,
682,123534,0,750,89384,0,750,False,123534,123534,0,750,False,False,True,False,H0,H0,0.8026458381723494,0.9999999999999998,0.7709117531776428,True,True,True,False,False,True,self_pair
683,22967,0,960,22060,1,960,False,4361,4361,1,960,False,False,True,False,H0,H0,0.8492296702585667,0.7887246629312089,0.7709117531776428,True,True,True,False,True,False,
684,123370,0,130,123370,0,130,False,174272,174272,0,626,False,False,False,True,H0,H0,0.9999999999999999,0.570981774461637,0.7709117531776428,True,False,False,False,False,False,
685,181656,0,1096,3995,0,1096,False,181656,181656,0,1096,False,False,True,False,H0,H0,0.6634361716469954,1.0,0.7709117531776428,False,True,True,False,False,True,self_pair
686,79073,0,753,79073,0,753,False,124414,124414,0,728,False,False,False,True,H0,H0,1.0,0.570484666442493,0.7709117531776428,True,False,False,False,False,False,
687,46979,1,103,112660,1,103,False,21693,21693,1,749,False,False,False,True,H1,H0,0.999999999999581,0.6374943345971853,0.7709117531776428,True,False,False,False,False,False,
688,187210,0,821,61597,0,821,False,187210,187210,0,821,False,False,True,False,H0,H0,0.6346245543193787,1.0000000000000002,0.7709117531776428,False,True,True,False,False,True,self_pair
689,113938,0,697,101620,1,697,True,113938,113938,0,697,False,True,True,False,H0,H0,0.6981172707229804,1.0000000000000002,0.7709117531776428,False,True,True,False,False,True,self_pair
690,188305,0,404,74753,1,404,False,188305,188305,0,404,False,False,True,False,H0,H0,0.6610491411243361,1.0,0.7709117531776428,False,True,True,False,False,True,self_pair
691,69499,0,725,47370,0,725,False,69499,69499,0,725,False,False,True,False,H0,H0,0.7708189321808595,1.0,0.7709117531776428,False,True,True,False,False,True,self_pair
692,23168,0,746,138527,0,746,False,19370,19370,1,746,False,False,True,False,H0,H0,0.6087629611535685,0.5975581497871212,0.7709117531776428,False,False,False,False,False,False,
693,47848,0,497,191899,0,497,True,47848,47848,0,497,False,True,True,False,H0,H0,0.6327606477790734,0.9999999999999999,0.7709117531776428,False,True,True,False,False,True,self_pair
694,56619,0,127,117769,0,127,False,127493,127493,0,441,False,False,False,True,H0,H0,0.48851020876114176,0.5499139820912252,0.7709117531776428,False,False,False,False,False,False,
695,52699,0,334,128127,0,334,False,87,87,1,804,False,False,False,True,H0,H0,0.5709853277800004,0.5965966490456382,0.7709117531776428,False,False,False,False,False,False,
696,93645,0,718,133710,1,718,False,93645,93645,0,718,False,False,True,False,H0,H0,0.5431542991365279,1.0,0.7709117531776428,False,True,True,False,False,True,self_pair
697,53103,1,790,90358,0,790,True,53103,53103,1,790,False,False,True,False,H0,H1,0.6266932227418814,0.9999999999999999,0.7709117531776428,False,True,True,False,False,True,self_pair
698,117729,0,127,117769,0,127,False,118612,118612,0,127,False,False,True,False,H0,H0,0.7330436514541082,0.8788508506230857,0.7709117531776428,False,True,True,False,True,False,
699,65291,1,295,78716,0,295,True,65291,65291,1,295,False,True,True,False,H0,H1,0.7636850471406561,1.0000000000000002,0.7709117531776428,False,True,True,False,False,True,self_pair
700,166303,1,112,166337,1,112,True,166337,166337,1,112,True,True,True,False,H1,H1,0.9955461769017481,0.9955461769017481,0.7709117531776428,True,True,True,True,False,False,
701,152241,0,121,167316,1,121,False,116828,116828,0,121,False,False,True,False,H0,H0,0.4058549684653616,0.4720410545345056,0.7709117531776428,False,False,False,False,False,False,
702,106148,0,1059,58005,1,1059,False,6364,6364,0,1096,False,False,False,True,H0,H0,0.5586469386405251,0.647567397159188,0.7709117531776428,False,False,False,False,False,False,
703,40662,0,960,22060,1,960,False,4361,4361,1,960,False,False,True,False,H0,H0,0.7779738092236813,0.7395427906370294,0.7709117531776428,True,False,False,False,False,False,
704,165395,1,367,144869,0,367,False,165395,165395,1,367,False,False,True,False,H0,H1,0.8211838829444454,1.0000000000000002,0.7709117531776428,True,True,True,False,False,True,self_pair
705,56986,0,1096,3995,0,1096,False,56986,56986,0,1096,False,False,True,False,H0,H0,0.717363235613217,0.9999999999999998,0.7709117531776428,False,True,True,False,False,True,self_pair
706,40085,0,540,117141,0,540,False,164726,164726,0,498,False,False,False,True,H0,H0,0.626920015195474,0.5934975060117276,0.7709117531776428,False,False,False,False,False,False,
707,58957,0,334,128127,0,334,False,34079,34079,0,887,False,False,False,True,H0,H0,0.4993649965921304,0.5498606165640119,0.7709117531776428,False,False,False,False,False,False,
708,40595,1,821,61597,0,821,False,40595,40595,1,821,False,False,True,False,H0,H1,0.8603727009682286,1.0,0.7709117531776428,True,True,True,False,False,True,self_pair
709,90745,0,911,15243,0,911,False,30090,30090,0,404,False,False,False,True,H0,H0,0.6184475155899873,0.5419451906816092,0.7709117531776428,False,False,False,False,False,False,
710,79185,0,800,79185,0,800,False,185708,185708,0,691,False,False,False,True,H0,H0,1.0,0.6860706440762216,0.7709117531776428,True,False,False,False,False,False,
711,38600,0,1026,38600,0,1026,False,12823,12823,0,1100,False,False,False,True,H0,H0,0.9999999999999998,0.6512198171724511,0.7709117531776428,True,False,False,False,False,False,
712,1174,1,746,138527,0,746,False,19370,19370,1,746,False,False,True,False,H0,H1,0.7925834462838435,0.8492341923111049,0.7709117531776428,True,True,True,True,False,False,
713,112609,0,497,191899,0,497,True,112609,112609,0,497,False,True,True,False,H0,H0,0.5807875846281305,0.9999999999999998,0.7709117531776428,False,True,True,False,False,True,self_pair
714,8977,0,897,35495,1,897,False,8977,8977,0,897,False,False,True,False,H0,H0,0.7370350031742461,1.0,0.7709117531776428,False,True,True,False,False,True,self_pair
715,106447,0,200,122518,1,200,True,106358,106358,0,200,False,True,True,False,H0,H0,0.7083692609962194,0.9887376026221169,0.7709117531776428,False,True,True,False,True,False,
716,148800,0,718,133710,1,718,False,148800,148800,0,718,False,False,True,False,H0,H0,0.6868879712760088,0.9999999999999999,0.7709117531776428,False,True,True,False,False,True,self_pair
717,20855,1,712,20855,1,712,False,18268,18268,0,711,False,False,False,True,H1,H0,0.9999999999999997,0.8408354681259458,0.7709117531776428,True,True,True,False,True,False,
718,95510,0,656,186838,1,656,False,104686,104686,0,656,False,False,True,False,H0,H0,0.5434924566342155,0.5759608462006264,0.7709117531776428,False,False,False,False,False,False,
719,146140,0,404,74753,1,404,False,146140,146140,0,404,False,False,True,False,H0,H0,0.6866433116976627,1.0000000000000002,0.7709117531776428,False,True,True,False,False,True,self_pair
720,165929,1,112,166337,1,112,True,165929,165929,1,112,False,True,True,False,H1,H1,0.9843836937251932,0.9999999999999999,0.7709117531776428,True,True,True,False,False,True,self_pair
721,178159,0,121,167316,1,121,False,186615,186615,0,121,False,False,True,False,H0,H0,0.6505800384097654,0.7853707077652016,0.7709117531776428,False,True,True,False,True,False,
722,23538,0,750,89384,0,750,False,23538,23538,0,750,False,False,True,False,H0,H0,0.7046410231321328,0.9999999999999999,0.7709117531776428,False,True,True,False,False,True,self_pair
723,19186,0,960,22060,1,960,False,19186,19186,0,960,False,False,True,False,H0,H0,0.7182790002003454,1.0000000000000002,0.7709117531776428,False,True,True,False,False,True,self_pair
724,193163,1,367,144869,0,367,False,165395,165395,1,367,False,False,True,False,H0,H1,0.8306215495086012,0.8413030935674891,0.7709117531776428,True,True,True,True,False,False,
725,178892,0,121,167316,1,121,False,145859,145859,0,121,False,False,True,False,H0,H0,0.6168153629275143,0.6528711291222298,0.7709117531776428,False,False,False,False,False,False,
726,50397,0,791,50397,0,791,False,12234,12234,0,812,False,False,False,True,H0,H0,1.0000000000000002,0.6567130973280505,0.7709117531776428,True,False,False,False,False,False,
727,82969,0,932,125453,0,932,True,176652,176652,1,932,False,True,True,False,H0,H0,0.6723159435090355,0.7060596053792418,0.7709117531776428,False,False,False,False,False,False,
728,127640,0,597,125437,0,597,False,154228,154228,1,597,False,False,True,False,H0,H0,0.6968901541940731,0.6913083726903715,0.7709117531776428,False,False,False,False,False,False,
729,80749,0,732,80749,0,732,False,165395,165395,1,367,False,False,False,True,H0,H0,1.0,0.5556056233181655,0.7709117531776428,True,False,False,False,False,False,
730,163565,0,404,74753,1,404,False,163565,163565,0,404,False,False,True,False,H0,H0,0.5795108456093554,1.0,0.7709117531776428,False,True,True,False,False,True,self_pair
731,91952,0,725,47370,0,725,False,91952,91952,0,725,False,False,True,False,H0,H0,0.6854288124274877,1.0,0.7709117531776428,False,True,True,False,False,True,self_pair
732,28206,0,586,28206,0,586,False,121411,121411,1,767,False,False,False,True,H0,H0,1.0000000000000002,0.6840544224634111,0.7709117531776428,True,False,False,False,False,False,
733,47721,0,497,191899,0,497,True,47721,47721,0,497,False,True,True,False,H0,H0,0.7285410668315314,1.0,0.7709117531776428,False,True,True,False,False,True,self_pair
734,92970,0,897,35495,1,897,False,92970,92970,0,897,False,False,True,False,H0,H0,0.6474765175632088,1.0,0.7709117531776428,False,True,True,False,False,True,self_pair
735,171575,0,200,122518,1,200,True,171575,171575,0,200,False,True,True,False,H0,H0,0.706901713853956,1.0,0.7709117531776428,False,True,True,False,False,True,self_pair
736,37198,1,718,133710,1,718,False,37198,37198,1,718,False,False,True,False,H1,H1,0.6516708765138801,1.0,0.7709117531776428,False,True,True,False,False,True,self_pair
737,68245,0,790,90358,0,790,True,53103,53103,1,790,False,False,True,False,H0,H0,0.5102797781366151,0.6723404203891329,0.7709117531776428,False,False,False,False,False,False,
738,70702,0,656,186838,1,656,False,70702,70702,0,656,False,False,True,False,H0,H0,0.6325559749818082,1.0000000000000002,0.7709117531776428,False,True,True,False,False,True,self_pair
739,82706,0,295,78716,0,295,True,78716,78716,0,295,True,True,True,False,H0,H0,0.7827215971294933,0.7827215971294933,0.7709117531776428,True,True,True,False,True,False,
740,166057,1,112,166337,1,112,True,166050,166050,1,112,False,True,True,False,H1,H1,0.9881029604061293,0.9999999999999999,0.7709117531776428,True,True,True,True,False,False,
741,80477,0,954,177584,0,954,False,26423,26423,0,960,False,False,False,True,H0,H0,0.6075104995114362,0.5841338925454223,0.7709117531776428,False,False,False,False,False,False,
742,127309,0,750,89384,0,750,False,127309,127309,0,750,False,False,True,False,H0,H0,0.7467816853757882,1.0000000000000002,0.7709117531776428,False,True,True,False,False,True,self_pair
743,22062,0,960,22060,1,960,False,22062,22062,0,960,False,False,True,False,H0,H0,0.7437123345568922,1.0,0.7709117531776428,False,True,True,False,False,True,self_pair
744,36019,0,1026,38600,0,1026,True,38600,38600,0,1026,True,True,True,False,H0,H0,0.8373966998838278,0.8373966998838278,0.7709117531776428,True,True,True,False,True,False,
745,39319,1,93,39296,1,93,False,90131,90131,0,669,False,False,False,True,H1,H0,0.9092169422423874,0.6175940944581119,0.7709117531776428,True,False,False,False,False,False,
746,146481,0,675,140522,0,675,False,146481,146481,0,675,False,False,True,False,H0,H0,0.6144376752405964,1.0,0.7709117531776428,False,True,True,False,False,True,self_pair
747,178063,0,932,125453,0,932,True,178063,178063,0,932,False,True,True,False,H0,H0,0.7562856511947479,0.9999999999999999,0.7709117531776428,False,True,True,False,False,True,self_pair
748,61597,0,821,61597,0,821,False,40595,40595,1,821,False,False,True,False,H0,H0,0.9999999999999999,0.8603727009682286,0.7709117531776428,True,True,True,False,True,False,
749,34303,0,697,101620,1,697,True,34303,34303,0,697,False,False,True,False,H0,H0,0.5627049536892641,1.0000000000000002,0.7709117531776428,False,True,True,False,False,True,self_pair
750,61954,0,404,74753,1,404,False,30090,30090,0,404,False,False,True,False,H0,H0,0.7459779972579944,0.7712947774471296,0.7709117531776428,False,True,True,False,True,False,
751,7928,0,725,47370,0,725,False,7928,7928,0,725,False,False,True,False,H0,H0,0.7602626142404892,0.9999999999999998,0.7709117531776428,False,True,True,False,False,True,self_pair
752,19370,1,746,138527,0,746,False,19370,19370,1,746,False,False,True,False,H0,H1,0.8027744263893299,0.9999999999999999,0.7709117531776428,True,True,True,False,False,True,self_pair
753,22178,1,497,191899,0,497,True,22178,22178,1,497,False,True,True,False,H0,H1,0.6366437607731037,0.9999999999999999,0.7709117531776428,False,True,True,False,False,True,self_pair
754,148933,0,119,79907,0,119,False,88112,88112,0,119,False,False,True,False,H0,H0,0.8304171550486179,0.846523063292447,0.7709117531776428,True,True,True,False,True,False,
755,157235,0,647,147511,0,647,False,186967,186967,0,697,False,False,False,True,H0,H0,0.6616988396271086,0.5775348879961268,0.7709117531776428,False,False,False,False,False,False,
756,18722,0,718,133710,1,718,False,18722,18722,0,718,False,False,True,False,H0,H0,0.7028485365226761,1.0,0.7709117531776428,False,True,True,False,False,True,self_pair
757,102191,0,834,159607,0,834,False,74305,74305,0,726,False,False,False,True,H0,H0,0.6784978846573618,0.5584972366006346,0.7709117531776428,False,False,False,False,False,False,
758,173913,0,666,194186,0,666,False,198041,198041,0,972,False,False,False,True,H0,H0,0.7489808560536033,0.6432573752194488,0.7709117531776428,False,False,False,False,False,False,
759,43497,0,1005,61248,0,1005,False,62443,62443,0,1005,False,False,True,False,H0,H0,0.709789865953868,0.6242926976597756,0.7709117531776428,False,False,False,False,False,False,
760,166337,1,112,166337,1,112,True,166337,166337,1,112,True,True,True,False,H1,H1,1.0000000000000002,1.0000000000000002,0.7709117531776428,True,True,True,False,False,True,self_pair
761,190968,1,121,167316,1,121,False,190971,190971,0,121,False,False,True,False,H1,H0,0.7902922174952574,0.8639237426001862,0.7709117531776428,True,True,True,False,True,False,
762,171273,0,713,165733,0,713,False,44974,44974,0,609,False,False,False,True,H0,H0,0.758628987242835,0.6029899865980519,0.7709117531776428,False,False,False,False,False,False,
763,23039,0,960,22060,1,960,False,23039,23039,0,960,False,False,True,False,H0,H0,0.6757757819577885,0.9999999999999999,0.7709117531776428,False,True,True,False,False,True,self_pair
764,186486,1,367,144869,0,367,False,186486,186486,1,367,False,False,True,False,H0,H1,0.8317766903214827,0.9999999999999998,0.7709117531776428,True,True,True,False,False,True,self_pair
765,112598,0,1094,112598,0,1094,False,130227,130227,0,1094,False,False,True,False,H0,H0,1.0,0.7847811266633092,0.7709117531776428,True,True,True,False,True,False,
766,63060,0,675,140522,0,675,False,64846,64846,0,675,False,False,True,False,H0,H0,0.9718381858908707,0.7854307932682703,0.7709117531776428,True,True,True,False,True,False,
767,1054,0,466,169925,0,466,False,154752,154752,0,1034,False,False,False,True,H0,H0,0.6984411657831188,0.6491822350185567,0.7709117531776428,False,False,False,False,False,False,
768,186498,0,821,61597,0,821,False,186498,186498,0,821,False,False,True,False,H0,H0,0.6710106643145439,1.0000000000000002,0.7709117531776428,False,True,True,False,False,True,self_pair
769,44717,1,784,44717,1,784,False,178075,178075,0,821,False,False,False,True,H1,H0,1.0,0.5995417750324021,0.7709117531776428,True,False,False,False,False,False,
770,93824,1,404,74753,1,404,False,93824,93824,1,404,False,False,True,False,H1,H1,0.7601430288917416,1.0,0.7709117531776428,False,True,True,False,False,True,self_pair
771,15713,0,725,47370,0,725,False,96652,96652,1,725,False,False,True,False,H0,H0,0.833430994477354,0.7640186998674704,0.7709117531776428,True,False,False,False,False,False,
772,143052,0,869,143052,0,869,False,193002,193002,0,367,False,False,False,True,H0,H0,1.0000000000000002,0.6559132162196345,0.7709117531776428,True,False,False,False,False,False,
773,74890,0,211,183012,0,211,False,179392,179392,0,211,False,False,True,False,H0,H0,0.7427381963559325,0.720110203193892,0.7709117531776428,False,False,False,False,False,False,
774,143864,0,897,35495,1,897,False,143864,143864,0,897,False,False,True,False,H0,H0,0.48140060483423,1.0000000000000002,0.7709117531776428,False,True,True,False,False,True,self_pair
775,149873,0,857,149383,0,857,False,61261,61261,0,474,False,False,False,True,H0,H0,0.9070443203591069,0.6014783128060326,0.7709117531776428,True,False,False,False,False,False,
776,91240,0,718,133710,1,718,False,91240,91240,0,718,False,False,True,False,H0,H0,0.7462992733703103,1.0,0.7709117531776428,False,True,True,False,False,True,self_pair
777,150714,0,1066,91946,0,1066,False,4021,4021,0,1096,False,False,False,True,H0,H0,0.6409855452543937,0.6488892301777572,0.7709117531776428,False,False,False,False,False,False,
778,189069,0,656,186838,1,656,False,189069,189069,0,656,False,False,True,False,H0,H0,0.5602651455159292,1.0,0.7709117531776428,False,True,True,False,False,True,self_pair
779,52447,0,725,47370,0,725,False,52447,52447,0,725,False,False,True,False,H0,H0,0.6877057249473572,1.0,0.7709117531776428,False,True,True,False,False,True,self_pair
780,166377,1,112,166337,1,112,True,166377,166377,1,112,False,True,True,False,H1,H1,0.9829983831265319,1.0,0.7709117531776428,True,True,True,False,False,True,self_pair
781,168454,0,121,167316,1,121,False,190971,190971,0,121,False,False,True,False,H0,H0,0.7255480201250921,0.7489690064558966,0.7709117531776428,False,False,False,False,False,False,
782,170683,0,750,89384,0,750,False,127309,127309,0,750,False,False,True,False,H0,H0,0.7804640171211074,0.8649536069012718,0.7709117531776428,True,True,True,False,True,False,
783,4361,1,960,22060,1,960,False,4361,4361,1,960,False,False,True,False,H1,H1,0.772271425392227,1.0,0.7709117531776428,True,True,True,False,False,True,self_pair
784,197681,0,367,144869,0,367,False,197681,197681,0,367,False,False,True,False,H0,H0,0.5913468203539234,1.0,0.7709117531776428,False,True,True,False,False,True,self_pair
785,54676,0,161,54676,0,161,False,40595,40595,1,821,False,False,False,True,H0,H0,1.0,0.5776567698901333,0.7709117531776428,True,False,False,False,False,False,
786,16329,0,675,140522,0,675,False,16329,16329,0,675,False,False,True,False,H0,H0,0.6704981072094035,1.0,0.7709117531776428,False,True,True,False,False,True,self_pair
787,187108,0,632,181198,0,632,False,6432,6432,0,1101,False,False,False,True,H0,H0,0.9435340004618468,0.6337515126062561,0.7709117531776428,True,False,False,False,False,False,
788,68644,1,539,63545,0,539,False,18268,18268,0,711,False,False,False,True,H0,H0,0.7932124424745255,0.646060993327422,0.7709117531776428,True,False,False,False,False,False,
789,67930,1,697,101620,1,697,True,67930,67930,1,697,False,True,True,False,H1,H1,0.7556483953977144,1.0000000000000002,0.7709117531776428,False,True,True,False,False,True,self_pair
790,108263,1,404,74753,1,404,False,108263,108263,1,404,False,False,True,False,H1,H1,0.7656396835236716,1.0,0.7709117531776428,False,True,True,False,False,True,self_pair
791,48870,1,64,48870,1,64,False,128524,128524,0,778,False,False,False,True,H1,H0,0.9999999999999999,0.6535567989862087,0.7709117531776428,True,False,False,False,False,False,
792,124545,0,746,138527,0,746,False,124545,124545,0,746,False,False,True,False,H0,H0,0.6984268555422851,1.0,0.7709117531776428,False,True,True,False,False,True,self_pair
793,152408,1,497,191899,0,497,True,152408,152408,1,497,False,True,True,False,H0,H1,0.534321203748485,0.9999999999999998,0.7709117531776428,False,True,True,False,False,True,self_pair
794,148532,0,897,35495,1,897,False,23486,23486,1,897,False,False,True,False,H0,H0,0.6010223498110188,0.6114576581864387,0.7709117531776428,False,False,False,False,False,False,
795,122916,0,200,122518,1,200,True,122916,122916,0,200,False,True,True,False,H0,H0,0.9751825218573149,1.0000000000000002,0.7709117531776428,True,True,True,False,False,True,self_pair
796,40413,0,718,133710,1,718,False,40413,40413,0,718,False,False,True,False,H0,H0,0.7941916337918452,1.0,0.7709117531776428,True,True,True,False,False,True,self_pair
797,149985,1,790,90358,0,790,True,90358,90358,0,790,True,True,True,False,H0,H0,0.7721910928535731,0.7721910928535731,0.7709117531776428,True,True,True,False,True,False,
798,186825,1,656,186838,1,656,False,186837,186837,1,656,False,False,True,False,H1,H1,0.9079898910111464,0.9079898910111464,0.7709117531776428,True,True,True,True,False,False,
799,83226,0,295,78716,0,295,True,78716,78716,0,295,True,True,True,False,H0,H0,0.8547202346390449,0.8547202346390449,0.7709117531776428,True,True,True,False,True,False,
800,166378,1,112,166337,1,112,True,166377,166377,1,112,False,True,True,False,H1,H1,0.9829983831265319,1.0,0.7709117531776428,True,True,True,True,False,False,
801,157751,0,121,167316,1,121,False,138632,138632,0,121,False,False,True,False,H0,H0,0.6804337476261869,0.7258258819429397,0.7709117531776428,False,False,False,False,False,False,
802,189689,0,895,161914,0,895,False,30335,30335,0,1070,False,False,False,True,H0,H0,0.746922288816862,0.6690169624850646,0.7709117531776428,False,False,False,False,False,False,
803,157652,0,854,74562,0,854,False,149873,149873,0,857,False,False,False,True,H0,H0,0.708598809813084,0.6939033891158891,0.7709117531776428,False,False,False,False,False,False,
804,47206,1,304,47206,1,304,False,46979,46979,1,103,False,False,False,True,H1,H0,1.0,0.7951074634279826,0.7709117531776428,True,True,True,False,True,False,
805,6631,0,1096,3995,0,1096,False,6631,6631,0,1096,False,False,True,False,H0,H0,0.6391550078322576,1.0,0.7709117531776428,False,True,True,False,False,True,self_pair
806,87079,0,675,140522,0,675,False,64846,64846,0,675,False,False,True,False,H0,H0,0.8409635639430868,0.7753303681426328,0.7709117531776428,True,True,True,False,True,False,
807,40045,0,971,145891,0,971,False,51709,51709,0,971,False,False,True,False,H0,H0,0.6525422015314841,0.6366873724704871,0.7709117531776428,False,False,False,False,False,False,
808,39516,1,821,61597,0,821,False,39516,39516,1,821,False,False,True,False,H0,H1,0.7116801131696938,1.0,0.7709117531776428,False,True,True,False,False,True,self_pair
809,125170,1,697,101620,1,697,True,125170,125170,1,697,False,True,True,False,H1,H1,0.7155494386784131,1.0000000000000002,0.7709117531776428,False,True,True,False,False,True,self_pair
810,74753,1,404,74753,1,404,False,30090,30090,0,404,False,False,True,False,H1,H0,1.0,0.7824639056191725,0.7709117531776428,True,True,True,False,True,False,
811,52447,0,725,47370,0,725,False,52447,52447,0,725,False,False,True,False,H0,H0,0.6877057249473572,1.0,0.7709117531776428,False,True,True,False,False,True,self_pair
812,13107,0,743,13107,0,743,False,23538,23538,0,750,False,False,False,True,H0,H0,0.9999999999999999,0.6995626535950353,0.7709117531776428,True,False,False,False,False,False,
813,79150,0,780,82737,0,780,False,125142,125142,0,429,False,False,False,True,H0,H0,0.704142822862978,0.6352532973928724,0.7709117531776428,False,False,False,False,False,False,
814,23486,1,897,35495,1,897,False,23486,23486,1,897,False,False,True,False,H1,H1,0.6802670876734158,1.0000000000000002,0.7709117531776428,False,True,True,False,False,True,self_pair
815,121392,1,200,122518,1,200,True,121392,121392,1,200,False,True,True,False,H1,H1,1.0000000000000002,1.0000000000000002,0.7709117531776428,True,True,True,False,False,True,self_pair
816,123102,0,1006,179478,0,1006,False,107726,107726,0,1006,False,False,True,False,H0,H0,0.7309383200731853,0.69230541912918,0.7709117531776428,False,False,False,False,False,False,
817,98773,0,790,90358,0,790,True,98773,98773,0,790,False,True,True,False,H0,H0,0.5724826821450439,0.9999999999999998,0.7709117531776428,False,True,True,False,False,True,self_pair
818,35465,0,656,186838,1,656,False,35465,35465,0,656,False,False,True,False,H0,H0,0.6175572678060114,1.0000000000000002,0.7709117531776428,False,True,True,False,False,True,self_pair
819,78716,0,295,78716,0,295,True,78716,78716,0,295,True,True,True,False,H0,H0,1.0000000000000002,1.0000000000000002,0.7709117531776428,True,True,True,False,False,True,self_pair
820,166269,0,112,166337,1,112,True,166050,166050,1,112,False,True,True,False,H0,H0,0.9726656312656579,0.9827976159062703,0.7709117531776428,True,True,True,False,True,False,
821,35530,1,833,35530,1,833,False,5218,5218,0,674,False,False,False,True,H1,H0,1.0000000000000002,0.7036412823648416,0.7709117531776428,True,False,False,False,False,False,
822,45204,0,1100,12436,0,1100,False,12823,12823,0,1100,False,False,True,False,H0,H0,0.6892121674928264,0.6627927187302022,0.7709117531776428,False,False,False,False,False,False,
823,22965,0,960,22060,1,960,False,22062,22062,0,960,False,False,True,False,H0,H0,0.656192699216015,0.681580904345556,0.7709117531776428,False,False,False,False,False,False,
824,120156,0,1072,94214,1,1072,False,150995,150995,0,681,False,False,False,True,H0,H0,0.6125670182784977,0.5789930477840964,0.7709117531776428,False,False,False,False,False,False,
825,110127,0,610,724,1,610,False,46979,46979,1,103,False,False,False,True,H0,H0,0.433356544639169,0.4539611313004593,0.7709117531776428,False,False,False,False,False,False,
826,56263,0,675,140522,0,675,False,56263,56263,0,675,False,False,True,False,H0,H0,0.6497381867846741,1.0,0.7709117531776428,False,True,True,False,False,True,self_pair
827,69042,0,942,101543,0,942,False,48951,48951,0,942,False,False,True,False,H0,H0,0.6939438542398085,0.6884971698814826,0.7709117531776428,False,False,False,False,False,False,
828,84815,0,475,91249,0,475,False,162576,162576,0,675,False,False,False,True,H0,H0,0.7496528996483658,0.5830742155038325,0.7709117531776428,False,False,False,False,False,False,
829,16173,1,697,101620,1,697,True,101620,101620,1,697,True,True,True,False,H1,H1,0.7974396078406,0.7974396078406,0.7709117531776428,True,True,True,True,False,False,
830,123023,0,121,167316,1,121,False,190971,190971,0,121,False,False,True,False,H0,H0,0.727543181491495,0.7974543036213939,0.7709117531776428,False,True,True,False,True,False,
831,118667,0,633,65781,0,633,False,166337,166337,1,112,False,False,False,True,H0,H0,0.6548966603945083,0.6207022695566057,0.7709117531776428,False,False,False,False,False,False,
832,159884,0,383,156902,0,383,False,102462,102462,1,224,False,False,False,True,H0,H0,0.7251621642984608,0.5340534017580684,0.7709117531776428,False,False,False,False,False,False,
833,55385,0,119,79907,0,119,False,47552,47552,0,119,False,False,True,False,H0,H0,0.7862854049232438,0.7589658190456943,0.7709117531776428,True,False,False,False,False,False,
834,35495,1,897,35495,1,897,False,8977,8977,0,897,False,False,True,False,H1,H0,1.0,0.7370350031742461,0.7709117531776428,True,False,False,False,False,False,
835,134964,0,200,122518,1,200,True,134964,134964,0,200,False,True,True,False,H0,H0,0.7207399195542995,1.0,0.7709117531776428,False,True,True,False,False,True,self_pair
836,27051,0,1099,27051,0,1099,False,152801,152801,0,1068,False,False,False,True,H0,H0,1.0,0.7682138675755081,0.7709117531776428,True,False,False,False,False,False,
837,63579,0,539,63545,0,539,False,68644,68644,1,539,False,False,True,False,H0,H0,0.7954948553628773,0.7443897563251294,0.7709117531776428,True,False,False,False,False,False,
838,104686,0,656,186838,1,656,False,104686,104686,0,656,False,False,True,False,H0,H0,0.600400520070531,1.0000000000000002,0.7709117531776428,False,True,True,False,False,True,self_pair
839,64469,0,295,78716,0,295,True,64469,64469,0,295,False,True,True,False,H0,H0,0.7208212235544739,0.9999999999999999,0.7709117531776428,False,True,True,False,False,True,self_pair
840,126109,0,112,166337,1,112,True,126109,126109,0,112,False,True,True,False,H0,H0,0.6848540107151134,1.0,0.7709117531776428,False,True,True,False,False,True,self_pair
841,169618,0,466,169925,0,466,False,198041,198041,0,972,False,False,False,True,H0,H0,0.8676899609465529,0.6800563696860991,0.7709117531776428,True,False,False,False,False,False,
842,24173,0,750,89384,0,750,False,70674,70674,1,750,False,False,True,False,H0,H0,0.8449449321210735,0.8518777857325509,0.7709117531776428,True,True,True,False,True,False,
843,192412,0,1014,192412,0,1014,False,187108,187108,0,632,False,False,False,True,H0,H0,0.9999999999999999,0.6721987778398854,0.7709117531776428,True,False,False,False,False,False,
844,159162,0,367,144869,0,367,False,159162,159162,0,367,False,False,True,False,H0,H0,0.6920602957515241,1.0000000000000002,0.7709117531776428,False,True,True,False,False,True,self_pair
845,164952,0,282,62686,0,282,False,46979,46979,1,103,False,False,False,True,H0,H0,0.6147371690428809,0.6225355445054322,0.7709117531776428,False,False,False,False,False,False,
846,76228,0,675,140522,0,675,False,76228,76228,0,675,False,False,True,False,H0,H0,0.6466602946123444,1.0,0.7709117531776428,False,True,True,False,False,True,self_pair
847,154160,0,1068,152801,0,1068,True,152801,152801,0,1068,True,True,True,False,H0,H0,0.8238085953079326,0.8238085953079326,0.7709117531776428,True,True,True,False,True,False,
848,74209,0,821,61597,0,821,False,74209,74209,0,821,False,False,True,False,H0,H0,0.6057436458104913,1.0000000000000002,0.7709117531776428,False,True,True,False,False,True,self_pair
849,177496,1,697,101620,1,697,True,101620,101620,1,697,True,True,True,False,H1,H1,0.7770959768157517,0.7770959768157517,0.7709117531776428,True,True,True,True,False,False,
850,139181,0,935,139181,0,935,False,91952,91952,0,725,False,False,False,True,H0,H0,0.9999999999999998,0.6029772024122398,0.7709117531776428,True,False,False,False,False,False,
851,96652,1,725,47370,0,725,False,96652,96652,1,725,False,False,True,False,H0,H1,0.7667392815072869,1.0,0.7709117531776428,False,True,True,False,False,True,self_pair
852,83637,0,746,138527,0,746,False,83637,83637,0,746,False,False,True,False,H0,H0,0.7731105752188755,1.0,0.7709117531776428,True,True,True,False,False,True,self_pair
853,145308,0,497,191899,0,497,True,145308,145308,0,497,False,False,True,False,H0,H0,0.6099147320763413,1.0,0.7709117531776428,False,True,True,False,False,True,self_pair
854,140022,0,897,35495,1,897,True,140022,140022,0,897,False,True,True,False,H0,H0,0.7280756705622426,1.0000000000000002,0.7709117531776428,False,True,True,False,False,True,self_pair
855,88583,0,200,122518,1,200,True,88583,88583,0,200,False,False,True,False,H0,H0,0.37576408579459847,1.0,0.7709117531776428,False,True,True,False,False,True,self_pair
856,148287,0,568,107391,0,568,False,18268,18268,0,711,False,False,False,True,H0,H0,0.6388764353353493,0.6117231729793614,0.7709117531776428,False,False,False,False,False,False,
857,112137,0,310,112137,0,310,False,18268,18268,0,711,False,False,False,True,H0,H0,1.0,0.6629385416215107,0.7709117531776428,True,False,False,False,False,False,
858,186837,1,656,186838,1,656,False,186837,186837,1,656,False,False,True,False,H1,H1,0.9999999999999999,0.9999999999999999,0.7709117531776428,True,True,True,False,False,True,self_pair
859,69675,0,295,78716,0,295,True,69675,69675,0,295,False,True,True,False,H0,H0,0.8307927044897239,1.0,0.7709117531776428,True,True,True,False,False,True,self_pair
860,96878,0,307,58774,0,307,False,102897,102897,1,182,False,False,False,True,H0,H0,0.5301156851727172,0.5627300622802082,0.7709117531776428,False,False,False,False,False,False,
861,97379,0,374,7665,0,374,False,144967,144967,0,374,False,False,True,False,H0,H0,0.7476002307270844,0.7549801253185275,0.7709117531776428,False,False,False,False,False,False,
862,63022,1,750,89384,0,750,False,192706,192706,1,750,False,False,True,False,H0,H1,0.7854742572602084,0.9327737847363501,0.7709117531776428,True,True,True,True,False,False,
863,93824,1,404,74753,1,404,False,93824,93824,1,404,False,False,True,False,H1,H1,0.7601430288917416,1.0,0.7709117531776428,False,True,True,False,False,True,self_pair
864,114340,0,568,107391,0,568,False,91240,91240,0,718,False,False,False,True,H0,H0,0.6254739456123625,0.6521760703222781,0.7709117531776428,False,False,False,False,False,False,
865,36497,1,1096,3995,0,1096,False,8887,8887,0,1096,False,False,True,False,H0,H0,0.6231074616486083,0.8077165573093009,0.7714298963546753,False,True,True,False,True,False,
866,138770,0,121,167316,1,121,False,161429,161429,0,121,False,False,True,False,H0,H0,0.7208167726914652,0.7789203203850059,0.7714298963546753,False,True,True,False,True,False,
867,75031,0,932,125453,0,932,True,75031,75031,0,932,False,True,True,False,H0,H0,0.7111550286093065,1.0,0.7714298963546753,False,True,True,False,False,True,self_pair
868,198641,0,821,61597,0,821,False,198641,198641,0,821,False,False,True,False,H0,H0,0.5341024471729124,0.9999999999999999,0.7714298963546753,False,True,True,False,False,True,self_pair
869,82952,1,697,101620,1,697,True,82952,82952,1,697,False,True,True,False,H1,H1,0.7161477919019588,1.0000000000000002,0.7714298963546753,False,True,True,False,False,True,self_pair
870,71614,0,475,91249,0,475,False,84815,84815,0,475,False,False,True,False,H0,H0,0.6973436299595156,0.6816770228408603,0.7714298963546753,False,False,False,False,False,False,
871,91269,1,725,47370,0,725,False,122583,122583,1,725,False,False,True,False,H0,H1,0.6714620133509657,0.6812261977311052,0.7714298963546753,False,False,False,False,False,False,
872,97241,1,746,138527,0,746,False,70674,70674,1,750,False,False,False,True,H0,H0,0.7962091490862593,0.8187779726881245,0.7714298963546753,True,True,True,False,True,False,
873,87050,0,497,191899,0,497,True,87050,87050,0,497,False,True,True,False,H0,H0,0.7036253988922261,0.9999999999999999,0.7714298963546753,False,True,True,False,False,True,self_pair
874,89668,0,897,35495,1,897,True,89668,89668,0,897,False,True,True,False,H0,H0,0.6375383243994444,0.9999999999999998,0.7714298963546753,False,True,True,False,False,True,self_pair
875,134387,0,200,122518,1,200,True,134387,134387,0,200,False,False,True,False,H0,H0,0.5451096465184744,1.0,0.7709117531776428,False,True,True,False,False,True,self_pair
876,133710,1,718,133710,1,718,False,40413,40413,0,718,False,False,True,False,H1,H0,0.9999999999999999,0.7941916337918452,0.7709117531776428,True,True,True,False,True,False,
877,90354,1,790,90358,0,790,True,90354,90354,1,790,False,True,True,False,H0,H1,0.747956481162706,0.9999999999999999,0.7709117531776428,False,True,True,False,False,True,self_pair
878,186838,1,656,186838,1,656,False,186837,186837,1,656,False,False,True,False,H1,H1,0.9999999999999999,0.9999999999999999,0.7709117531776428,True,True,True,True,False,False,
879,77327,0,295,78716,0,295,True,69675,69675,0,295,False,True,True,False,H0,H0,0.8143456909708287,0.8642512701695666,0.7709117531776428,True,True,True,False,True,False,
880,166303,1,112,166337,1,112,True,166337,166337,1,112,True,True,True,False,H1,H1,0.9955461769017481,0.9955461769017481,0.7709117531776428,True,True,True,True,False,False,
881,175337,0,121,167316,1,121,False,175336,175336,0,121,False,False,True,False,H0,H0,0.6463109779646633,0.951021073064248,0.7709117531776428,False,True,True,False,True,False,
882,27622,0,750,89384,0,750,False,127309,127309,0,750,False,False,True,False,H0,H0,0.8584153438717262,0.8621669924271891,0.7709117531776428,True,True,True,False,True,False,
883,43165,0,960,22060,1,960,False,43165,43165,0,960,False,False,True,False,H0,H0,0.7139328141868441,0.9999999999999999,0.7709117531776428,False,True,True,False,False,True,self_pair
884,163762,0,367,144869,0,367,False,163762,163762,0,367,False,False,True,False,H0,H0,0.9647505104476884,1.0000000000000002,0.7709117531776428,True,True,True,False,False,True,self_pair
885,98233,0,625,156105,0,625,False,29638,29638,0,625,False,False,True,False,H0,H0,0.8354551513473555,0.7501022892096177,0.7709117531776428,True,False,False,False,False,False,
886,121712,0,675,140522,0,675,False,180597,180597,0,675,False,False,True,False,H0,H0,0.74914082151739,0.7767525552388764,0.7709117531776428,False,True,True,False,True,False,
887,180556,0,1076,44118,0,1076,False,138605,138605,0,895,False,False,False,True,H0,H0,0.6782401899108953,0.6635455553102121,0.7709117531776428,False,False,False,False,False,False,
888,13057,0,957,126526,0,957,False,31820,31820,0,960,False,False,False,True,H0,H0,0.6300662487412504,0.5810648811700388,0.7709117531776428,False,False,False,False,False,False,
889,85071,0,697,101620,1,697,True,85071,85071,0,697,False,False,True,False,H0,H0,0.5826501849424849,1.0000000000000002,0.7709117531776428,False,True,True,False,False,True,self_pair
890,30090,0,404,74753,1,404,False,30090,30090,0,404,False,False,True,False,H0,H0,0.7824639056191725,1.0000000000000002,0.7709117531776428,True,True,True,False,False,True,self_pair
891,122583,1,725,47370,0,725,False,122583,122583,1,725,False,False,True,False,H0,H1,0.6958314426754479,0.9999999999999999,0.7709117531776428,False,True,True,False,False,True,self_pair
892,145932,1,746,138527,0,746,False,144333,144333,1,746,False,False,True,False,H0,H1,0.8189306225723569,0.9867501548322138,0.7709117531776428,True,True,True,True,False,False,
893,71221,0,497,191899,0,497,True,71221,71221,0,497,False,True,True,False,H0,H0,0.6764841094572068,1.0,0.7709117531776428,False,True,True,False,False,True,self_pair
894,167284,0,119,79907,0,119,False,88112,88112,0,119,False,False,True,False,H0,H0,0.8173675894777672,0.7460093036661661,0.7709117531776428,True,False,False,False,False,False,
895,121324,0,200,122518,1,200,True,121324,121324,0,200,False,True,True,False,H0,H0,0.7274414239996575,0.9999999999999999,0.7709117531776428,False,True,True,False,False,True,self_pair
896,70669,1,718,133710,1,718,False,70669,70669,1,718,False,False,True,False,H1,H1,0.6533451395865641,0.9999999999999998,0.7709117531776428,False,True,True,False,False,True,self_pair
897,86309,0,1091,86309,0,1091,False,59091,59091,0,1050,False,False,False,True,H0,H0,0.9999999999999999,0.6143620294746572,0.7709117531776428,True,False,False,False,False,False,
898,51636,0,656,186838,1,656,False,51636,51636,0,656,False,False,True,False,H0,H0,0.5594590513008009,1.0000000000000002,0.7709117531776428,False,True,True,False,False,True,self_pair
899,65291,1,295,78716,0,295,True,65291,65291,1,295,False,True,True,False,H0,H1,0.7636850471406561,1.0000000000000002,0.7709117531776428,False,True,True,False,False,True,self_pair
900,72728,0,668,50050,0,668,False,173913,173913,0,666,False,False,False,True,H0,H0,0.7536294764924758,0.7064599416699919,0.7709117531776428,False,False,False,False,False,False,
901,56287,0,1081,55230,0,1081,False,190020,190020,1,746,False,False,False,True,H0,H0,0.5949563280387972,0.5300114912948446,0.7709117531776428,False,False,False,False,False,False,
902,196476,0,750,89384,0,750,False,127309,127309,0,750,False,False,True,False,H0,H0,0.6947378526725767,0.792774839213236,0.7709117531776428,False,True,True,False,True,False,
903,26423,0,960,22060,1,960,False,26423,26423,0,960,False,False,True,False,H0,H0,0.781676327691822,1.0000000000000002,0.7709117531776428,True,True,True,False,False,True,self_pair
904,196689,0,367,144869,0,367,False,196689,196689,0,367,False,False,True,False,H0,H0,0.5720114568758231,0.9999999999999999,0.7709117531776428,False,True,True,False,False,True,self_pair
905,178023,0,1096,3995,0,1096,False,4021,4021,0,1096,False,False,True,False,H0,H0,0.6821629780207757,0.7943711371377442,0.7709117531776428,False,True,True,False,True,False,
906,140506,0,675,140522,0,675,False,64846,64846,0,675,False,False,True,False,H0,H0,0.8558982674751363,0.792419831894723,0.7709117531776428,True,True,True,False,True,False,
907,50050,0,668,50050,0,668,False,72728,72728,0,668,False,False,True,False,H0,H0,1.0,0.7536294764924758,0.7709117531776428,True,False,False,False,False,False,
908,140247,0,127,117769,0,127,False,190742,190742,0,127,False,False,True,False,H0,H0,0.6511742172668378,0.6581455076980928,0.7709117531776428,False,False,False,False,False,False,
909,191850,0,697,101620,1,697,True,191850,191850,0,697,False,True,True,False,H0,H0,0.6713241160711222,1.0,0.7709117531776428,False,True,True,False,False,True,self_pair
910,146140,0,404,74753,1,404,False,146140,146140,0,404,False,False,True,False,H0,H0,0.6866433116976627,1.0000000000000002,0.7709117531776428,False,True,True,False,False,True,self_pair
911,36381,0,725,47370,0,725,False,36381,36381,0,725,False,False,True,False,H0,H0,0.6765752705075851,1.0,0.7709117531776428,False,True,True,False,False,True,self_pair
912,138527,0,746,138527,0,746,False,6865,6865,0,746,False,False,True,False,H0,H0,1.0000000000000002,0.8313739544348862,0.7709117531776428,True,True,True,False,True,False,
913,191899,0,497,191899,0,497,True,191899,191899,0,497,True,True,True,False,H0,H0,1.0000000000000002,1.0000000000000002,0.7709117531776428,True,True,True,False,False,True,self_pair
914,37899,0,664,27415,0,664,False,126109,126109,0,112,False,False,False,True,H0,H0,0.778387088100272,0.6681658033941186,0.7709117531776428,True,False,False,False,False,False,
915,106358,0,200,122518,1,200,True,106358,106358,0,200,False,True,True,False,H0,H0,0.6998543845879629,1.0,0.7709117531776428,False,True,True,False,False,True,self_pair
916,93645,0,718,133710,1,718,False,93645,93645,0,718,False,False,True,False,H0,H0,0.5431542991365279,1.0,0.7709117531776428,False,True,True,False,False,True,self_pair
917,50018,0,894,50018,0,894,False,106148,106148,0,1059,False,False,False,True,H0,H0,1.0000000000000002,0.6193635914811014,0.7709117531776428,True,False,False,False,False,False,
918,95510,0,656,186838,1,656,False,95510,95510,0,656,False,False,True,False,H0,H0,0.5434924566342155,1.0,0.7709117531776428,False,True,True,False,False,True,self_pair
919,159614,0,1006,179478,0,1006,False,132400,132400,0,405,False,False,False,True,H0,H0,0.596189071009846,0.6275431903535964,0.7709117531776428,False,False,False,False,False,False,
920,166057,1,112,166337,1,112,True,166050,166050,1,112,False,True,True,False,H1,H1,0.9881029604061293,0.9999999999999999,0.7709117531776428,True,True,True,True,False,False,
921,88103,0,1006,179478,0,1006,False,197652,197652,0,571,False,False,False,True,H0,H0,0.5992197252329892,0.6088372241087635,0.7709117531776428,False,False,False,False,False,False,
922,43054,1,15,43054,1,15,False,18268,18268,0,711,False,False,False,True,H1,H0,0.9999999999999999,0.820750504065788,0.7709117531776428,True,True,True,False,True,False,
923,31820,0,960,22060,1,960,False,31820,31820,0,960,False,False,True,False,H0,H0,0.7450116226910102,0.9999999999999998,0.7709117531776428,False,True,True,False,False,True,self_pair
924,137901,0,367,144869,0,367,False,159162,159162,0,367,False,False,True,False,H0,H0,0.7000479612887641,0.981526944644052,0.7709117531776428,False,True,True,False,True,False,
925,6364,0,1096,3995,0,1096,False,6364,6364,0,1096,False,False,True,False,H0,H0,0.7864069906909547,1.0,0.7709117531776428,True,True,True,False,False,True,self_pair
926,29653,1,675,140522,0,675,False,15452,15452,0,675,False,False,True,False,H0,H0,0.7827845995132003,0.8061651049306143,0.7709117531776428,True,True,True,False,True,False,
927,128276,0,932,125453,0,932,True,128276,128276,0,932,False,True,True,False,H0,H0,0.7111739229278308,0.9999999999999999,0.7709117531776428,False,True,True,False,False,True,self_pair
928,49918,1,15,43054,1,15,False,18268,18268,0,711,False,False,False,True,H1,H0,0.9999999999999999,0.820750504065788,0.7709117531776428,True,True,True,False,True,False,
929,32967,0,697,101620,1,697,True,32967,32967,0,697,False,True,True,False,H0,H0,0.6593948354731831,0.9999999999999998,0.7709117531776428,False,True,True,False,False,True,self_pair
930,169863,0,404,74753,1,404,False,169863,169863,0,404,False,False,True,False,H0,H0,0.7050682945635162,1.0,0.7709117531776428,False,True,True,False,False,True,self_pair
931,86498,0,725,47370,0,725,False,86498,86498,0,725,False,False,True,False,H0,H0,0.724615252767679,1.0,0.7709117531776428,False,True,True,False,False,True,self_pair
932,23168,0,746,138527,0,746,False,23168,23168,0,746,False,False,True,False,H0,H0,0.6087629611535685,0.9999999999999999,0.7709117531776428,False,True,True,False,False,True,self_pair
933,47848,0,497,191899,0,497,True,47848,47848,0,497,False,True,True,False,H0,H0,0.6327606477790734,0.9999999999999999,0.7709117531776428,False,True,True,False,False,True,self_pair
934,161452,0,909,144785,0,909,False,40595,40595,1,821,False,False,False,True,H0,H0,0.6450315603204071,0.6019006607911405,0.7709117531776428,False,False,False,False,False,False,
935,108641,1,525,108641,1,525,False,127309,127309,0,750,False,False,False,True,H1,H0,1.0,0.6694742102590481,0.7709117531776428,True,False,False,False,False,False,
936,148800,0,718,133710,1,718,False,148800,148800,0,718,False,False,True,False,H0,H0,0.6868879712760088,0.9999999999999999,0.7709117531776428,False,True,True,False,False,True,self_pair
937,68245,0,790,90358,0,790,True,68245,68245,0,790,False,False,True,False,H0,H0,0.5102797781366151,1.0000000000000002,0.7709117531776428,False,True,True,False,False,True,self_pair
938,70702,0,656,186838,1,656,False,70702,70702,0,656,False,False,True,False,H0,H0,0.6325559749818082,1.0000000000000002,0.7709117531776428,False,True,True,False,False,True,self_pair
939,82706,0,295,78716,0,295,True,78716,78716,0,295,True,True,True,False,H0,H0,0.7827215971294933,0.7827215971294933,0.7709117531776428,True,True,True,False,True,False,
940,166337,1,112,166337,1,112,True,166337,166337,1,112,True,True,True,False,H1,H1,1.0000000000000002,1.0000000000000002,0.7709117531776428,True,True,True,False,False,True,self_pair
941,56392,0,127,117769,0,127,False,166050,166050,1,112,False,False,False,True,H0,H0,0.5053264499810798,0.5883583870154798,0.7709117531776428,False,False,False,False,False,False,
942,129329,0,750,89384,0,750,False,21693,21693,1,749,False,False,False,True,H0,H0,0.7284328385957738,0.815878221530211,0.7709117531776428,False,True,True,False,True,False,
943,31259,0,252,31355,0,252,False,159777,159777,0,121,False,False,False,True,H0,H0,0.7186257447878978,0.5611122738399963,0.7709117531776428,False,False,False,False,False,False,
944,193002,0,367,144869,0,367,False,193002,193002,0,367,False,False,True,False,H0,H0,0.7110651724044637,0.9999999999999998,0.7709117531776428,False,True,True,False,False,True,self_pair
945,3995,0,1096,3995,0,1096,False,94077,94077,1,1096,False,False,True,False,H0,H0,1.0,0.7951741072510691,0.7709117531776428,True,True,True,False,True,False,
946,153356,0,1099,27051,0,1099,True,27051,27051,0,1099,True,True,True,False,H0,H0,0.7395686031830306,0.7395686031830306,0.7709117531776428,False,False,False,False,False,False,
947,60606,0,932,125453,0,932,True,60606,60606,0,932,False,False,True,False,H0,H0,0.6694852299458809,1.0000000000000002,0.7709117531776428,False,True,True,False,False,True,self_pair
948,177913,0,821,61597,0,821,False,177913,177913,0,821,False,False,True,False,H0,H0,0.6717830081687115,1.0000000000000002,0.7709117531776428,False,True,True,False,False,True,self_pair
949,15097,1,697,101620,1,697,True,15097,15097,1,697,False,False,True,False,H1,H1,0.5359693771376061,1.0000000000000002,0.7709117531776428,False,True,True,False,False,True,self_pair
950,188305,0,404,74753,1,404,False,188305,188305,0,404,False,False,True,False,H0,H0,0.6610491411243361,1.0,0.7709117531776428,False,True,True,False,False,True,self_pair
951,69499,0,725,47370,0,725,False,69499,69499,0,725,False,False,True,False,H0,H0,0.7708189321808595,1.0,0.7709117531776428,False,True,True,False,False,True,self_pair
952,1174,1,746,138527,0,746,False,19370,19370,1,746,False,False,True,False,H0,H1,0.7925834462838435,0.8492341923111049,0.7709117531776428,True,True,True,True,False,False,
953,112609,0,497,191899,0,497,True,112609,112609,0,497,False,True,True,False,H0,H0,0.5807875846281305,0.9999999999999998,0.7709117531776428,False,True,True,False,False,True,self_pair
954,8977,0,897,35495,1,897,True,8977,8977,0,897,False,True,True,False,H0,H0,0.7370350031742461,1.0,0.7709117531776428,False,True,True,False,False,True,self_pair
955,106447,0,200,122518,1,200,True,106358,106358,0,200,False,True,True,False,H0,H0,0.7083692609962194,0.9887376026221169,0.7709117531776428,False,True,True,False,True,False,
956,39419,1,425,39419,1,425,False,15713,15713,0,725,False,False,False,True,H1,H0,0.9999999999999998,0.692879276038927,0.7709117531776428,True,False,False,False,False,False,
957,121446,1,790,90358,0,790,True,121446,121446,1,790,False,True,True,False,H0,H1,0.7102074424140933,1.0000000000000002,0.7709117531776428,False,True,True,False,False,True,self_pair
958,98760,0,656,186838,1,656,False,186837,186837,1,656,False,False,True,False,H0,H0,0.7355060415869895,0.7355060415869895,0.7709117531776428,False,False,False,False,False,False,
959,194560,0,666,194186,0,666,False,173913,173913,0,666,False,False,True,False,H0,H0,0.8110024351906834,0.7355259906129668,0.7709117531776428,True,False,False,False,False,False,
960,166377,1,112,166337,1,112,True,166377,166377,1,112,False,True,True,False,H1,H1,0.9829983831265319,1.0,0.7709117531776428,True,True,True,False,False,True,self_pair
961,175339,0,121,167316,1,121,False,175336,175336,0,121,False,False,True,False,H0,H0,0.6723340513091155,0.9563769825069397,0.7709117531776428,False,True,True,False,True,False,
962,89384,0,750,89384,0,750,False,523,523,1,750,False,False,True,False,H0,H0,0.9999999999999999,0.8965179422532986,0.7709117531776428,True,True,True,False,True,False,
963,32700,0,541,32784,0,541,False,187108,187108,0,632,False,False,False,True,H0,H0,0.997326422140056,0.7091308977484453,0.7714298963546753,True,False,False,False,False,False,
964,156105,0,625,156105,0,625,False,98233,98233,0,625,False,False,True,False,H0,H0,0.9999999999999997,0.8354551513473555,0.7714298963546753,True,True,True,False,True,False,
965,94077,1,1096,3995,0,1096,False,94077,94077,1,1096,False,False,True,False,H0,H1,0.7951741072510691,1.0,0.7714298963546753,True,True,True,False,False,True,self_pair
966,140522,0,675,140522,0,675,False,64846,64846,0,675,False,False,True,False,H0,H0,1.0,0.7896858245052342,0.7714298963546753,True,True,True,False,True,False,
967,101867,0,932,125453,0,932,True,101867,101867,0,932,False,True,True,False,H0,H0,0.7500878999821887,0.9999999999999999,0.7714298963546753,False,True,True,False,False,True,self_pair
968,111466,0,905,111466,0,905,False,161497,161497,0,367,False,False,False,True,H0,H0,0.9999999999999997,0.6561146981209808,0.7714298963546753,True,False,False,False,False,False,
969,56286,0,1081,55230,0,1081,False,56287,56287,0,1081,False,False,True,False,H0,H0,0.5677687319202774,0.763510723570356,0.7714298963546753,False,False,False,False,False,False,
970,109111,0,404,74753,1,404,False,109111,109111,0,404,False,False,True,False,H0,H0,0.6943131775991347,0.9999999999999999,0.7714298963546753,False,True,True,False,False,True,self_pair
971,173766,0,773,174705,0,773,False,40595,40595,1,821,False,False,False,True,H0,H0,0.6521305968892086,0.6449818169093363,0.7714298963546753,False,False,False,False,False,False,
972,6865,0,746,138527,0,746,False,6865,6865,0,746,False,False,True,False,H0,H0,0.8313739544348862,1.0000000000000002,0.7714298963546753,True,True,True,False,False,True,self_pair
973,47721,0,497,191899,0,497,True,47721,47721,0,497,False,True,True,False,H0,H0,0.7285410668315314,1.0,0.7714298963546753,False,True,True,False,False,True,self_pair
974,92970,0,897,35495,1,897,True,92970,92970,0,897,False,True,True,False,H0,H0,0.6474765175632088,1.0,0.7714298963546753,False,True,True,False,False,True,self_pair
975,122802,0,378,106166,0,378,False,102462,102462,1,224,False,False,False,True,H0,H0,0.7671883032977301,0.6883503724529717,0.7714298963546753,False,False,False,False,False,False,
976,18722,0,718,133710,1,718,False,18722,18722,0,718,False,False,True,False,H0,H0,0.7028485365226761,1.0,0.7714298963546753,False,True,True,False,False,True,self_pair
977,197062,0,790,90358,0,790,True,197062,197062,0,790,False,True,True,False,H0,H0,0.6456322902840091,1.0,0.7714298963546753,False,True,True,False,False,True,self_pair
978,189069,0,656,186838,1,656,False,189069,189069,0,656,False,False,True,False,H0,H0,0.5602651455159292,1.0,0.7714298963546753,False,True,True,False,False,True,self_pair
979,27722,0,835,27722,0,835,False,110215,110215,0,568,False,False,False,True,H0,H0,0.9999999999999999,0.6405740282749409,0.7714298963546753,True,False,False,False,False,False,
980,166378,1,112,166337,1,112,True,166377,166377,1,112,False,True,True,False,H1,H1,0.9829983831265319,1.0,0.7714298963546753,True,True,True,True,False,False,
981,131113,0,121,167316,1,121,False,178892,178892,0,121,False,False,True,False,H0,H0,0.6428740248288178,0.7648512623681671,0.7714298963546753,False,False,False,False,False,False,
982,117512,0,458,9743,0,458,False,77901,77901,1,107,False,False,False,True,H0,H0,0.7161288680684978,0.6889656436347104,0.7714298963546753,False,False,False,False,False,False,
983,22060,1,960,22060,1,960,False,22072,22072,0,960,False,False,True,False,H1,H0,0.9999999999999999,0.7892826744732444,0.7714298963546753,True,True,True,False,True,False,
984,105140,0,739,154757,0,739,True,141501,141501,0,738,False,False,False,True,H0,H0,0.52734556234443,0.6049596251153948,0.7714298963546753,False,False,False,False,False,False,
985,46035,0,1096,3995,0,1096,False,46035,46035,0,1096,False,False,True,False,H0,H0,0.7343107454335795,1.0,0.7714298963546753,False,True,True,False,False,True,self_pair
986,96608,0,409,84722,0,409,False,27051,27051,0,1099,False,False,False,True,H0,H0,0.8700768250114461,0.6880780004197582,0.7714298963546753,True,False,False,False,False,False,
987,193952,0,932,125453,0,932,True,193952,193952,0,932,False,True,True,False,H0,H0,0.7486563153562836,1.0,0.7714298963546753,False,True,True,False,False,True,self_pair
988,10035,0,413,178220,0,413,False,187108,187108,0,632,False,False,False,True,H0,H0,0.6932570913381985,0.654468660672547,0.7714298963546753,False,False,False,False,False,False,
989,186967,0,697,101620,1,697,True,186967,186967,0,697,False,False,True,False,H0,H0,0.6081442279217465,1.0,0.7714298963546753,False,True,True,False,False,True,self_pair
990,163565,0,404,74753,1,404,False,163565,163565,0,404,False,False,True,False,H0,H0,0.5795108456093554,1.0,0.7714298963546753,False,True,True,False,False,True,self_pair
991,91952,0,725,47370,0,725,False,91952,91952,0,725,False,False,True,False,H0,H0,0.6854288124274877,1.0,0.7714298963546753,False,True,True,False,False,True,self_pair
992,19370,1,746,138527,0,746,False,19370,19370,1,746,False,False,True,False,H0,H1,0.8027744263893299,0.9999999999999999,0.7714298963546753,True,True,True,False,False,True,self_pair
993,22178,1,497,191899,0,497,True,22178,22178,1,497,False,True,True,False,H0,H1,0.6366437607731037,0.9999999999999999,0.7714298963546753,False,True,True,False,False,True,self_pair
994,157387,0,897,35495,1,897,True,157387,157387,0,897,False,False,True,False,H0,H0,0.46776245712725245,1.0,0.7714298963546753,False,True,True,False,False,True,self_pair
995,122518,1,200,122518,1,200,True,121392,121392,1,200,False,True,True,False,H1,H1,1.0000000000000002,1.0000000000000002,0.7714298963546753,True,True,True,True,False,False,
996,91240,0,718,133710,1,718,False,91240,91240,0,718,False,False,True,False,H0,H0,0.7462992733703103,1.0,0.7714298963546753,False,True,True,False,False,True,self_pair
997,186704,0,1020,87733,0,1020,False,32700,32700,0,541,False,False,False,True,H0,H0,0.8167143682998259,0.7351400229424083,0.7714298963546753,True,False,False,False,False,False,
998,180828,0,874,180828,0,874,False,110215,110215,0,568,False,False,False,True,H0,H0,1.0,0.7181130042044515,0.7714298963546753,True,False,False,False,False,False,
999,83226,0,295,78716,0,295,True,78716,78716,0,295,True,True,True,False,H0,H0,0.8547202346390449,0.8547202346390449,0.7714298963546753,True,True,True,False,True,False,
1000,166269,0,112,166337,1,112,True,166050,166050,1,112,False,True,True,False,H0,H0,0.9726656312656579,0.9827976159062703,0.7714298963546753,True,True,True,False,True,False,
1001,129989,0,1054,8050,0,1054,False,12823,12823,0,1100,False,False,False,True,H0,H0,0.6938218451190151,0.6461642438917055,0.7714298963546753,False,False,False,False,False,False,
1002,85682,0,939,3105,0,939,False,91952,91952,0,725,False,False,False,True,H0,H0,0.6465984370627129,0.6866504426205706,0.7714298963546753,False,False,False,False,False,False,
1003,4053,0,960,22060,1,960,False,22062,22062,0,960,False,False,True,False,H0,H0,0.7627855949986609,0.8320065174178675,0.7714298963546753,False,True,True,False,True,False,
1004,161497,0,367,144869,0,367,False,161497,161497,0,367,False,False,True,False,H0,H0,0.6601976061633476,1.0,0.7714298963546753,False,True,True,False,False,True,self_pair
1005,123577,0,1076,44118,0,1076,False,3878,3878,1,998,False,False,False,True,H0,H0,0.4597868385145012,0.5483131693582108,0.7714298963546753,False,False,False,False,False,False,
1006,180597,0,675,140522,0,675,False,180597,180597,0,675,False,False,True,False,H0,H0,0.7615061852269971,1.0,0.7714298963546753,False,True,True,False,False,True,self_pair
1007,26147,0,932,125453,0,932,True,26147,26147,0,932,False,False,True,False,H0,H0,0.642878271828813,1.0,0.7709117531776428,False,True,True,False,False,True,self_pair
1008,40595,1,821,61597,0,821,False,40595,40595,1,821,False,False,True,False,H0,H1,0.8603727009682286,1.0,0.7709117531776428,True,True,True,False,False,True,self_pair
1009,129175,0,697,101620,1,697,True,129175,129175,0,697,False,True,True,False,H0,H0,0.6791864572201326,0.9999999999999999,0.7709117531776428,False,True,True,False,False,True,self_pair
1010,89541,0,1036,13229,0,1036,False,186704,186704,0,1020,False,False,False,True,H0,H0,0.5992771245004962,0.597004033220429,0.7709117531776428,False,False,False,False,False,False,
1011,84282,0,342,28217,0,342,False,91952,91952,0,725,False,False,False,True,H0,H0,0.6014055299691079,0.532316999387447,0.7709117531776428,False,False,False,False,False,False,
1012,175396,0,768,46133,0,768,False,63579,63579,0,539,False,False,False,True,H0,H0,0.6621131075612923,0.6340256219225744,0.7709117531776428,False,False,False,False,False,False,
1013,33154,1,497,191899,0,497,True,33154,33154,1,497,False,True,True,False,H0,H1,0.613458044980568,1.0,0.7709117531776428,False,True,True,False,False,True,self_pair
1014,199301,0,1076,44118,0,1076,False,89541,89541,0,1036,False,False,False,True,H0,H0,0.6057934750115298,0.6211266189919608,0.7709117531776428,False,False,False,False,False,False,
1015,123081,0,200,122518,1,200,True,123081,123081,0,200,False,True,True,False,H0,H0,0.6876565380735061,0.9999999999999998,0.7709117531776428,False,True,True,False,False,True,self_pair
1016,140480,0,804,17100,1,804,False,40595,40595,1,821,False,False,False,True,H0,H0,0.5526345179752636,0.6661637176035052,0.7709117531776428,False,False,False,False,False,False,
1017,160287,0,214,160287,0,214,False,72728,72728,0,668,False,False,False,True,H0,H0,1.0000000000000002,0.5211399105627424,0.7709117531776428,True,False,False,False,False,False,
1018,35465,0,656,186838,1,656,False,35465,35465,0,656,False,False,True,False,H0,H0,0.6175572678060114,1.0000000000000002,0.7709117531776428,False,True,True,False,False,True,self_pair
1019,13297,0,701,99300,0,701,False,67507,67507,0,701,False,False,True,False,H0,H0,0.5870354003888291,0.6359189985380462,0.7709117531776428,False,False,False,False,False,False,
1020,126109,0,112,166337,1,112,True,126109,126109,0,112,False,True,True,False,H0,H0,0.6848540107151134,1.0,0.7709117531776428,False,True,True,False,False,True,self_pair
1021,168611,0,121,167316,1,121,False,190971,190971,0,121,False,False,True,False,H0,H0,0.8880165778416261,0.8125657889021065,0.7709117531776428,True,True,True,False,True,False,
1022,58029,0,5,55410,1,5,False,16838,16838,1,11,False,False,False,True,H0,H0,0.9999999999999999,0.9950850647532262,0.7709117531776428,True,True,True,False,True,False,
1023,174248,1,689,98069,1,689,False,98067,98067,1,746,False,False,False,True,H1,H0,0.8176077877447461,0.7367712733716939,0.7709117531776428,True,False,False,False,False,False,
1024,184566,0,367,144869,0,367,False,159162,159162,0,367,False,False,True,False,H0,H0,0.7790026843619965,0.7901498080592448,0.7709117531776428,True,True,True,False,True,False,
1025,92218,0,443,151275,0,443,False,9981,9981,0,176,False,False,False,True,H0,H0,0.6074033160944414,0.5483665866297015,0.7709117531776428,False,False,False,False,False,False,
1026,15452,0,675,140522,0,675,False,15452,15452,0,675,False,False,True,False,H0,H0,0.7261529522002904,0.9999999999999998,0.7709117531776428,False,True,True,False,False,True,self_pair
1027,190475,0,929,20977,0,929,False,125453,125453,0,932,False,False,False,True,H0,H0,0.7021783479724072,0.6509761878960333,0.7709117531776428,False,False,False,False,False,False,
1028,93159,0,821,61597,0,821,False,93159,93159,0,821,False,False,True,False,H0,H0,0.6712299899678577,0.9999999999999999,0.7709117531776428,False,True,True,False,False,True,self_pair
1029,34303,0,697,101620,1,697,True,34303,34303,0,697,False,False,True,False,H0,H0,0.5627049536892641,1.0000000000000002,0.7709117531776428,False,True,True,False,False,True,self_pair
1030,93824,1,404,74753,1,404,False,93824,93824,1,404,False,False,True,False,H1,H1,0.7601430288917416,1.0,0.7709117531776428,False,True,True,False,False,True,self_pair
1031,125170,1,697,101620,1,697,True,125170,125170,1,697,False,True,True,False,H1,H1,0.7155494386784131,1.0000000000000002,0.7709117531776428,False,True,True,False,False,True,self_pair
1032,140504,0,770,147050,0,770,False,84815,84815,0,475,False,False,False,True,H0,H0,0.613903450062824,0.5893192828481125,0.7709117531776428,False,False,False,False,False,False,
1033,152408,1,497,191899,0,497,True,152408,152408,1,497,False,True,True,False,H0,H1,0.534321203748485,0.9999999999999998,0.7709117531776428,False,True,True,False,False,True,self_pair
1034,50034,0,1093,108764,0,1093,False,32700,32700,0,541,False,False,False,True,H0,H0,0.7429626190713379,0.6717972444990378,0.7709117531776428,False,False,False,False,False,False,
1035,116645,0,825,116645,0,825,False,164952,164952,0,282,False,False,False,True,H0,H0,1.0000000000000002,0.5798660150004306,0.7709117531776428,True,False,False,False,False,False,
1036,142753,0,917,92479,0,917,True,187108,187108,0,632,False,True,False,True,H0,H0,0.5876130428428435,0.6509915397249689,0.7709117531776428,False,False,False,False,False,False,
1037,90358,0,790,90358,0,790,True,90358,90358,0,790,True,True,True,False,H0,H0,0.9999999999999999,0.9999999999999999,0.7709117531776428,True,True,True,False,False,True,self_pair
1038,189069,0,656,186838,1,656,False,189069,189069,0,656,False,False,True,False,H0,H0,0.5602651455159292,1.0,0.7709117531776428,False,True,True,False,False,True,self_pair
1039,64469,0,295,78716,0,295,True,64469,64469,0,295,False,True,True,False,H0,H0,0.7208212235544739,0.9999999999999999,0.7709117531776428,False,True,True,False,False,True,self_pair
1040,166050,1,112,166337,1,112,True,166050,166050,1,112,False,True,True,False,H1,H1,0.9881029604061293,0.9999999999999999,0.7709117531776428,True,True,True,False,False,True,self_pair
1041,94220,0,381,94220,0,381,False,154519,154519,0,776,False,False,False,True,H0,H0,1.0000000000000002,0.5878262668215256,0.7709117531776428,True,False,False,False,False,False,
1042,101252,1,225,101871,0,225,False,102462,102462,1,224,False,False,False,True,H0,H0,0.9117677005714591,0.8933012383984781,0.7709117531776428,True,True,True,False,True,False,
1043,22967,0,960,22060,1,960,False,4361,4361,1,960,False,False,True,False,H0,H0,0.8492296702585667,0.7887246629312089,0.7709117531776428,True,True,True,False,True,False,
1044,165395,1,367,144869,0,367,False,165395,165395,1,367,False,False,True,False,H0,H1,0.8211838829444454,1.0000000000000002,0.7709117531776428,True,True,True,False,False,True,self_pair
1045,112495,0,1096,3995,0,1096,False,112495,112495,0,1096,False,False,True,False,H0,H0,0.6819740723809056,1.0000000000000002,0.7709117531776428,False,True,True,False,False,True,self_pair
1046,162576,0,675,140522,0,675,False,162576,162576,0,675,False,False,True,False,H0,H0,0.7013374111260401,1.0,0.7709117531776428,False,True,True,False,False,True,self_pair
1047,178063,0,932,125453,0,932,True,178063,178063,0,932,False,True,True,False,H0,H0,0.7562856511947479,0.9999999999999999,0.7709117531776428,False,True,True,False,False,True,self_pair
1048,61597,0,821,61597,0,821,False,40595,40595,1,821,False,False,True,False,H0,H0,0.9999999999999999,0.8603727009682286,0.7709117531776428,True,True,True,False,True,False,
1049,100407,0,739,154757,0,739,True,154757,154757,0,739,True,True,True,False,H0,H0,0.6807048879463136,0.6807048879463136,0.7709117531776428,False,False,False,False,False,False,
1050,6760,0,1073,25172,0,1073,False,96692,96692,0,750,False,False,False,True,H0,H0,0.733189886320248,0.7236820937263738,0.7709117531776428,False,False,False,False,False,False,
1051,47370,0,725,47370,0,725,False,15713,15713,0,725,False,False,True,False,H0,H0,1.0,0.833430994477354,0.7709117531776428,True,True,True,False,True,False,
1052,104926,1,123,104926,1,123,False,44159,44159,0,958,False,False,False,True,H1,H0,1.0000000000000002,0.5325956122678532,0.7709117531776428,True,False,False,False,False,False,
1053,58337,0,497,191899,0,497,True,58337,58337,0,497,False,True,True,False,H0,H0,0.6134116124732757,1.0,0.7709117531776428,False,True,True,False,False,True,self_pair
1054,23486,1,897,35495,1,897,True,23486,23486,1,897,False,True,True,False,H1,H1,0.6802670876734158,1.0000000000000002,0.7709117531776428,False,True,True,False,False,True,self_pair
1055,121392,1,200,122518,1,200,True,121392,121392,1,200,False,True,True,False,H1,H1,1.0000000000000002,1.0000000000000002,0.7709117531776428,True,True,True,False,False,True,self_pair
1056,145015,0,718,133710,1,718,False,40413,40413,0,718,False,False,True,False,H0,H0,0.7231693927268548,0.7796465434463351,0.7709117531776428,False,True,True,False,True,False,
1057,39281,0,857,149383,0,857,False,149873,149873,0,857,False,False,True,False,H0,H0,0.8923630529147738,0.8170464381486074,0.7709117531776428,True,True,True,False,True,False,
1058,148604,0,708,132345,0,708,False,74305,74305,0,726,False,False,False,True,H0,H0,0.6734244075878117,0.6186043959338181,0.7709117531776428,False,False,False,False,False,False,
1059,69675,0,295,78716,0,295,True,69675,69675,0,295,False,True,True,False,H0,H0,0.8307927044897239,1.0,0.7709117531776428,True,True,True,False,False,True,self_pair
1060,166303,1,112,166337,1,112,True,166337,166337,1,112,True,True,True,False,H1,H1,0.9955461769017481,0.9955461769017481,0.7709117531776428,True,True,True,True,False,False,
1061,172088,0,121,167316,1,121,False,116828,116828,0,121,False,False,True,False,H0,H0,0.8102550495676536,0.7890672069698011,0.7709117531776428,True,True,True,False,True,False,
1062,40908,1,750,89384,0,750,False,70674,70674,1,750,False,False,True,False,H0,H1,0.8843037369135792,0.9039873419254655,0.7709117531776428,True,True,True,True,False,False,
1063,40662,0,960,22060,1,960,False,40662,40662,0,960,False,False,True,False,H0,H0,0.7779738092236813,1.0,0.7709117531776428,True,True,True,False,False,True,self_pair
1064,193163,1,367,144869,0,367,False,165395,165395,1,367,False,False,True,False,H0,H1,0.8306215495086012,0.8413030935674891,0.7709117531776428,True,True,True,True,False,False,
1065,8887,0,1096,3995,0,1096,False,8887,8887,0,1096,False,False,True,False,H0,H0,0.7263932310170325,1.0,0.7709117531776428,False,True,True,False,False,True,self_pair
1066,146481,0,675,140522,0,675,False,146481,146481,0,675,False,False,True,False,H0,H0,0.6144376752405964,1.0,0.7709117531776428,False,True,True,False,False,True,self_pair
1067,195105,0,932,125453,0,932,True,195105,195105,0,932,False,True,True,False,H0,H0,0.7342936123786978,0.9999999999999998,0.7709117531776428,False,True,True,False,False,True,self_pair
1068,186498,0,821,61597,0,821,False,186498,186498,0,821,False,False,True,False,H0,H0,0.6710106643145439,1.0000000000000002,0.7709117531776428,False,True,True,False,False,True,self_pair
1069,67930,1,697,101620,1,697,True,67930,67930,1,697,False,True,True,False,H1,H1,0.7556483953977144,1.0000000000000002,0.7709117531776428,False,True,True,False,False,True,self_pair
1070,74753,1,404,74753,1,404,False,30090,30090,0,404,False,False,True,False,H1,H0,1.0,0.7824639056191725,0.7709117531776428,True,True,True,False,True,False,
1071,52447,0,725,47370,0,725,False,52447,52447,0,725,False,False,True,False,H0,H0,0.6877057249473572,1.0,0.7709117531776428,False,True,True,False,False,True,self_pair
1072,38840,0,798,38840,0,798,False,137466,137466,0,841,False,False,False,True,H0,H0,0.9999999999999999,0.6568335212203701,0.7709117531776428,True,False,False,False,False,False,
1073,184376,0,497,191899,0,497,True,184376,184376,0,497,False,False,True,False,H0,H0,0.4945016946737908,0.9999999999999999,0.7709117531776428,False,True,True,False,False,True,self_pair
1074,35495,1,897,35495,1,897,True,35495,35495,1,897,True,True,True,False,H1,H1,1.0,1.0,0.7709117531776428,True,True,True,False,False,True,self_pair
1075,134964,0,200,122518,1,200,True,134964,134964,0,200,False,True,True,False,H0,H0,0.7207399195542995,1.0,0.7709117531776428,False,True,True,False,False,True,self_pair
1076,83299,0,895,161914,0,895,False,189689,189689,0,895,False,False,True,False,H0,H0,0.7285090523949859,0.7110008107954499,0.7709117531776428,False,False,False,False,False,False,
1077,90354,1,790,90358,0,790,True,90354,90354,1,790,False,True,True,False,H0,H1,0.747956481162706,0.9999999999999999,0.7709117531776428,False,True,True,False,False,True,self_pair
1078,186838,1,656,186838,1,656,False,186837,186837,1,656,False,False,True,False,H1,H1,0.9999999999999999,0.9999999999999999,0.7709117531776428,True,True,True,True,False,False,
1079,77327,0,295,78716,0,295,True,69675,69675,0,295,False,True,True,False,H0,H0,0.8143456909708287,0.8642512701695666,0.7709117531776428,True,True,True,False,True,False,
1080,165929,1,112,166337,1,112,True,165929,165929,1,112,False,True,True,False,H1,H1,0.9843836937251932,0.9999999999999999,0.7709117531776428,True,True,True,False,False,True,self_pair
1081,75104,0,119,79907,0,119,False,88112,88112,0,119,False,False,True,False,H0,H0,0.825792272952555,0.8504534877594285,0.7709117531776428,True,True,True,False,True,False,
1082,192706,1,750,89384,0,750,False,192706,192706,1,750,False,False,True,False,H0,H1,0.8076621337338763,0.9999999999999999,0.7709117531776428,True,True,True,False,False,True,self_pair
1083,19186,0,960,22060,1,960,False,19186,19186,0,960,False,False,True,False,H0,H0,0.7182790002003454,1.0000000000000002,0.7709117531776428,False,True,True,False,False,True,self_pair
1084,121766,0,944,93272,0,944,False,120012,120012,0,925,False,False,False,True,H0,H0,0.7504366419066959,0.595368848795537,0.7709117531776428,False,False,False,False,False,False,
1085,86288,0,288,181110,0,288,False,70669,70669,1,718,False,False,False,True,H0,H0,0.6131398637973842,0.655566056644505,0.7709117531776428,False,False,False,False,False,False,
1086,63060,0,675,140522,0,675,False,64846,64846,0,675,False,False,True,False,H0,H0,0.9718381858908707,0.7854307932682703,0.7709117531776428,True,True,True,False,True,False,
1087,47394,0,634,164007,0,634,False,164005,164005,0,634,False,False,True,False,H0,H0,0.7691508001019735,0.6706191162843347,0.7709117531776428,False,False,False,False,False,False,
1088,92867,0,738,113911,0,738,True,86309,86309,0,1091,False,True,False,True,H0,H0,0.6007588995341208,0.6488025913190414,0.7709117531776428,False,False,False,False,False,False,
1089,125170,1,697,101620,1,697,True,125170,125170,1,697,False,True,True,False,H1,H1,0.7155494386784131,1.0000000000000002,0.7709117531776428,False,True,True,False,False,True,self_pair
1090,137956,0,404,74753,1,404,False,137956,137956,0,404,False,False,True,False,H0,H0,0.627990725525244,0.9999999999999999,0.7709117531776428,False,True,True,False,False,True,self_pair
1091,60603,0,725,47370,0,725,False,96652,96652,1,725,False,False,True,False,H0,H0,0.7659912067045975,0.8199457679497093,0.7709117531776428,False,True,True,False,True,False,
1092,83637,0,746,138527,0,746,False,83637,83637,0,746,False,False,True,False,H0,H0,0.7731105752188755,1.0,0.7709117531776428,True,True,True,False,False,True,self_pair
1093,197590,0,964,148919,1,964,False,67507,67507,0,701,False,False,False,True,H0,H0,0.5450510974977489,0.5816509087339247,0.7709117531776428,False,False,False,False,False,False,
1094,140022,0,897,35495,1,897,True,140022,140022,0,897,False,True,True,False,H0,H0,0.7280756705622426,1.0000000000000002,0.7709117531776428,False,True,True,False,False,True,self_pair
1095,88583,0,200,122518,1,200,True,88583,88583,0,200,False,False,True,False,H0,H0,0.37576408579459847,1.0,0.7709117531776428,False,True,True,False,False,True,self_pair
1096,133710,1,718,133710,1,718,False,40413,40413,0,718,False,False,True,False,H1,H0,0.9999999999999999,0.7941916337918452,0.7709117531776428,True,True,True,False,True,False,
1097,121155,1,1002,121155,1,1002,False,49714,49714,0,1038,False,False,False,True,H1,H0,1.0,0.652292109099438,0.7709117531776428,True,False,False,False,False,False,
1098,168192,0,914,184908,0,914,False,148532,148532,0,897,False,False,False,True,H0,H0,0.661916599444668,0.5766372800621086,0.7709117531776428,False,False,False,False,False,False,
1099,155923,0,817,155923,0,817,False,48870,48870,1,64,False,False,False,True,H0,H0,1.0,0.5943912057482701,0.7709117531776428,True,False,False,False,False,False,
1100,166057,1,112,166337,1,112,True,166050,166050,1,112,False,True,True,False,H1,H1,0.9881029604061293,0.9999999999999999,0.7709117531776428,True,True,True,True,False,False,
1101,42386,0,623,42386,0,623,False,67930,67930,1,697,False,False,False,True,H0,H0,0.9999999999999999,0.6801950712848241,0.7709117531776428,True,False,False,False,False,False,
1102,155161,0,265,155161,0,265,False,36603,36603,1,267,False,False,False,True,H0,H0,1.0000000000000002,0.8368436490926189,0.7709117531776428,True,True,True,False,True,False,
1103,122803,0,378,106166,0,378,False,122802,122802,0,378,False,False,True,False,H0,H0,0.787371681864537,0.9268447843969586,0.7709117531776428,True,True,True,False,True,False,
1104,129682,1,1076,44118,0,1076,False,152801,152801,0,1068,False,False,False,True,H0,H0,0.4968640404895973,0.5467024633291141,0.7709117531776428,False,False,False,False,False,False,
1105,4021,0,1096,3995,0,1096,False,4021,4021,0,1096,False,False,True,False,H0,H0,0.7386509113162399,1.0000000000000002,0.7709117531776428,False,True,True,False,False,True,self_pair
1106,16329,0,675,140522,0,675,False,16329,16329,0,675,False,False,True,False,H0,H0,0.6704981072094035,1.0,0.7709117531776428,False,True,True,False,False,True,self_pair
1107,177576,0,178,177576,0,178,False,179392,179392,0,211,False,False,False,True,H0,H0,1.0,0.8151550397597976,0.7709117531776428,True,True,True,False,True,False,
1108,72664,0,1041,94115,0,1041,True,94115,94115,0,1041,True,True,True,False,H0,H0,0.7742285432645148,0.7742285432645148,0.7709117531776428,True,True,True,False,True,False,
1109,16173,1,697,101620,1,697,True,101620,101620,1,697,True,True,True,False,H1,H1,0.7974396078406,0.7974396078406,0.7709117531776428,True,True,True,True,False,False,
1110,192279,0,404,74753,1,404,False,8679,8679,1,404,False,False,True,False,H0,H0,0.7184496506662674,0.8939254022376701,0.7709117531776428,False,True,True,False,True,False,
1111,96652,1,725,47370,0,725,False,96652,96652,1,725,False,False,True,False,H0,H1,0.7667392815072869,1.0,0.7709117531776428,False,True,True,False,False,True,self_pair
1112,97241,1,746,138527,0,746,False,70674,70674,1,750,False,False,False,True,H0,H0,0.7962091490862593,0.8187779726881245,0.7709117531776428,True,True,True,False,True,False,
1113,14039,0,1000,166144,0,1000,False,32967,32967,0,697,False,False,False,True,H0,H0,0.5667955238099843,0.6628274177135055,0.7709117531776428,False,False,False,False,False,False,
1114,89668,0,897,35495,1,897,True,89668,89668,0,897,False,True,True,False,H0,H0,0.6375383243994444,0.9999999999999998,0.7709117531776428,False,True,True,False,False,True,self_pair
1115,134387,0,200,122518,1,200,True,134387,134387,0,200,False,False,True,False,H0,H0,0.5451096465184744,1.0,0.7709117531776428,False,True,True,False,False,True,self_pair
1116,70669,1,718,133710,1,718,False,70669,70669,1,718,False,False,True,False,H1,H1,0.6533451395865641,0.9999999999999998,0.7709117531776428,False,True,True,False,False,True,self_pair
1117,10887,0,973,10887,0,973,False,27839,27839,0,775,False,False,False,True,H0,H0,0.9999999999999999,0.6348107707408627,0.7709117531776428,True,False,False,False,False,False,
1118,111548,0,1042,113095,0,1042,False,169618,169618,0,466,False,False,False,True,H0,H0,0.9526055049923652,0.6515235343384247,0.7709117531776428,True,False,False,False,False,False,
1119,78713,0,295,78716,0,295,True,78713,78713,0,295,False,True,True,False,H0,H0,0.8570055180283677,1.0,0.7709117531776428,True,True,True,False,False,True,self_pair
1120,166337,1,112,166337,1,112,True,166337,166337,1,112,True,True,True,False,H1,H1,1.0000000000000002,1.0000000000000002,0.7709117531776428,True,True,True,False,False,True,self_pair
1121,178237,0,121,167316,1,121,False,161429,161429,0,121,False,False,True,False,H0,H0,0.6551127452464715,0.7688673101074874,0.7709117531776428,False,False,False,False,False,False,
1122,523,1,750,89384,0,750,False,523,523,1,750,False,False,True,False,H0,H1,0.8965179422532986,0.9999999999999999,0.7709117531776428,True,True,True,False,False,True,self_pair
1123,182348,1,232,192318,0,232,False,64846,64846,0,675,False,False,False,True,H0,H0,0.9811220145336134,0.669356286487938,0.7709117531776428,True,False,False,False,False,False,
1124,197681,0,367,144869,0,367,False,197681,197681,0,367,False,False,True,False,H0,H0,0.5913468203539234,1.0,0.7709117531776428,False,True,True,False,False,True,self_pair
1125,101979,0,965,101593,0,965,False,26423,26423,0,960,False,False,False,True,H0,H0,0.7440820689181493,0.5835736905943646,0.7709117531776428,False,False,False,False,False,False,
1126,76217,1,8,80661,1,8,False,77901,77901,1,107,False,False,False,True,H1,H0,0.9984535175326726,0.8258792387826673,0.7709117531776428,True,True,True,False,True,False,
1127,125453,0,932,125453,0,932,True,125453,125453,0,932,True,True,True,False,H0,H0,1.0,1.0,0.7709117531776428,True,True,True,False,False,True,self_pair
1128,159516,0,127,117769,0,127,False,119273,119273,0,127,False,False,True,False,H0,H0,0.8111035183961851,0.7845916970247857,0.7709117531776428,True,True,True,False,True,False,
1129,189691,0,895,161914,0,895,False,83299,83299,0,895,False,False,True,False,H0,H0,0.6642525905207017,0.6264083012110349,0.7709117531776428,False,False,False,False,False,False,
1130,58049,1,533,144582,0,533,False,96692,96692,0,750,False,False,False,True,H0,H0,0.6584192585780146,0.7333325166724141,0.7709117531776428,False,False,False,False,False,False,
1131,91269,1,725,47370,0,725,False,91269,91269,1,725,False,False,True,False,H0,H1,0.6714620133509657,0.9999999999999999,0.7709117531776428,False,True,True,False,False,True,self_pair
1132,145932,1,746,138527,0,746,False,144333,144333,1,746,False,False,True,False,H0,H1,0.8189306225723569,0.9867501548322138,0.7709117531776428,True,True,True,True,False,False,
1133,71221,0,497,191899,0,497,True,71221,71221,0,497,False,True,True,False,H0,H0,0.6764841094572068,1.0,0.7709117531776428,False,True,True,False,False,True,self_pair
1134,119943,0,897,35495,1,897,True,119943,119943,0,897,False,True,True,False,H0,H0,0.6446049571234503,0.9999999999999999,0.7709117531776428,False,True,True,False,False,True,self_pair
1135,121324,0,200,122518,1,200,True,121324,121324,0,200,False,True,True,False,H0,H0,0.7274414239996575,0.9999999999999999,0.7709117531776428,False,True,True,False,False,True,self_pair
1136,18722,0,718,133710,1,718,False,18722,18722,0,718,False,False,True,False,H0,H0,0.7028485365226761,1.0,0.7709117531776428,False,True,True,False,False,True,self_pair
1137,68245,0,790,90358,0,790,True,68245,68245,0,790,False,False,True,False,H0,H0,0.5102797781366151,1.0000000000000002,0.7709117531776428,False,True,True,False,False,True,self_pair
1138,70702,0,656,186838,1,656,False,70702,70702,0,656,False,False,True,False,H0,H0,0.6325559749818082,1.0000000000000002,0.7709117531776428,False,True,True,False,False,True,self_pair
1139,181293,0,478,181585,0,478,False,18268,18268,0,711,False,False,False,True,H0,H0,0.9999999999999998,0.7491442779318993,0.7709117531776428,True,False,False,False,False,False,
1140,166377,1,112,166337,1,112,True,166377,166377,1,112,False,True,True,False,H1,H1,0.9829983831265319,1.0,0.7709117531776428,True,True,True,False,False,True,self_pair
1141,181435,0,121,167316,1,121,False,190971,190971,0,121,False,False,True,False,H0,H0,0.7683036149053178,0.7186598333746249,0.7709117531776428,False,False,False,False,False,False,
1142,141341,0,121,167316,1,121,False,141240,141240,0,121,False,False,True,False,H0,H0,0.6664569288845466,0.8513651376606814,0.7709117531776428,False,True,True,False,True,False,
1143,4361,1,960,22060,1,960,False,4361,4361,1,960,False,False,True,False,H1,H1,0.772271425392227,1.0,0.7709117531776428,True,True,True,False,False,True,self_pair
1144,112458,1,120,112458,1,120,False,175336,175336,0,121,False,False,False,True,H1,H0,0.9999999999999999,0.6105074118420294,0.7709117531776428,True,False,False,False,False,False,
1145,193615,1,1096,3995,0,1096,False,4021,4021,0,1096,False,False,True,False,H0,H0,0.7026420621866272,0.7626564521653562,0.7709117531776428,False,False,False,False,False,False,
1146,141262,0,686,138217,0,686,False,117512,117512,0,458,False,False,False,True,H0,H0,0.7485429574239576,0.5604197674574539,0.7709117531776428,False,False,False,False,False,False,
1147,19408,0,550,126910,0,550,False,9981,9981,0,176,False,False,False,True,H0,H0,0.8445443054220354,0.8273487917168724,0.7709117531776428,True,True,True,False,True,False,
1148,74209,0,821,61597,0,821,False,74209,74209,0,821,False,False,True,False,H0,H0,0.6057436458104913,1.0000000000000002,0.7709117531776428,False,True,True,False,False,True,self_pair
1149,82952,1,697,101620,1,697,True,82952,82952,1,697,False,True,True,False,H1,H1,0.7161477919019588,1.0000000000000002,0.7709117531776428,False,True,True,False,False,True,self_pair
1150,40908,1,750,89384,0,750,False,70674,70674,1,750,False,False,True,False,H0,H1,0.8843037369135792,0.9039873419254655,0.7709117531776428,True,True,True,True,False,False,
1151,122583,1,725,47370,0,725,False,122583,122583,1,725,False,False,True,False,H0,H1,0.6958314426754479,0.9999999999999999,0.7709117531776428,False,True,True,False,False,True,self_pair
1152,138527,0,746,138527,0,746,False,6865,6865,0,746,False,False,True,False,H0,H0,1.0000000000000002,0.8313739544348862,0.7709117531776428,True,True,True,False,True,False,
1153,76641,1,94,76641,1,94,False,67818,67818,0,509,False,False,False,True,H1,H0,1.0,0.6697566032764145,0.7709117531776428,True,False,False,False,False,False,
1154,168207,0,252,31355,0,252,False,88433,88433,0,888,False,False,False,True,H0,H0,0.7815526032913055,0.6779708432277732,0.7709117531776428,True,False,False,False,False,False,
1155,106358,0,200,122518,1,200,True,106358,106358,0,200,False,True,True,False,H0,H0,0.6998543845879629,1.0,0.7709117531776428,False,True,True,False,False,True,self_pair
1156,199935,0,191,183395,0,191,False,179838,179838,0,191,False,False,True,False,H0,H0,0.7152561235025712,0.7327529300258298,0.7709117531776428,False,False,False,False,False,False,
1157,121446,1,790,90358,0,790,True,121446,121446,1,790,False,True,True,False,H0,H1,0.7102074424140933,1.0000000000000002,0.7709117531776428,False,True,True,False,False,True,self_pair
1158,148919,1,964,148919,1,964,False,1054,1054,0,466,False,False,False,True,H1,H0,1.0000000000000002,0.5883537295864499,0.7709117531776428,True,False,False,False,False,False,
1159,64919,0,295,78716,0,295,True,64919,64919,0,295,False,True,True,False,H0,H0,0.6925401524686176,0.9999999999999999,0.7709117531776428,False,True,True,False,False,True,self_pair
1160,166378,1,112,166337,1,112,True,166377,166377,1,112,False,True,True,False,H1,H1,0.9829983831265319,1.0,0.7709117531776428,True,True,True,True,False,False,
1161,189022,1,327,189146,0,327,False,113938,113938,0,697,False,False,False,True,H0,H0,0.7845814306427014,0.6724120815486277,0.7709117531776428,True,False,False,False,False,False,
1162,187619,0,750,89384,0,750,False,187619,187619,0,750,False,False,True,False,H0,H0,0.705869337934706,0.9999999999999998,0.7709117531776428,False,True,True,False,False,True,self_pair
1163,174860,0,121,167316,1,121,False,161429,161429,0,121,False,False,True,False,H0,H0,0.7006959897052223,0.7714245051143303,0.7709117531776428,False,True,True,False,True,False,
1164,137896,0,367,144869,0,367,False,165395,165395,1,367,False,False,True,False,H0,H0,0.7543031140477034,0.7227920902277231,0.7709117531776428,False,False,False,False,False,False,
1165,107664,0,895,161914,0,895,False,83299,83299,0,895,False,False,True,False,H0,H0,0.6891423544600902,0.7632684562536636,0.7709117531776428,False,False,False,False,False,False,
1166,76228,0,675,140522,0,675,False,76228,76228,0,675,False,False,True,False,H0,H0,0.6466602946123444,1.0,0.7709117531776428,False,True,True,False,False,True,self_pair
1167,75031,0,932,125453,0,932,True,75031,75031,0,932,False,True,True,False,H0,H0,0.7111550286093065,1.0,0.7709117531776428,False,True,True,False,False,True,self_pair
1168,198641,0,821,61597,0,821,False,198641,198641,0,821,False,False,True,False,H0,H0,0.5341024471729124,0.9999999999999999,0.7709117531776428,False,True,True,False,False,True,self_pair
1169,155155,0,657,87518,0,657,False,189069,189069,0,656,False,False,False,True,H0,H0,0.5516916360542561,0.5777368829442726,0.7709117531776428,False,False,False,False,False,False,
1170,146140,0,404,74753,1,404,False,146140,146140,0,404,False,False,True,False,H0,H0,0.6866433116976627,1.0000000000000002,0.7709117531776428,False,True,True,False,False,True,self_pair
1171,36381,0,725,47370,0,725,False,36381,36381,0,725,False,False,True,False,H0,H0,0.6765752705075851,1.0,0.7709117531776428,False,True,True,False,False,True,self_pair
1172,23168,0,746,138527,0,746,False,23168,23168,0,746,False,False,True,False,H0,H0,0.6087629611535685,0.9999999999999999,0.7709117531776428,False,True,True,False,False,True,self_pair
1173,47848,0,497,191899,0,497,True,47848,47848,0,497,False,True,True,False,H0,H0,0.6327606477790734,0.9999999999999999,0.7709117531776428,False,True,True,False,False,True,self_pair
1174,187906,0,897,35495,1,897,True,187906,187906,0,897,False,True,True,False,H0,H0,0.6082418321431508,1.0,0.7709117531776428,False,True,True,False,False,True,self_pair
1175,90506,0,200,122518,1,200,True,106358,106358,0,200,False,True,True,False,H0,H0,0.6253023016962943,0.6590206201428411,0.7709117531776428,False,False,False,False,False,False,
1176,37198,1,718,133710,1,718,False,37198,37198,1,718,False,False,True,False,H1,H1,0.6516708765138801,1.0,0.7709117531776428,False,True,True,False,False,True,self_pair
1177,197062,0,790,90358,0,790,True,197062,197062,0,790,False,True,True,False,H0,H0,0.6456322902840091,1.0,0.7709117531776428,False,True,True,False,False,True,self_pair
1178,26856,1,23,156980,1,23,False,12234,12234,0,812,False,False,False,True,H1,H0,0.9999999999997984,0.8178463015115104,0.7709117531776428,True,True,True,False,True,False,
1179,161912,0,201,156463,1,201,False,155820,155820,0,201,False,False,True,False,H0,H0,0.8017531251504518,0.7936506917232943,0.7709117531776428,True,True,True,False,True,False,
1180,166269,0,112,166337,1,112,True,166050,166050,1,112,False,True,True,False,H0,H0,0.9726656312656579,0.9827976159062703,0.7709117531776428,True,True,True,False,True,False,
1181,185100,0,121,167316,1,121,False,116828,116828,0,121,False,False,True,False,H0,H0,0.7359691932456334,0.7804563970840755,0.7709117531776428,False,True,True,False,True,False,
1182,96692,0,750,89384,0,750,False,96692,96692,0,750,False,False,True,False,H0,H0,0.7476271080258309,1.0,0.7709117531776428,False,True,True,False,False,True,self_pair
1183,22965,0,960,22060,1,960,False,22965,22965,0,960,False,False,True,False,H0,H0,0.656192699216015,1.0,0.7709117531776428,False,True,True,False,False,True,self_pair
1184,159162,0,367,144869,0,367,False,159162,159162,0,367,False,False,True,False,H0,H0,0.6920602957515241,1.0000000000000002,0.7709117531776428,False,True,True,False,False,True,self_pair
1185,20293,0,101,20293,0,101,False,181293,181293,0,478,False,False,False,True,H0,H0,1.0000000000000002,0.6069199335702838,0.7709117531776428,True,False,False,False,False,False,
1186,49296,1,675,140522,0,675,False,15452,15452,0,675,False,False,True,False,H0,H0,0.7927231370345612,0.7948953189297627,0.7709117531776428,True,True,True,False,True,False,
1187,154177,0,932,125453,0,932,True,154177,154177,0,932,False,False,True,False,H0,H0,0.6825801126361793,1.0000000000000002,0.7709117531776428,False,True,True,False,False,True,self_pair
1188,192182,0,821,61597,0,821,False,192182,192182,0,821,False,False,True,False,H0,H0,0.6594977951904524,1.0,0.7709117531776428,False,True,True,False,False,True,self_pair
1189,58608,0,119,79907,0,119,False,88112,88112,0,119,False,False,True,False,H0,H0,0.7744744806767886,0.7704343832899934,0.7709117531776428,True,False,False,False,False,False,
1190,101597,0,965,101593,0,965,False,101979,101979,0,965,False,False,True,False,H0,H0,0.7513008154172274,0.6865070702129846,0.7709117531776428,False,False,False,False,False,False,
1191,86498,0,725,47370,0,725,False,86498,86498,0,725,False,False,True,False,H0,H0,0.724615252767679,1.0,0.7709117531776428,False,True,True,False,False,True,self_pair
1192,1174,1,746,138527,0,746,False,19370,19370,1,746,False,False,True,False,H0,H1,0.7925834462838435,0.8492341923111049,0.7709117531776428,True,True,True,True,False,False,
1193,112609,0,497,191899,0,497,True,112609,112609,0,497,False,True,True,False,H0,H0,0.5807875846281305,0.9999999999999998,0.7709117531776428,False,True,True,False,False,True,self_pair
1194,8977,0,897,35495,1,897,True,8977,8977,0,897,False,True,True,False,H0,H0,0.7370350031742461,1.0,0.7709117531776428,False,True,True,False,False,True,self_pair
1195,106447,0,200,122518,1,200,True,106358,106358,0,200,False,True,True,False,H0,H0,0.7083692609962194,0.9887376026221169,0.7709117531776428,False,True,True,False,True,False,
1196,36041,1,154,38018,1,154,False,187941,187941,0,153,False,False,False,True,H1,H0,0.8861500047340094,0.5894873077546149,0.7709117531776428,True,False,False,False,False,False,
1197,149985,1,790,90358,0,790,True,90358,90358,0,790,True,True,True,False,H0,H0,0.7721910928535731,0.7721910928535731,0.7709117531776428,True,True,True,False,True,False,
1198,186825,1,656,186838,1,656,False,186837,186837,1,656,False,False,True,False,H1,H1,0.9079898910111464,0.9079898910111464,0.7709117531776428,True,True,True,True,False,False,
1199,87733,0,1020,87733,0,1020,False,186704,186704,0,1020,False,False,True,False,H0,H0,1.0,0.8167143682998259,0.7709117531776428,True,True,True,False,True,False,
1200,154707,0,314,154728,0,314,False,187210,187210,0,821,False,False,False,True,H0,H0,0.6298850826727157,0.6211403568526449,0.7709117531776428,False,False,False,False,False,False,
1201,174860,0,121,167316,1,121,False,161429,161429,0,121,False,False,True,False,H0,H0,0.7006959897052223,0.7714245051143303,0.7709117531776428,False,True,True,False,True,False,
1202,123534,0,750,89384,0,750,False,123534,123534,0,750,False,False,True,False,H0,H0,0.8026458381723494,0.9999999999999998,0.7709117531776428,True,True,True,False,False,True,self_pair
1203,22072,0,960,22060,1,960,False,22072,22072,0,960,False,False,True,False,H0,H0,0.7892826744732444,1.0,0.7709117531776428,True,True,True,False,False,True,self_pair
1204,129018,0,367,144869,0,367,False,186486,186486,1,367,False,False,True,False,H0,H0,0.6458675460050552,0.6743067022625778,0.7709117531776428,False,False,False,False,False,False,
1205,81542,0,1096,3995,0,1096,False,81542,81542,0,1096,False,False,True,False,H0,H0,0.7287484992688115,0.9999999999999998,0.7709117531776428,False,True,True,False,False,True,self_pair
1206,121712,0,675,140522,0,675,False,180597,180597,0,675,False,False,True,False,H0,H0,0.74914082151739,0.7767525552388764,0.7709117531776428,False,True,True,False,True,False,
1207,105920,0,368,76247,0,368,False,196689,196689,0,367,False,False,False,True,H0,H0,0.7547133158548837,0.5739662336907344,0.7709117531776428,False,False,False,False,False,False,
1208,191860,0,821,61597,0,821,False,191860,191860,0,821,False,False,True,False,H0,H0,0.7749085313068768,0.9999999999999999,0.7709117531776428,True,True,True,False,False,True,self_pair
1209,33031,0,982,55912,0,982,False,12823,12823,0,1100,False,False,False,True,H0,H0,0.6182124081747151,0.6305574435982976,0.7709117531776428,False,False,False,False,False,False,
1210,188305,0,404,74753,1,404,False,188305,188305,0,404,False,False,True,False,H0,H0,0.6610491411243361,1.0,0.7709117531776428,False,True,True,False,False,True,self_pair
1211,69499,0,725,47370,0,725,False,69499,69499,0,725,False,False,True,False,H0,H0,0.7708189321808595,1.0,0.7709117531776428,False,True,True,False,False,True,self_pair
1212,6865,0,746,138527,0,746,False,6865,6865,0,746,False,False,True,False,H0,H0,0.8313739544348862,1.0000000000000002,0.7709117531776428,True,True,True,False,False,True,self_pair
1213,13244,0,379,13244,0,379,False,130227,130227,0,1094,False,False,False,True,H0,H0,0.9999999999999999,0.6774859228949379,0.7709117531776428,True,False,False,False,False,False,
1214,58091,0,648,58190,0,648,False,63579,63579,0,539,False,False,False,True,H0,H0,0.8982620573586225,0.6774377229998277,0.7709117531776428,True,False,False,False,False,False,
1215,171575,0,200,122518,1,200,True,171575,171575,0,200,False,True,True,False,H0,H0,0.706901713853956,1.0,0.7709117531776428,False,True,True,False,False,True,self_pair
1216,177612,0,626,188336,0,626,False,174272,174272,0,626,False,False,True,False,H0,H0,0.5141809428452598,0.6415134356930308,0.7709117531776428,False,False,False,False,False,False,
1217,163472,0,409,84722,0,409,False,96608,96608,0,409,False,False,True,False,H0,H0,0.8163718394309809,0.791502160955901,0.7709117531776428,True,True,True,False,True,False,
1218,148616,0,612,148616,0,612,False,193952,193952,0,932,False,False,False,True,H0,H0,1.0000000000000002,0.6439056279171244,0.7709117531776428,True,False,False,False,False,False,
1219,182449,0,786,131257,0,786,False,121411,121411,1,767,False,False,False,True,H0,H0,0.7996729837344616,0.717651628279915,0.7709117531776428,True,False,False,False,False,False,
1220,63225,0,474,63143,0,474,False,61261,61261,0,474,False,False,True,False,H0,H0,0.8486270409149178,0.7094230946334675,0.7709117531776428,True,False,False,False,False,False,
1221,9952,0,116,9950,0,116,False,141349,141349,1,109,False,False,False,True,H0,H0,0.9999999999999999,0.8885860006828,0.7709117531776428,True,True,True,False,True,False,
1222,89706,0,750,89384,0,750,False,192706,192706,1,750,False,False,True,False,H0,H0,0.8028889544398358,0.8305352687915201,0.7709117531776428,True,True,True,False,True,False,
1223,175687,0,836,175687,0,836,False,104359,104359,0,836,False,False,True,False,H0,H0,0.9999999999999999,0.6662234275628666,0.7709117531776428,True,False,False,False,False,False,
1224,103340,0,726,15648,0,726,False,122583,122583,1,725,False,False,False,True,H0,H0,0.7262128458454735,0.7038524796987515,0.7709117531776428,False,False,False,False,False,False,
1225,61527,0,1005,61248,0,1005,False,62443,62443,0,1005,False,False,True,False,H0,H0,0.7822726092222029,0.7744127410310666,0.7709117531776428,True,True,True,False,True,False,
1226,107957,0,917,92479,0,917,True,92479,92479,0,917,True,True,True,False,H0,H0,0.6311955427808275,0.6311955427808275,0.7709117531776428,False,False,False,False,False,False,
1227,128276,0,932,125453,0,932,True,128276,128276,0,932,False,True,True,False,H0,H0,0.7111739229278308,0.9999999999999999,0.7709117531776428,False,True,True,False,False,True,self_pair
1228,42665,1,106,42665,1,106,False,141349,141349,1,109,False,False,False,True,H1,H0,0.9999999999999999,0.6525372916534632,0.7709117531776428,True,False,False,False,False,False,
1229,8977,0,897,35495,1,897,True,8977,8977,0,897,False,True,True,False,H0,H0,0.7370350031742461,1.0,0.7709117531776428,False,True,True,False,False,True,self_pair
1230,109111,0,404,74753,1,404,False,109111,109111,0,404,False,False,True,False,H0,H0,0.6943131775991347,0.9999999999999999,0.7709117531776428,False,True,True,False,False,True,self_pair
1231,186794,0,810,153768,0,810,False,2391,2391,0,113,False,False,False,True,H0,H0,0.7737225463065348,0.7143463796418775,0.7709117531776428,True,False,False,False,False,False,
1232,19370,1,746,138527,0,746,False,19370,19370,1,746,False,False,True,False,H0,H1,0.8027744263893299,0.9999999999999999,0.7709117531776428,True,True,True,False,False,True,self_pair
1233,22178,1,497,191899,0,497,True,22178,22178,1,497,False,True,True,False,H0,H1,0.6366437607731037,0.9999999999999999,0.7709117531776428,False,True,True,False,False,True,self_pair
1234,73629,0,8,80661,1,8,False,77901,77901,1,107,False,False,False,True,H0,H0,0.8416024846814593,0.7745330486147135,0.7709117531776428,True,True,True,False,True,False,
1235,122518,1,200,122518,1,200,True,121392,121392,1,200,False,True,True,False,H1,H1,1.0000000000000002,1.0000000000000002,0.7709117531776428,True,True,True,True,False,False,
1236,42881,0,958,11947,0,958,False,101597,101597,0,965,False,False,False,True,H0,H0,0.612064820548201,0.6108885659179178,0.7709117531776428,False,False,False,False,False,False,
1237,90358,0,790,90358,0,790,True,90358,90358,0,790,True,True,True,False,H0,H0,0.9999999999999999,0.9999999999999999,0.7709117531776428,True,True,True,False,False,True,self_pair
1238,72773,0,507,72773,0,507,False,67818,67818,0,509,False,False,False,True,H0,H0,0.9999999999999999,0.8605826453239026,0.7709117531776428,True,True,True,False,True,False,
1239,64469,0,295,78716,0,295,True,64469,64469,0,295,False,True,True,False,H0,H0,0.7208212235544739,0.9999999999999999,0.7709117531776428,False,True,True,False,False,True,self_pair
1240,166303,1,112,166337,1,112,True,166337,166337,1,112,True,True,True,False,H1,H1,0.9955461769017481,0.9955461769017481,0.7709117531776428,True,True,True,True,False,False,
1241,141654,0,121,167316,1,121,False,193825,193825,0,121,False,False,True,False,H0,H0,0.7773190338489843,0.7557411601641582,0.7709117531776428,True,False,False,False,False,False,
1242,23538,0,750,89384,0,750,False,23538,23538,0,750,False,False,True,False,H0,H0,0.7046410231321328,0.9999999999999999,0.7709117531776428,False,True,True,False,False,True,self_pair
1243,43165,0,960,22060,1,960,False,43165,43165,0,960,False,False,True,False,H0,H0,0.7139328141868441,0.9999999999999999,0.7709117531776428,False,True,True,False,False,True,self_pair
1244,196689,0,367,144869,0,367,False,196689,196689,0,367,False,False,True,False,H0,H0,0.5720114568758231,0.9999999999999999,0.7709117531776428,False,True,True,False,False,True,self_pair
1245,170041,0,980,169431,0,980,False,1821,1821,0,86,False,False,False,True,H0,H0,0.6181023936744043,0.584908604301347,0.7709117531776428,False,False,False,False,False,False,
1246,192450,0,253,192450,0,253,False,120149,120149,0,725,False,False,False,True,H0,H0,0.9999999999999999,0.6425957063544935,0.7709117531776428,True,False,False,False,False,False,
1247,60606,0,932,125453,0,932,True,60606,60606,0,932,False,False,True,False,H0,H0,0.6694852299458809,1.0000000000000002,0.7709117531776428,False,True,True,False,False,True,self_pair
1248,115056,1,645,115056,1,645,False,72728,72728,0,668,False,False,False,True,H1,H0,1.0,0.7187300100335415,0.7709117531776428,True,False,False,False,False,False,
1249,17515,0,501,15718,0,501,True,15718,15718,0,501,True,True,True,False,H0,H0,0.7501401839084149,0.7501401839084149,0.7709117531776428,False,False,False,False,False,False,
1250,163565,0,404,74753,1,404,False,163565,163565,0,404,False,False,True,False,H0,H0,0.5795108456093554,1.0,0.7709117531776428,False,True,True,False,False,True,self_pair
1251,189683,0,119,79907,0,119,False,167284,167284,0,119,False,False,True,False,H0,H0,0.80407436797531,0.8167495142391132,0.7709117531776428,True,True,True,False,True,False,
1252,81720,0,851,78041,0,851,False,72302,72302,0,821,False,False,False,True,H0,H0,0.6113083872492705,0.6323084826675268,0.7709117531776428,False,False,False,False,False,False,
1253,157782,0,465,157455,0,465,False,154519,154519,0,776,False,False,False,True,H0,H0,0.5366741674637645,0.508083979494652,0.7709117531776428,False,False,False,False,False,False,
1254,143864,0,897,35495,1,897,True,143864,143864,0,897,False,False,True,False,H0,H0,0.48140060483423,1.0000000000000002,0.7709117531776428,False,True,True,False,False,True,self_pair
1255,79988,0,1032,79988,0,1032,False,104394,104394,0,1017,False,False,False,True,H0,H0,1.0000000000000002,0.6656238261063763,0.7709117531776428,True,False,False,False,False,False,
1256,93925,0,718,133710,1,718,False,93925,93925,0,718,False,False,True,False,H0,H0,0.679365866439042,1.0,0.7709117531776428,False,True,True,False,False,True,self_pair
1257,169961,0,790,90358,0,790,True,169961,169961,0,790,False,True,True,False,H0,H0,0.6988990266175152,1.0,0.7709117531776428,False,True,True,False,False,True,self_pair
1258,101348,0,937,53594,0,937,False,197652,197652,0,571,False,False,False,True,H0,H0,0.6943626344790215,0.6058962259470831,0.7709117531776428,False,False,False,False,False,False,
1259,20788,0,203,29788,0,203,False,155869,155869,1,341,False,False,False,True,H0,H0,0.819232996731038,0.627765428167507,0.7709117531776428,True,False,False,False,False,False,
1260,38962,0,954,177584,0,954,False,86309,86309,0,1091,False,False,False,True,H0,H0,0.7455188392571837,0.6314568687736969,0.7709117531776428,False,False,False,False,False,False,
1261,193824,0,121,167316,1,121,False,193825,193825,0,121,False,False,True,False,H0,H0,0.6698081075923441,0.8789613106760327,0.7709117531776428,False,True,True,False,True,False,
1262,127309,0,750,89384,0,750,False,127309,127309,0,750,False,False,True,False,H0,H0,0.7467816853757882,1.0000000000000002,0.7709117531776428,False,True,True,False,False,True,self_pair
1263,26423,0,960,22060,1,960,False,26423,26423,0,960,False,False,True,False,H0,H0,0.781676327691822,1.0000000000000002,0.7709117531776428,True,True,True,False,False,True,self_pair
1264,195307,1,140,195307,1,140,False,197498,197498,1,241,False,False,False,True,H1,H0,1.0,0.774634259181001,0.7709117531776428,True,True,True,False,True,False,
1265,29722,0,546,178188,1,546,False,125142,125142,0,429,False,False,False,True,H0,H0,0.6761948412534677,0.6847113602701387,0.7709117531776428,False,False,False,False,False,False,
1266,88243,0,667,88243,0,667,False,115056,115056,1,645,False,False,False,True,H0,H0,1.0,0.6759333605053144,0.7709117531776428,True,False,False,False,False,False,
1267,101867,0,932,125453,0,932,True,101867,101867,0,932,False,True,True,False,H0,H0,0.7500878999821887,0.9999999999999999,0.7709117531776428,False,True,True,False,False,True,self_pair
1268,72302,0,821,61597,0,821,False,72302,72302,0,821,False,False,True,False,H0,H0,0.7710232481389839,1.0,0.7709117531776428,True,True,True,False,False,True,self_pair
1269,103431,0,600,103431,0,600,False,175336,175336,0,121,False,False,False,True,H0,H0,1.0,0.5442892465186858,0.7709117531776428,True,False,False,False,False,False,
1270,187375,0,45,162856,0,45,False,77901,77901,1,107,False,False,False,True,H0,H0,0.6100925612980008,0.7097743497534715,0.7709117531776428,False,False,False,False,False,False,
1271,7928,0,725,47370,0,725,False,7928,7928,0,725,False,False,True,False,H0,H0,0.7602626142404892,0.9999999999999998,0.7709117531776428,False,True,True,False,False,True,self_pair
1272,124545,0,746,138527,0,746,False,124545,124545,0,746,False,False,True,False,H0,H0,0.6984268555422851,1.0,0.7709117531776428,False,True,True,False,False,True,self_pair
1273,8887,0,1096,3995,0,1096,False,8887,8887,0,1096,False,False,True,False,H0,H0,0.7263932310170325,1.0,0.7709117531776428,False,True,True,False,False,True,self_pair
1274,28757,0,584,91762,0,584,False,159162,159162,0,367,False,False,False,True,H0,H0,0.6171083268519083,0.569258547470245,0.7709117531776428,False,False,False,False,False,False,
1275,122916,0,200,122518,1,200,True,122916,122916,0,200,False,True,True,False,H0,H0,0.9751825218573149,1.0000000000000002,0.7709117531776428,True,True,True,False,False,True,self_pair
1276,145015,0,718,133710,1,718,False,40413,40413,0,718,False,False,True,False,H0,H0,0.7231693927268548,0.7796465434463351,0.7709117531776428,False,True,True,False,True,False,
1277,90354,1,790,90358,0,790,True,90354,90354,1,790,False,True,True,False,H0,H1,0.747956481162706,0.9999999999999999,0.7709117531776428,False,True,True,False,False,True,self_pair
1278,24185,1,22,37422,1,22,False,12234,12234,0,812,False,False,False,True,H1,H0,0.9999999999997984,0.8178463015115104,0.7709117531776428,True,True,True,False,True,False,
1279,131402,0,136,131402,0,136,False,102897,102897,1,182,False,False,False,True,H0,H0,1.0,0.6873615493132029,0.7709117531776428,True,False,False,False,False,False,
1280,123160,0,127,117769,0,127,False,118612,118612,0,127,False,False,True,False,H0,H0,0.7544868666349706,0.7381854454098958,0.7709117531776428,False,False,False,False,False,False,
1281,34617,0,1020,87733,0,1020,False,186704,186704,0,1020,False,False,True,False,H0,H0,0.7758612810398208,0.7319672622297779,0.7709117531776428,True,False,False,False,False,False,
1282,149664,0,750,89384,0,750,False,96692,96692,0,750,False,False,True,False,H0,H0,0.7137598097991738,0.785304622251161,0.7709117531776428,False,True,True,False,True,False,
1283,31820,0,960,22060,1,960,False,31820,31820,0,960,False,False,True,False,H0,H0,0.7450116226910102,0.9999999999999998,0.7709117531776428,False,True,True,False,False,True,self_pair
1284,85669,0,555,49068,0,555,False,198641,198641,0,821,False,False,False,True,H0,H0,0.681607728135629,0.6131749375006094,0.7709117531776428,False,False,False,False,False,False,
1285,91286,0,801,168783,0,801,False,133002,133002,0,992,False,False,False,True,H0,H0,0.6022789586416805,0.6325468438477645,0.7709117531776428,False,False,False,False,False,False,
1286,140522,0,675,140522,0,675,False,64846,64846,0,675,False,False,True,False,H0,H0,1.0,0.7896858245052342,0.7709117531776428,True,True,True,False,True,False,
1287,103073,0,225,101871,0,225,False,102462,102462,1,224,False,False,False,True,H0,H0,0.9999999999999998,0.8649517907425945,0.7709117531776428,True,True,True,False,True,False,
1288,183493,0,212,182730,0,212,False,132400,132400,0,405,False,False,False,True,H0,H0,0.7662958008138265,0.5505665628984532,0.7709117531776428,False,False,False,False,False,False,
1289,129175,0,697,101620,1,697,True,129175,129175,0,697,False,True,True,False,H0,H0,0.6791864572201326,0.9999999999999999,0.7709117531776428,False,True,True,False,False,True,self_pair
1290,14699,1,319,180668,0,319,False,4021,4021,0,1096,False,False,False,True,H0,H0,0.7520521598851589,0.6937554507732149,0.7709117531776428,False,False,False,False,False,False,
1291,170680,0,477,120348,0,477,False,48870,48870,1,64,False,False,False,True,H0,H0,0.5564785571597787,0.6333112968922342,0.7709117531776428,False,False,False,False,False,False,
1292,144333,1,746,138527,0,746,False,144333,144333,1,746,False,False,True,False,H0,H1,0.803585760469365,0.9999999999999999,0.7709117531776428,True,True,True,False,False,True,self_pair
1293,58337,0,497,191899,0,497,True,58337,58337,0,497,False,True,True,False,H0,H0,0.6134116124732757,1.0,0.7709117531776428,False,True,True,False,False,True,self_pair
1294,138596,0,671,198082,0,671,False,55385,55385,0,119,False,False,False,True,H0,H0,0.6009167866270027,0.6069086068922126,0.7709117531776428,False,False,False,False,False,False,
1295,121392,1,200,122518,1,200,True,121392,121392,1,200,False,True,True,False,H1,H1,1.0000000000000002,1.0000000000000002,0.7709117531776428,True,True,True,False,False,True,self_pair
1296,149681,0,718,133710,1,718,False,149681,149681,0,718,False,False,True,False,H0,H0,0.6920462592724129,1.0,0.7709117531776428,False,True,True,False,False,True,self_pair
1297,53103,1,790,90358,0,790,True,53103,53103,1,790,False,False,True,False,H0,H1,0.6266932227418814,0.9999999999999999,0.7709117531776428,False,True,True,False,False,True,self_pair
1298,46608,0,1036,13229,0,1036,False,153356,153356,0,1099,False,False,False,True,H0,H0,0.5989996798450502,0.6299862509357633,0.7709117531776428,False,False,False,False,False,False,
1299,155168,0,588,155168,0,588,False,194560,194560,0,666,False,False,False,True,H0,H0,1.0,0.6211974205520906,0.7709117531776428,True,False,False,False,False,False,
1300,166337,1,112,166337,1,112,True,166337,166337,1,112,True,True,True,False,H1,H1,1.0000000000000002,1.0000000000000002,0.7709117531776428,True,True,True,False,False,True,self_pair
1301,195299,0,121,167316,1,121,False,187944,187944,0,121,False,False,True,False,H0,H0,0.6311819479045738,0.6401410565892638,0.7709117531776428,False,False,False,False,False,False,
1302,170683,0,750,89384,0,750,False,127309,127309,0,750,False,False,True,False,H0,H0,0.7804640171211074,0.8649536069012718,0.7709117531776428,True,True,True,False,True,False,
1303,22079,1,960,22060,1,960,False,22072,22072,0,960,False,False,True,False,H1,H0,0.6272133441179579,0.6972021928663973,0.7709117531776428,False,False,False,False,False,False,
1304,138382,0,367,144869,0,367,False,165395,165395,1,367,False,False,True,False,H0,H0,0.7595891068588105,0.7992047210067869,0.7709117531776428,False,True,True,False,True,False,
1305,46035,0,1096,3995,0,1096,False,46035,46035,0,1096,False,False,True,False,H0,H0,0.7343107454335795,1.0,0.7709117531776428,False,True,True,False,False,True,self_pair
1306,64846,0,675,140522,0,675,False,64846,64846,0,675,False,False,True,False,H0,H0,0.7896858245052342,1.0,0.7709117531776428,True,True,True,False,False,True,self_pair
1307,26147,0,932,125453,0,932,True,26147,26147,0,932,False,False,True,False,H0,H0,0.642878271828813,1.0,0.7709117531776428,False,True,True,False,False,True,self_pair
1308,40595,1,821,61597,0,821,False,40595,40595,1,821,False,False,True,False,H0,H1,0.8603727009682286,1.0,0.7709117531776428,True,True,True,False,False,True,self_pair
1309,34303,0,697,101620,1,697,True,34303,34303,0,697,False,False,True,False,H0,H0,0.5627049536892641,1.0000000000000002,0.7709117531776428,False,True,True,False,False,True,self_pair
1310,142358,0,952,111669,0,952,False,168076,168076,0,463,False,False,False,True,H0,H0,0.5213871698217686,0.5545741529259581,0.7709117531776428,False,False,False,False,False,False,
1311,191114,0,74,191114,0,74,False,155820,155820,0,201,False,False,False,True,H0,H0,1.0,0.8473287412216565,0.7709117531776428,True,True,True,False,True,False,
1312,125599,0,713,165733,0,713,False,171273,171273,0,713,False,False,True,False,H0,H0,0.7533239851100438,0.7022375609529369,0.7709117531776428,False,False,False,False,False,False,
1313,111965,0,457,27700,1,457,False,22186,22186,0,457,False,False,True,False,H0,H0,0.6633711445562203,0.6624683804366479,0.7709117531776428,False,False,False,False,False,False,
1314,35495,1,897,35495,1,897,True,35495,35495,1,897,True,True,True,False,H1,H1,1.0,1.0,0.7709117531776428,True,True,True,False,False,True,self_pair
1315,95254,1,105,133683,1,105,False,168335,168335,0,158,False,False,False,True,H1,H0,0.9456474745332425,0.6755217678211846,0.7709117531776428,True,False,False,False,False,False,
1316,100110,0,565,100310,1,565,False,25868,25868,0,908,False,False,False,True,H0,H0,0.725439701111241,0.620407513462933,0.7709117531776428,False,False,False,False,False,False,
1317,90372,0,790,90358,0,790,True,90358,90358,0,790,True,True,True,False,H0,H0,0.7898728083911138,0.7898728083911138,0.7709117531776428,True,True,True,False,True,False,
1318,95510,0,656,186838,1,656,False,95510,95510,0,656,False,False,True,False,H0,H0,0.5434924566342155,1.0,0.7709117531776428,False,True,True,False,False,True,self_pair
1319,78713,0,295,78716,0,295,True,78713,78713,0,295,False,True,True,False,H0,H0,0.8570055180283677,1.0,0.7709117531776428,True,True,True,False,False,True,self_pair
1320,24919,0,944,93272,0,944,False,121766,121766,0,944,False,False,True,False,H0,H0,0.7096819156863823,0.6664673114385925,0.7709117531776428,False,False,False,False,False,False,
1321,153316,0,121,167316,1,121,False,197021,197021,0,121,False,False,True,False,H0,H0,0.7453760638344124,0.6963202565159535,0.7709117531776428,False,False,False,False,False,False,
1322,114648,0,660,114648,0,660,False,69499,69499,0,725,False,False,False,True,H0,H0,1.0000000000000002,0.7459635395354401,0.7709117531776428,True,False,False,False,False,False,
1323,4050,0,960,22060,1,960,False,4361,4361,1,960,False,False,True,False,H0,H0,0.8086004743656481,0.8940417614704208,0.7709117531776428,True,True,True,False,True,False,
1324,71442,0,367,144869,0,367,False,71442,71442,0,367,False,False,True,False,H0,H0,0.6963995628966433,0.9999999999999998,0.7709117531776428,False,True,True,False,False,True,self_pair
1325,181656,0,1096,3995,0,1096,False,181656,181656,0,1096,False,False,True,False,H0,H0,0.6634361716469954,1.0,0.7709117531776428,False,True,True,False,False,True,self_pair
1326,180597,0,675,140522,0,675,False,180597,180597,0,675,False,False,True,False,H0,H0,0.7615061852269971,1.0,0.7709117531776428,False,True,True,False,False,True,self_pair
1327,82969,0,932,125453,0,932,True,82969,82969,0,932,False,True,True,False,H0,H0,0.6723159435090355,1.0000000000000002,0.7709117531776428,False,True,True,False,False,True,self_pair
1328,93159,0,821,61597,0,821,False,93159,93159,0,821,False,False,True,False,H0,H0,0.6712299899678577,0.9999999999999999,0.7709117531776428,False,True,True,False,False,True,self_pair
1329,101620,1,697,101620,1,697,True,101620,101620,1,697,True,True,True,False,H1,H1,1.0000000000000002,1.0000000000000002,0.7709117531776428,True,True,True,False,False,True,self_pair
1330,154719,0,314,154728,0,314,False,63579,63579,0,539,False,False,False,True,H0,H0,0.5666735620108613,0.5916803583919509,0.7709117531776428,False,False,False,False,False,False,
1331,52447,0,725,47370,0,725,False,52447,52447,0,725,False,False,True,False,H0,H0,0.6877057249473572,1.0,0.7709117531776428,False,True,True,False,False,True,self_pair
1332,83637,0,746,138527,0,746,False,83637,83637,0,746,False,False,True,False,H0,H0,0.7731105752188755,1.0,0.7709117531776428,True,True,True,False,False,True,self_pair
1333,145308,0,497,191899,0,497,True,145308,145308,0,497,False,False,True,False,H0,H0,0.6099147320763413,1.0,0.7709117531776428,False,True,True,False,False,True,self_pair
1334,140022,0,897,35495,1,897,True,140022,140022,0,897,False,True,True,False,H0,H0,0.7280756705622426,1.0000000000000002,0.7709117531776428,False,True,True,False,False,True,self_pair
1335,106388,0,994,28393,0,994,False,129989,129989,0,1054,False,False,False,True,H0,H0,0.6879325052880227,0.6245189683674112,0.7709117531776428,False,False,False,False,False,False,
1336,45333,0,895,161914,0,895,False,83299,83299,0,895,False,False,True,False,H0,H0,0.6747207107842587,0.7258989574230766,0.7709117531776428,False,False,False,False,False,False,
1337,98434,0,738,113911,0,738,True,92867,92867,0,738,False,True,True,False,H0,H0,0.6028665121208912,0.6698720345121496,0.7709117531776428,False,False,False,False,False,False,
1338,70702,0,656,186838,1,656,False,70702,70702,0,656,False,False,True,False,H0,H0,0.6325559749818082,1.0000000000000002,0.7709117531776428,False,True,True,False,False,True,self_pair
1339,82706,0,295,78716,0,295,True,78716,78716,0,295,True,True,True,False,H0,H0,0.7827215971294933,0.7827215971294933,0.7709117531776428,True,True,True,False,True,False,
1340,166378,1,112,166337,1,112,True,166377,166377,1,112,False,True,True,False,H1,H1,0.9829983831265319,1.0,0.7709117531776428,True,True,True,True,False,False,
1341,34159,0,1050,59097,0,1050,False,86309,86309,0,1091,False,False,False,True,H0,H0,0.623431643599359,0.6234732171646601,0.7709117531776428,False,False,False,False,False,False,
1342,6504,0,750,89384,0,750,False,21693,21693,1,749,False,False,False,True,H0,H0,0.7333649929789319,0.7778937025875533,0.7709117531776428,False,True,True,False,True,False,
1343,22060,1,960,22060,1,960,False,22072,22072,0,960,False,False,True,False,H1,H0,0.9999999999999999,0.7892826744732444,0.7709117531776428,True,True,True,False,True,False,
1344,12957,1,229,10447,1,229,False,166765,166765,0,227,False,False,False,True,H1,H0,0.9137331372646136,0.7528330739528959,0.7709117531776428,True,False,False,False,False,False,
1345,112083,0,457,27700,1,457,False,77901,77901,1,107,False,False,False,True,H0,H0,0.7668416302292965,0.6601654231067611,0.7709117531776428,False,False,False,False,False,False,
1346,15452,0,675,140522,0,675,False,15452,15452,0,675,False,False,True,False,H0,H0,0.7261529522002904,0.9999999999999998,0.7709117531776428,False,True,True,False,False,True,self_pair
1347,74317,0,127,117769,0,127,False,119273,119273,0,127,False,False,True,False,H0,H0,0.5872054442833352,0.6032916294547079,0.7709117531776428,False,False,False,False,False,False,
1348,192182,0,821,61597,0,821,False,192182,192182,0,821,False,False,True,False,H0,H0,0.6594977951904524,1.0,0.7709117531776428,False,True,True,False,False,True,self_pair
1349,171518,0,127,117769,0,127,False,118336,118336,0,127,False,False,True,False,H0,H0,0.8045463113113885,0.8198855387352589,0.7709117531776428,True,True,True,False,True,False,
1350,171784,0,684,168020,0,684,False,174272,174272,0,626,False,False,False,True,H0,H0,0.6774835376829718,0.7464096358038584,0.7709117531776428,False,False,False,False,False,False,
1351,60603,0,725,47370,0,725,False,96652,96652,1,725,False,False,True,False,H0,H0,0.7659912067045975,0.8199457679497093,0.7709117531776428,False,True,True,False,True,False,
1352,182827,0,1088,182827,0,1088,False,186704,186704,0,1020,False,False,False,True,H0,H0,1.0000000000000002,0.723323551657122,0.7709117531776428,True,False,False,False,False,False,
1353,87050,0,497,191899,0,497,True,87050,87050,0,497,False,True,True,False,H0,H0,0.7036253988922261,0.9999999999999999,0.7709117531776428,False,True,True,False,False,True,self_pair
1354,89668,0,897,35495,1,897,True,89668,89668,0,897,False,True,True,False,H0,H0,0.6375383243994444,0.9999999999999998,0.7709117531776428,False,True,True,False,False,True,self_pair
1355,134387,0,200,122518,1,200,True,134387,134387,0,200,False,False,True,False,H0,H0,0.5451096465184744,1.0,0.7709117531776428,False,True,True,False,False,True,self_pair
1356,93645,0,718,133710,1,718,False,93645,93645,0,718,False,False,True,False,H0,H0,0.5431542991365279,1.0,0.7709117531776428,False,True,True,False,False,True,self_pair
1357,121446,1,790,90358,0,790,True,121446,121446,1,790,False,True,True,False,H0,H1,0.7102074424140933,1.0000000000000002,0.7709117531776428,False,True,True,False,False,True,self_pair
1358,42654,0,50,42654,0,50,False,179041,179041,0,57,False,False,False,True,H0,H0,1.0000000000000002,0.8017031893103747,0.7709117531776428,True,True,True,False,True,False,
1359,98421,0,780,82737,0,780,False,178075,178075,0,821,False,False,False,True,H0,H0,0.6149909572473101,0.6826975626515144,0.7709117531776428,False,False,False,False,False,False,
1360,50000,1,717,50000,1,717,False,18268,18268,0,711,False,False,False,True,H1,H0,1.0000000000000002,0.8044807484072434,0.7709117531776428,True,True,True,False,True,False,
1361,185316,0,121,167316,1,121,False,190971,190971,0,121,False,False,True,False,H0,H0,0.7991506967460684,0.7747175348059366,0.7709117531776428,True,True,True,False,True,False,
1362,32126,0,269,32240,0,269,False,17802,17802,1,616,False,False,False,True,H0,H0,0.9748997730091813,0.6572766449019789,0.7709117531776428,True,False,False,False,False,False,
1363,145056,0,1100,12436,0,1100,False,38600,38600,0,1026,False,False,False,True,H0,H0,0.715962205222353,0.6530492335462875,0.7709117531776428,False,False,False,False,False,False,
1364,67930,1,697,101620,1,697,True,67930,67930,1,697,False,True,True,False,H1,H1,0.7556483953977144,1.0000000000000002,0.7709117531776428,False,True,True,False,False,True,self_pair
1365,5726,1,362,5726,1,362,False,48870,48870,1,64,False,False,False,True,H1,H0,0.9999999999999999,0.6679368314815329,0.7709117531776428,True,False,False,False,False,False,
1366,162576,0,675,140522,0,675,False,162576,162576,0,675,False,False,True,False,H0,H0,0.7013374111260401,1.0,0.7709117531776428,False,True,True,False,False,True,self_pair
1367,111751,0,127,117769,0,127,False,119273,119273,0,127,False,False,True,False,H0,H0,0.7100483905363386,0.7396535127870161,0.7706029415130615,False,False,False,False,False,False,
1368,186498,0,821,61597,0,821,False,186498,186498,0,821,False,False,True,False,H0,H0,0.6710106643145439,1.0000000000000002,0.7706029415130615,False,True,True,False,False,True,self_pair
1369,125170,1,697,101620,1,697,True,125170,125170,1,697,False,True,True,False,H1,H1,0.7155494386784131,1.0000000000000002,0.7706029415130615,False,True,True,False,False,True,self_pair
1370,192279,0,404,74753,1,404,False,8679,8679,1,404,False,False,True,False,H0,H0,0.7184496506662674,0.8939254022376701,0.7706029415130615,False,True,True,False,True,False,
1371,8464,0,726,15648,0,726,False,96652,96652,1,725,False,False,False,True,H0,H0,0.6470289231794569,0.6967229821795332,0.7706029415130615,False,False,False,False,False,False,
1372,145932,1,746,138527,0,746,False,144333,144333,1,746,False,False,True,False,H0,H1,0.8189306225723569,0.9867501548322138,0.7706029415130615,True,True,True,True,False,False,
1373,71221,0,497,191899,0,497,True,71221,71221,0,497,False,True,True,False,H0,H0,0.6764841094572068,1.0,0.7706029415130615,False,True,True,False,False,True,self_pair
1374,119943,0,897,35495,1,897,True,119943,119943,0,897,False,True,True,False,H0,H0,0.6446049571234503,0.9999999999999999,0.7706029415130615,False,True,True,False,False,True,self_pair
1375,121324,0,200,122518,1,200,True,121324,121324,0,200,False,True,True,False,H0,H0,0.7274414239996575,0.9999999999999999,0.7706029415130615,False,True,True,False,False,True,self_pair
1376,179741,0,756,179741,0,756,False,28206,28206,0,586,False,False,False,True,H0,H0,1.0000000000000002,0.7840873649189447,0.7706029415130615,True,True,True,False,True,False,
1377,180263,0,1076,44118,0,1076,False,199038,199038,0,972,False,False,False,True,H0,H0,0.604414037763638,0.5861564761769446,0.7706029415130615,False,False,False,False,False,False,
1378,22126,0,313,27579,0,313,False,44974,44974,0,609,False,False,False,True,H0,H0,0.7567630538776468,0.595337073893863,0.7706029415130615,False,False,False,False,False,False,
1379,77822,1,107,77901,1,107,True,77901,77901,1,107,True,True,True,False,H1,H1,0.9999999999999999,0.9999999999999999,0.7706029415130615,True,True,True,True,False,False,
1380,165658,0,952,111669,0,952,False,168076,168076,0,463,False,False,False,True,H0,H0,0.562847941443308,0.6210456757189615,0.7706029415130615,False,False,False,False,False,False,
1381,184670,0,881,184721,0,881,False,168192,168192,0,914,False,False,False,True,H0,H0,0.8468776373902996,0.6187478032325585,0.7706029415130615,True,False,False,False,False,False,
1382,63022,1,750,89384,0,750,False,192706,192706,1,750,False,False,True,False,H0,H1,0.7854742572602084,0.9327737847363501,0.7706029415130615,True,True,True,True,False,False,
1383,28105,0,960,22060,1,960,False,28105,28105,0,960,False,False,True,False,H0,H0,0.7084100014028204,0.9999999999999999,0.7706029415130615,False,True,True,False,False,True,self_pair
1384,165395,1,367,144869,0,367,False,165395,165395,1,367,False,False,True,False,H0,H1,0.8211838829444454,1.0000000000000002,0.7706029415130615,True,True,True,False,False,True,self_pair
1385,8887,0,1096,3995,0,1096,False,8887,8887,0,1096,False,False,True,False,H0,H0,0.7263932310170325,1.0,0.7706029415130615,False,True,True,False,False,True,self_pair
1386,22228,0,580,19640,0,580,False,112083,112083,0,457,False,False,False,True,H0,H0,0.7646998994092947,0.5044295066876682,0.7706029415130615,False,False,False,False,False,False,
1387,117790,0,127,117769,0,127,False,190742,190742,0,127,False,False,True,False,H0,H0,0.6479652488551872,0.6679302643101622,0.7706029415130615,False,False,False,False,False,False,
1388,75788,0,821,61597,0,821,False,191860,191860,0,821,False,False,True,False,H0,H0,0.8444429186675728,0.7589246447536413,0.7706029415130615,True,False,False,False,False,False,
1389,181136,0,905,111466,0,905,True,111466,111466,0,905,True,True,True,False,H0,H0,0.6711006757915643,0.6711006757915643,0.7706029415130615,False,False,False,False,False,False,
1390,189230,0,241,197474,1,241,False,197498,197498,1,241,False,False,True,False,H0,H0,0.7858741620206932,0.750833749162123,0.7706029415130615,True,False,False,False,False,False,
1391,91269,1,725,47370,0,725,False,91269,91269,1,725,False,False,True,False,H0,H1,0.6714620133509657,0.9999999999999999,0.7706029415130615,False,True,True,False,False,True,self_pair
1392,138527,0,746,138527,0,746,False,6865,6865,0,746,False,False,True,False,H0,H0,1.0000000000000002,0.8313739544348862,0.7706029415130615,True,True,True,False,True,False,
1393,53594,0,937,53594,0,937,False,101348,101348,0,937,False,False,True,False,H0,H0,0.9999999999999998,0.6943626344790215,0.7706029415130615,True,False,False,False,False,False,
1394,101623,0,897,35495,1,897,True,89668,89668,0,897,False,False,True,False,H0,H0,0.6366186573652187,0.8273893907732732,0.7706029415130615,False,True,True,False,True,False,
1395,106358,0,200,122518,1,200,True,106358,106358,0,200,False,True,True,False,H0,H0,0.6998543845879629,1.0,0.7706029415130615,False,True,True,False,False,True,self_pair
1396,37198,1,718,133710,1,718,False,37198,37198,1,718,False,False,True,False,H1,H1,0.6516708765138801,1.0,0.7706029415130615,False,True,True,False,False,True,self_pair
1397,149985,1,790,90358,0,790,True,90358,90358,0,790,True,True,True,False,H0,H0,0.7721910928535731,0.7721910928535731,0.7706029415130615,True,True,True,False,True,False,
1398,152703,1,164,152696,1,164,False,66348,66348,1,299,False,False,False,True,H1,H0,0.999080956579302,0.6326894704020591,0.7706029415130615,True,False,False,False,False,False,
1399,45306,0,987,30219,0,987,False,169618,169618,0,466,False,False,False,True,H0,H0,0.6876688578790737,0.6500230452207468,0.7706029415130615,False,False,False,False,False,False,
1400,166050,1,112,166337,1,112,True,166050,166050,1,112,False,True,True,False,H1,H1,0.9881029604061293,0.9999999999999999,0.7706029415130615,True,True,True,False,False,True,self_pair
1401,77237,0,593,76267,0,593,False,92895,92895,0,593,False,False,True,False,H0,H0,0.5964665856601178,0.6605281957116618,0.7706029415130615,False,False,False,False,False,False,
1402,27622,0,750,89384,0,750,False,127309,127309,0,750,False,False,True,False,H0,H0,0.8584153438717262,0.8621669924271891,0.7706029415130615,True,True,True,False,True,False,
1403,141435,0,936,141435,0,936,False,139181,139181,0,935,False,False,False,True,H0,H0,1.0,0.8493206469414879,0.7706029415130615,True,True,True,False,True,False,
1404,193163,1,367,144869,0,367,False,165395,165395,1,367,False,False,True,False,H0,H1,0.8306215495086012,0.8413030935674891,0.7706029415130615,True,True,True,True,False,False,
1405,31511,0,1096,3995,0,1096,False,31511,31511,0,1096,False,False,True,False,H0,H0,0.71404501466419,1.0,0.7706029415130615,False,True,True,False,False,True,self_pair
1406,62341,0,127,117769,0,127,False,62318,62318,0,127,False,False,True,False,H0,H0,0.7647282006281456,0.8717803935153583,0.7706029415130615,False,True,True,False,True,False,
1407,20423,0,939,3105,0,939,False,85682,85682,0,939,False,False,True,False,H0,H0,0.6674678349945926,0.5954518961536167,0.7706029415130615,False,False,False,False,False,False,
1408,39516,1,821,61597,0,821,False,39516,39516,1,821,False,False,True,False,H0,H1,0.7116801131696938,1.0,0.7706029415130615,False,True,True,False,False,True,self_pair
1409,75445,0,1093,108764,0,1093,False,50034,50034,0,1093,False,False,True,False,H0,H0,0.6771813103487924,0.606680201844151,0.7706029415130615,False,False,False,False,False,False,
1410,30090,0,404,74753,1,404,False,30090,30090,0,404,False,False,True,False,H0,H0,0.7824639056191725,1.0000000000000002,0.7706029415130615,True,True,True,False,False,True,self_pair
1411,122583,1,725,47370,0,725,False,122583,122583,1,725,False,False,True,False,H0,H1,0.6958314426754479,0.9999999999999999,0.7706029415130615,False,True,True,False,False,True,self_pair
1412,189207,0,327,189146,0,327,False,189022,189022,1,327,False,False,True,False,H0,H0,0.7329796420909787,0.7355932497855127,0.7706029415130615,False,False,False,False,False,False,
1413,65140,0,812,12234,0,812,True,12234,12234,0,812,True,True,True,False,H0,H0,0.691934472686083,0.691934472686083,0.7706029415130615,False,False,False,False,False,False,
1414,73800,0,1072,94214,1,1072,False,120156,120156,0,1072,False,False,True,False,H0,H0,0.6407187483118915,0.7074716869319999,0.7706029415130615,False,False,False,False,False,False,
1415,110355,0,562,190724,0,562,False,86309,86309,0,1091,False,False,False,True,H0,H0,0.7706552638301882,0.6593474540748515,0.7706029415130615,True,False,False,False,False,False,
1416,18722,0,718,133710,1,718,False,18722,18722,0,718,False,False,True,False,H0,H0,0.7028485365226761,1.0,0.7706029415130615,False,True,True,False,False,True,self_pair
1417,98773,0,790,90358,0,790,True,98773,98773,0,790,False,True,True,False,H0,H0,0.5724826821450439,0.9999999999999998,0.7706029415130615,False,True,True,False,False,True,self_pair
1418,59725,1,463,59725,1,463,False,22126,22126,0,313,False,False,False,True,H1,H0,1.0,0.7036433430274667,0.7706029415130615,True,False,False,False,False,False,
1419,78716,0,295,78716,0,295,True,78716,78716,0,295,True,True,True,False,H0,H0,1.0000000000000002,1.0000000000000002,0.7706029415130615,True,True,True,False,False,True,self_pair
1420,166303,1,112,166337,1,112,True,166337,166337,1,112,True,True,True,False,H1,H1,0.9955461769017481,0.9955461769017481,0.7706029415130615,True,True,True,True,False,False,
1421,178490,0,121,167316,1,121,False,183964,183964,0,121,False,False,True,False,H0,H0,0.6157773861635109,0.8591584387357283,0.7706029415130615,False,True,True,False,True,False,
1422,196476,0,750,89384,0,750,False,127309,127309,0,750,False,False,True,False,H0,H0,0.6947378526725767,0.792774839213236,0.7706029415130615,False,True,True,False,True,False,
1423,89019,1,28,89019,1,28,False,77901,77901,1,107,False,False,False,True,H1,H0,1.0,0.7781632885401517,0.7706029415130615,True,True,True,False,True,False,
1424,144869,0,367,144869,0,367,False,163762,163762,0,367,False,False,True,False,H0,H0,1.0000000000000002,0.9647505104476884,0.7706029415130615,True,True,True,False,True,False,
1425,4021,0,1096,3995,0,1096,False,4021,4021,0,1096,False,False,True,False,H0,H0,0.7386509113162399,1.0000000000000002,0.7706029415130615,False,True,True,False,False,True,self_pair
1426,151212,1,766,151212,1,766,False,121411,121411,1,767,False,False,False,True,H1,H0,1.0,0.8325660039915027,0.7706029415130615,True,True,True,False,True,False,
1427,125453,0,932,125453,0,932,True,125453,125453,0,932,True,True,True,False,H0,H0,1.0,1.0,0.7706029415130615,True,True,True,False,False,True,self_pair
1428,142684,0,596,142632,0,596,False,145096,145096,1,150,False,False,False,True,H0,H0,0.9325308019475352,0.6671020409749714,0.7706029415130615,True,False,False,False,False,False,
1429,82952,1,697,101620,1,697,True,82952,82952,1,697,False,True,True,False,H1,H1,0.7161477919019588,1.0000000000000002,0.7706029415130615,False,True,True,False,False,True,self_pair
1430,156815,0,743,13107,0,743,True,13107,13107,0,743,True,True,True,False,H0,H0,0.750754295773971,0.750754295773971,0.7706029415130615,False,False,False,False,False,False,
1431,181048,0,728,119442,0,728,False,124414,124414,0,728,False,False,True,False,H0,H0,0.6383043267365007,0.6368470150002716,0.7706029415130615,False,False,False,False,False,False,
1432,75561,1,153,187941,0,153,True,187941,187941,0,153,True,True,True,False,H0,H0,0.8476878628388591,0.8476878628388591,0.7706029415130615,True,True,True,False,True,False,
1433,124803,0,343,21253,0,343,False,190475,190475,0,929,False,False,False,True,H0,H0,0.5587653097932781,0.5007231299531383,0.7706029415130615,False,False,False,False,False,False,
1434,8977,0,897,35495,1,897,True,8977,8977,0,897,False,True,True,False,H0,H0,0.7370350031742461,1.0,0.7706029415130615,False,True,True,False,False,True,self_pair
1435,106447,0,200,122518,1,200,True,106358,106358,0,200,False,True,True,False,H0,H0,0.7083692609962194,0.9887376026221169,0.7706029415130615,False,True,True,False,True,False,
1436,86907,0,700,39196,0,700,False,92479,92479,0,917,False,False,False,True,H0,H0,0.5502561725148798,0.6081689406813495,0.7706029415130615,False,False,False,False,False,False,
1437,80740,0,593,76267,0,593,False,77237,77237,0,593,False,False,True,False,H0,H0,0.6440298838984695,0.6198461585979195,0.7706029415130615,False,False,False,False,False,False,
1438,104686,0,656,186838,1,656,False,104686,104686,0,656,False,False,True,False,H0,H0,0.600400520070531,1.0000000000000002,0.7706029415130615,False,True,True,False,False,True,self_pair
1439,71880,0,895,161914,0,895,False,83299,83299,0,895,False,False,True,False,H0,H0,0.7645465818262712,0.8524747472968047,0.7706029415130615,False,True,True,False,True,False,
1440,114416,0,944,93272,0,944,False,121766,121766,0,944,False,False,True,False,H0,H0,0.6146586944432852,0.6075645497125227,0.7706029415130615,False,False,False,False,False,False,
1441,116426,0,313,27579,0,313,False,22126,22126,0,313,False,False,True,False,H0,H0,0.7786115478570292,0.7540276915260582,0.7706029415130615,True,False,False,False,False,False,
1442,6957,1,750,89384,0,750,False,192706,192706,1,750,False,False,True,False,H0,H1,0.7912704694399254,0.8710608749842752,0.7706029415130615,True,True,True,True,False,False,
1443,169344,1,290,169344,1,290,False,164952,164952,0,282,False,False,False,True,H1,H0,1.0,0.7211862420454113,0.7706029415130615,True,False,False,False,False,False,
1444,186486,1,367,144869,0,367,False,186486,186486,1,367,False,False,True,False,H0,H1,0.8317766903214827,0.9999999999999998,0.7706029415130615,True,True,True,False,False,True,self_pair
1445,22062,0,960,22060,1,960,False,22062,22062,0,960,False,False,True,False,H0,H0,0.7437123345568922,1.0,0.7706029415130615,False,True,True,False,False,True,self_pair
1446,87079,0,675,140522,0,675,False,64846,64846,0,675,False,False,True,False,H0,H0,0.8409635639430868,0.7753303681426328,0.7706029415130615,True,True,True,False,True,False,
1447,74516,1,932,125453,0,932,True,26147,26147,0,932,False,False,True,False,H0,H0,0.7039878432404064,0.8283825158452136,0.7706029415130615,False,True,True,False,True,False,
1448,45786,0,1026,38600,0,1026,True,38600,38600,0,1026,True,True,True,False,H0,H0,0.7369341667759314,0.7369341667759314,0.7706029415130615,False,False,False,False,False,False,
1449,65251,0,702,65251,0,702,False,40595,40595,1,821,False,False,False,True,H0,H0,1.0,0.6756732317620169,0.7706029415130615,True,False,False,False,False,False,
1450,129018,0,367,144869,0,367,False,129018,129018,0,367,False,False,True,False,H0,H0,0.6458675460050552,1.0000000000000002,0.7706029415130615,False,True,True,False,False,True,self_pair
1451,86498,0,725,47370,0,725,False,86498,86498,0,725,False,False,True,False,H0,H0,0.724615252767679,1.0,0.7706029415130615,False,True,True,False,False,True,self_pair
1452,92873,0,1075,148821,0,1075,False,163565,163565,0,404,False,False,False,True,H0,H0,0.6722780937296184,0.5607181002014702,0.7706029415130615,False,False,False,False,False,False,
1453,47721,0,497,191899,0,497,True,47721,47721,0,497,False,True,True,False,H0,H0,0.7285410668315314,1.0,0.7706029415130615,False,True,True,False,False,True,self_pair
1454,155402,0,911,15243,0,911,False,90745,90745,0,911,False,False,True,False,H0,H0,0.6919653590363247,0.6188384258987084,0.7706029415130615,False,False,False,False,False,False,
1455,78713,0,295,78716,0,295,True,78713,78713,0,295,False,True,True,False,H0,H0,0.8570055180283677,1.0,0.7706029415130615,True,True,True,False,False,True,self_pair
1456,40413,0,718,133710,1,718,False,40413,40413,0,718,False,False,True,False,H0,H0,0.7941916337918452,1.0,0.7706029415130615,True,True,True,False,False,True,self_pair
1457,169961,0,790,90358,0,790,True,169961,169961,0,790,False,True,True,False,H0,H0,0.6988990266175152,1.0,0.7706029415130615,False,True,True,False,False,True,self_pair
1458,186837,1,656,186838,1,656,False,186837,186837,1,656,False,False,True,False,H1,H1,0.9999999999999999,0.9999999999999999,0.7706029415130615,True,True,True,False,False,True,self_pair
1459,69675,0,295,78716,0,295,True,69675,69675,0,295,False,True,True,False,H0,H0,0.8307927044897239,1.0,0.7706029415130615,True,True,True,False,False,True,self_pair
1460,59434,0,161,54676,0,161,True,54676,54676,0,161,True,True,True,False,H0,H0,0.7468407672089185,0.7468407672089185,0.7706029415130615,False,False,False,False,False,False,
1461,151504,0,121,167316,1,121,False,190971,190971,0,121,False,False,True,False,H0,H0,0.7407033250598652,0.7557188027640847,0.7706029415130615,False,False,False,False,False,False,
1462,105402,0,895,161914,0,895,False,83299,83299,0,895,False,False,True,False,H0,H0,0.6310754418396164,0.5754881836400575,0.7706029415130615,False,False,False,False,False,False,
1463,98979,0,835,27722,0,835,True,27722,27722,0,835,True,True,True,False,H0,H0,0.7186006259512246,0.7186006259512246,0.7706029415130615,False,False,False,False,False,False,
1464,66256,0,965,101593,0,965,False,101597,101597,0,965,False,False,True,False,H0,H0,0.6868840072032465,0.685505203349084,0.7706029415130615,False,False,False,False,False,False,
1465,190861,0,884,187514,0,884,False,168207,168207,0,252,False,False,False,True,H0,H0,0.64807506301422,0.6310711590396808,0.7706029415130615,False,False,False,False,False,False,
1466,156695,0,121,167316,1,121,False,168454,168454,0,121,False,False,True,False,H0,H0,0.5746700855455844,0.740448190217902,0.7706029415130615,False,False,False,False,False,False,
1467,199631,0,93,39296,1,93,False,36143,36143,0,467,False,False,False,True,H0,H0,0.4107766680167461,0.5779580166810451,0.7706029415130615,False,False,False,False,False,False,
1468,180737,0,387,180737,0,387,False,197652,197652,0,571,False,False,False,True,H0,H0,0.9999999999999999,0.5900121573416457,0.7706029415130615,True,False,False,False,False,False,
1469,197610,0,969,197610,0,969,False,138291,138291,0,1039,False,False,False,True,H0,H0,0.9999999999999998,0.5959428814281359,0.7706029415130615,True,False,False,False,False,False,
1470,188305,0,404,74753,1,404,False,188305,188305,0,404,False,False,True,False,H0,H0,0.6610491411243361,1.0,0.7706029415130615,False,True,True,False,False,True,self_pair
1471,114326,0,889,114326,0,889,False,101867,101867,0,932,False,False,False,True,H0,H0,0.9999999999999999,0.558028931565138,0.7706029415130615,True,False,False,False,False,False,
1472,19370,1,746,138527,0,746,False,19370,19370,1,746,False,False,True,False,H0,H1,0.8027744263893299,0.9999999999999999,0.7706029415130615,True,True,True,False,False,True,self_pair
1473,185295,0,448,107502,0,448,False,164379,164379,0,444,False,False,False,True,H0,H0,0.6611939154948135,0.6468264125590987,0.7706029415130615,False,False,False,False,False,False,
1474,157387,0,897,35495,1,897,True,157387,157387,0,897,False,False,True,False,H0,H0,0.46776245712725245,1.0,0.7706029415130615,False,True,True,False,False,True,self_pair
1475,122518,1,200,122518,1,200,True,121392,121392,1,200,False,True,True,False,H1,H1,1.0000000000000002,1.0000000000000002,0.7706029415130615,True,True,True,True,False,False,
1476,13776,0,995,47385,1,995,False,27051,27051,0,1099,False,False,False,True,H0,H0,0.5866897990088092,0.5408404224380639,0.7706029415130615,False,False,False,False,False,False,
1477,79455,0,453,79455,0,453,False,130227,130227,0,1094,False,False,False,True,H0,H0,1.0000000000000002,0.5891249007089894,0.7706029415130615,True,False,False,False,False,False,
1478,186838,1,656,186838,1,656,False,186837,186837,1,656,False,False,True,False,H1,H1,0.9999999999999999,0.9999999999999999,0.7706029415130615,True,True,True,True,False,False,
1479,77327,0,295,78716,0,295,True,69675,69675,0,295,False,True,True,False,H0,H0,0.8143456909708287,0.8642512701695666,0.7706029415130615,True,True,True,False,True,False,
1480,166337,1,112,166337,1,112,True,166337,166337,1,112,True,True,True,False,H1,H1,1.0000000000000002,1.0000000000000002,0.7706029415130615,True,True,True,False,False,True,self_pair
1481,198082,0,671,198082,0,671,False,138596,138596,0,671,False,False,True,False,H0,H0,1.0,0.6009167866270027,0.7706029415130615,True,False,False,False,False,False,
1482,30531,0,1040,38973,0,1040,False,86309,86309,0,1091,False,False,False,True,H0,H0,0.7868282380523621,0.6359065340268181,0.7706029415130615,True,False,False,False,False,False,
1483,23039,0,960,22060,1,960,False,23039,23039,0,960,False,False,True,False,H0,H0,0.6757757819577885,0.9999999999999999,0.7706029415130615,False,True,True,False,False,True,self_pair
1484,137622,0,367,144869,0,367,False,137622,137622,0,367,False,False,True,False,H0,H0,0.6510639303306684,0.9999999999999999,0.7706029415130615,False,True,True,False,False,True,self_pair
1485,41932,0,1096,3995,0,1096,False,94077,94077,1,1096,False,False,True,False,H0,H0,0.884659267908532,0.7943094125334942,0.7706029415130615,True,True,True,False,True,False,
1486,76228,0,675,140522,0,675,False,76228,76228,0,675,False,False,True,False,H0,H0,0.6466602946123444,1.0,0.7706029415130615,False,True,True,False,False,True,self_pair
1487,147387,0,494,147388,0,494,False,130837,130837,0,494,False,False,True,False,H0,H0,0.8959875455836777,0.5370813069823267,0.7706029415130615,True,False,False,False,False,False,
1488,188061,0,615,188061,0,615,False,164379,164379,0,444,False,False,False,True,H0,H0,1.0000000000000002,0.696722864748173,0.7706029415130615,True,False,False,False,False,False,
1489,166783,0,720,166783,0,720,False,190169,190169,1,591,False,False,False,True,H0,H0,1.0,0.6955768044569126,0.7706029415130615,True,False,False,False,False,False,
1490,109111,0,404,74753,1,404,False,109111,109111,0,404,False,False,True,False,H0,H0,0.6943131775991347,0.9999999999999999,0.7706029415130615,False,True,True,False,False,True,self_pair
1491,120149,0,725,47370,0,725,False,120149,120149,0,725,False,False,True,False,H0,H0,0.7553137486634269,1.0,0.7706029415130615,False,True,True,False,False,True,self_pair
1492,80565,0,438,105899,0,438,False,92867,92867,0,738,False,False,False,True,H0,H0,0.6081447571696383,0.619175066073427,0.7706029415130615,False,False,False,False,False,False,
1493,122058,1,184,121786,0,184,False,197498,197498,1,241,False,False,False,True,H0,H0,0.9887888232883412,0.6262577815945815,0.7706029415130615,True,False,False,False,False,False,
1494,90730,0,248,104109,1,248,False,23168,23168,0,746,False,False,False,True,H0,H0,0.4260475545471465,0.5182587377613245,0.7706029415130615,False,False,False,False,False,False,
1495,123081,0,200,122518,1,200,True,123081,123081,0,200,False,True,True,False,H0,H0,0.6876565380735061,0.9999999999999998,0.7706029415130615,False,True,True,False,False,True,self_pair
1496,145015,0,718,133710,1,718,False,40413,40413,0,718,False,False,True,False,H0,H0,0.7231693927268548,0.7796465434463351,0.7706029415130615,False,True,True,False,True,False,
1497,22892,0,625,156105,0,625,False,98233,98233,0,625,False,False,True,False,H0,H0,0.6583475947934875,0.6510396702951354,0.7706029415130615,False,False,False,False,False,False,
1498,147181,0,338,147183,0,338,False,186704,186704,0,1020,False,False,False,True,H0,H0,0.6132081636157771,0.5755848876988349,0.7706029415130615,False,False,False,False,False,False,
1499,21365,0,822,21334,0,822,False,197498,197498,1,241,False,False,False,True,H0,H0,0.769822778292891,0.6184204005464667,0.7706029415130615,False,False,False,False,False,False,
1500,166377,1,112,166337,1,112,True,166377,166377,1,112,False,True,True,False,H1,H1,0.9829983831265319,1.0,0.7706029415130615,True,True,True,False,False,True,self_pair
1501,143742,0,121,167316,1,121,False,141654,141654,0,121,False,False,True,False,H0,H0,0.7225873309594999,0.6889677034889821,0.7706029415130615,False,False,False,False,False,False,
1502,82839,1,750,89384,0,750,False,21693,21693,1,749,False,False,False,True,H0,H0,0.7876281347181887,0.8891981283518423,0.7706029415130615,True,True,True,False,True,False,
1503,4361,1,960,22060,1,960,False,4361,4361,1,960,False,False,True,False,H1,H1,0.772271425392227,1.0,0.7706029415130615,True,True,True,False,False,True,self_pair
1504,156733,0,127,117769,0,127,False,118336,118336,0,127,False,False,True,False,H0,H0,0.7488152476997263,0.7514600568038786,0.7706029415130615,False,False,False,False,False,False,
1505,36497,1,1096,3995,0,1096,False,8887,8887,0,1096,False,False,True,False,H0,H0,0.6231074616486083,0.8077165573093009,0.7706029415130615,False,True,True,False,True,False,
1506,49296,1,675,140522,0,675,False,15452,15452,0,675,False,False,True,False,H0,H0,0.7927231370345612,0.7948953189297627,0.7706029415130615,True,True,True,False,True,False,
1507,176652,1,932,125453,0,932,True,176652,176652,1,932,False,True,True,False,H0,H1,0.724226968832529,1.0,0.7706029415130615,False,True,True,False,False,True,self_pair
1508,191860,0,821,61597,0,821,False,191860,191860,0,821,False,False,True,False,H0,H0,0.7749085313068768,0.9999999999999999,0.7706029415130615,True,True,True,False,False,True,self_pair
1509,55068,0,758,60104,0,758,False,124414,124414,0,728,False,False,False,True,H0,H0,0.6894480541696417,0.6399842378966498,0.7706029415130615,False,False,False,False,False,False,
1510,163565,0,404,74753,1,404,False,163565,163565,0,404,False,False,True,False,H0,H0,0.5795108456093554,1.0,0.7706029415130615,False,True,True,False,False,True,self_pair
1511,71743,1,344,71743,1,344,False,197652,197652,0,571,False,False,False,True,H1,H0,0.9999999999999999,0.7298300817307893,0.7706029415130615,True,False,False,False,False,False,
1512,124545,0,746,138527,0,746,False,124545,124545,0,746,False,False,True,False,H0,H0,0.6984268555422851,1.0,0.7706029415130615,False,True,True,False,False,True,self_pair
1513,12345,0,374,7665,0,374,False,144967,144967,0,374,False,False,True,False,H0,H0,0.9190972820642602,0.8078390393741367,0.7706029415130615,True,True,True,False,True,False,
1514,148532,0,897,35495,1,897,True,148532,148532,0,897,False,True,True,False,H0,H0,0.6010223498110188,1.0000000000000002,0.7706029415130615,False,True,True,False,False,True,self_pair
1515,122916,0,200,122518,1,200,True,122916,122916,0,200,False,True,True,False,H0,H0,0.9751825218573149,1.0000000000000002,0.7706029415130615,True,True,True,False,False,True,self_pair
1516,149681,0,718,133710,1,718,False,149681,149681,0,718,False,False,True,False,H0,H0,0.6920462592724129,1.0,0.7706029415130615,False,True,True,False,False,True,self_pair
1517,90372,0,790,90358,0,790,True,90358,90358,0,790,True,True,True,False,H0,H0,0.7898728083911138,0.7898728083911138,0.7706029415130615,True,True,True,False,True,False,
1518,95510,0,656,186838,1,656,False,95510,95510,0,656,False,False,True,False,H0,H0,0.5434924566342155,1.0,0.7706029415130615,False,True,True,False,False,True,self_pair
1519,168431,0,400,181759,0,400,False,102897,102897,1,182,False,False,False,True,H0,H0,0.6651875716276772,0.60444424054371,0.7706029415130615,False,False,False,False,False,False,
1520,166378,1,112,166337,1,112,True,166377,166377,1,112,False,True,True,False,H1,H1,0.9829983831265319,1.0,0.7706029415130615,True,True,True,True,False,False,
1521,93758,0,121,167316,1,121,False,189784,189784,0,121,False,False,True,False,H0,H0,0.4910098142498033,0.5846971576694204,0.7706029415130615,False,False,False,False,False,False,
1522,166480,0,750,89384,0,750,False,70674,70674,1,750,False,False,True,False,H0,H0,0.8649542991073492,0.8617088405763182,0.7706029415130615,True,True,True,False,True,False,
1523,37078,1,652,37141,1,652,False,32700,32700,0,541,False,False,False,True,H1,H0,0.9965382780342446,0.7461591371324658,0.7706029415130615,True,False,False,False,False,False,
1524,159162,0,367,144869,0,367,False,159162,159162,0,367,False,False,True,False,H0,H0,0.6920602957515241,1.0000000000000002,0.7706029415130615,False,True,True,False,False,True,self_pair
1525,83637,0,746,138527,0,746,False,83637,83637,0,746,False,False,True,False,H0,H0,0.7731105752188755,1.0,0.7706029415130615,True,True,True,False,False,True,self_pair
1526,121712,0,675,140522,0,675,False,180597,180597,0,675,False,False,True,False,H0,H0,0.74914082151739,0.7767525552388764,0.7706029415130615,False,True,True,False,True,False,
1527,128276,0,932,125453,0,932,True,128276,128276,0,932,False,True,True,False,H0,H0,0.7111739229278308,0.9999999999999999,0.7706029415130615,False,True,True,False,False,True,self_pair
1528,178075,0,821,61597,0,821,False,178075,178075,0,821,False,False,True,False,H0,H0,0.6445273594374096,0.9999999999999999,0.7706029415130615,False,True,True,False,False,True,self_pair
1529,113938,0,697,101620,1,697,True,113938,113938,0,697,False,True,True,False,H0,H0,0.6981172707229804,1.0000000000000002,0.7706029415130615,False,True,True,False,False,True,self_pair
1530,61954,0,404,74753,1,404,False,30090,30090,0,404,False,False,True,False,H0,H0,0.7459779972579944,0.7712947774471296,0.7706029415130615,False,True,True,False,True,False,
1531,45258,0,487,28559,0,487,False,63579,63579,0,539,False,False,False,True,H0,H0,0.5365537281350702,0.610759334797311,0.7706029415130615,False,False,False,False,False,False,
1532,5842,0,1072,94214,1,1072,False,73800,73800,0,1072,False,False,True,False,H0,H0,0.6894128760887598,0.6582315130147347,0.7706029415130615,False,False,False,False,False,False,
1533,58337,0,497,191899,0,497,True,58337,58337,0,497,False,True,True,False,H0,H0,0.6134116124732757,1.0,0.7706029415130615,False,True,True,False,False,True,self_pair
1534,61597,0,821,61597,0,821,False,40595,40595,1,821,False,False,True,False,H0,H0,0.9999999999999999,0.8603727009682286,0.7706029415130615,True,True,True,False,True,False,
1535,41205,1,263,20089,0,263,False,154752,154752,0,1034,False,False,False,True,H0,H0,0.6060645455127046,0.5898708762468647,0.7706029415130615,False,False,False,False,False,False,
1536,91662,0,1063,91662,0,1063,False,106148,106148,0,1059,False,False,False,True,H0,H0,0.9999999999999999,0.6331769243489116,0.7706029415130615,True,False,False,False,False,False,
1537,68245,0,790,90358,0,790,True,68245,68245,0,790,False,False,True,False,H0,H0,0.5102797781366151,1.0000000000000002,0.7706029415130615,False,True,True,False,False,True,self_pair
1538,93923,0,374,7665,0,374,False,144967,144967,0,374,False,False,True,False,H0,H0,0.8642929174757408,0.9480310975831315,0.7706029415130615,True,True,True,False,True,False,
1539,45472,0,533,144582,0,533,False,58049,58049,1,533,False,False,True,False,H0,H0,0.7337331893513674,0.781203038483772,0.7706029415130615,False,True,True,False,True,False,
1540,68738,0,627,177461,0,627,False,32126,32126,0,269,False,False,False,True,H0,H0,0.7230414076690687,0.7110974097603348,0.7706029415130615,False,False,False,False,False,False,
1541,171373,0,121,167316,1,121,False,153316,153316,0,121,False,False,True,False,H0,H0,0.6045304617178124,0.6505940661033199,0.7706029415130615,False,False,False,False,False,False,
1542,94077,1,1096,3995,0,1096,False,94077,94077,1,1096,False,False,True,False,H0,H1,0.7951741072510691,1.0,0.7706029415130615,True,True,True,False,False,True,self_pair
1543,22965,0,960,22060,1,960,False,22965,22965,0,960,False,False,True,False,H0,H0,0.656192699216015,1.0,0.7706029415130615,False,True,True,False,False,True,self_pair
1544,129018,0,367,144869,0,367,False,129018,129018,0,367,False,False,True,False,H0,H0,0.6458675460050552,1.0000000000000002,0.7706029415130615,False,True,True,False,False,True,self_pair
1545,178023,0,1096,3995,0,1096,False,4021,4021,0,1096,False,False,True,False,H0,H0,0.6821629780207757,0.7943711371377442,0.7706029415130615,False,True,True,False,True,False,
1546,140506,0,675,140522,0,675,False,64846,64846,0,675,False,False,True,False,H0,H0,0.8558982674751363,0.792419831894723,0.7706029415130615,True,True,True,False,True,False,
1547,60606,0,932,125453,0,932,True,60606,60606,0,932,False,False,True,False,H0,H0,0.6694852299458809,1.0000000000000002,0.7706029415130615,False,True,True,False,False,True,self_pair
1548,177913,0,821,61597,0,821,False,177913,177913,0,821,False,False,True,False,H0,H0,0.6717830081687115,1.0000000000000002,0.7706029415130615,False,True,True,False,False,True,self_pair
1549,173961,0,121,167316,1,121,False,153034,153034,0,121,False,False,True,False,H0,H0,0.6636256420440794,0.7467961843046096,0.7706029415130615,False,False,False,False,False,False,
1550,164594,0,684,168020,0,684,False,112458,112458,1,120,False,False,False,True,H0,H0,0.9713335533126376,0.6586196210314149,0.7706029415130615,True,False,False,False,False,False,
1551,15713,0,725,47370,0,725,False,15713,15713,0,725,False,False,True,False,H0,H0,0.833430994477354,1.0000000000000002,0.7706029415130615,True,True,True,False,False,True,self_pair
1552,98067,1,746,138527,0,746,False,98067,98067,1,746,False,False,True,False,H0,H1,0.7929412911227535,1.0,0.7706029415130615,True,True,True,False,False,True,self_pair
1553,127523,0,127,117769,0,127,False,119273,119273,0,127,False,False,True,False,H0,H0,0.6630425546799482,0.6807677431329464,0.7706029415130615,False,False,False,False,False,False,
1554,151584,0,771,124768,1,771,False,26147,26147,0,932,False,False,False,True,H0,H0,0.7712877486487901,0.6408408629350578,0.7706029415130615,True,False,False,False,False,False,
1555,174735,1,789,174735,1,789,False,39419,39419,1,425,False,False,False,True,H1,H0,0.9999999999999999,0.6737015453077233,0.7706029415130615,True,False,False,False,False,False,
1556,70669,1,718,133710,1,718,False,70669,70669,1,718,False,False,True,False,H1,H1,0.6533451395865641,0.9999999999999998,0.7706029415130615,False,True,True,False,False,True,self_pair
1557,121446,1,790,90358,0,790,True,121446,121446,1,790,False,True,True,False,H0,H1,0.7102074424140933,1.0000000000000002,0.7706029415130615,False,True,True,False,False,True,self_pair
1558,2071,0,976,5019,0,976,False,110113,110113,0,938,False,False,False,True,H0,H0,0.5638195697627778,0.5869114356900038,0.7706029415130615,False,False,False,False,False,False,
1559,193,0,345,59664,1,345,False,185295,185295,0,448,False,False,False,True,H0,H0,0.8314470320287798,0.6746054868837903,0.7706029415130615,True,False,False,False,False,False,
1560,126109,0,112,166337,1,112,True,126109,126109,0,112,False,True,True,False,H0,H0,0.6848540107151134,1.0,0.7706029415130615,False,True,True,False,False,True,self_pair
1561,160016,0,121,167316,1,121,False,161429,161429,0,121,False,False,True,False,H0,H0,0.6543281130607893,0.7980865540337075,0.7706029415130615,False,True,True,False,True,False,
1562,165458,0,713,165733,0,713,False,171273,171273,0,713,False,False,True,False,H0,H0,0.8423676336601499,0.7380807345545919,0.7706029415130615,True,False,False,False,False,False,
1563,22072,0,960,22060,1,960,False,22072,22072,0,960,False,False,True,False,H0,H0,0.7892826744732444,1.0,0.7706029415130615,True,True,True,False,False,True,self_pair
1564,126130,0,546,178188,1,546,False,125142,125142,0,429,False,False,False,True,H0,H0,0.7765792398073554,0.7817007257885812,0.7706029415130615,True,True,True,False,True,False,
1565,112157,0,221,135358,0,221,False,134964,134964,0,200,False,False,False,True,H0,H0,0.7214034212615279,0.6258203904049284,0.7706029415130615,False,False,False,False,False,False,
1566,29653,1,675,140522,0,675,False,15452,15452,0,675,False,False,True,False,H0,H0,0.7827845995132003,0.8061651049306143,0.7706029415130615,True,True,True,False,True,False,
1567,101867,0,932,125453,0,932,True,101867,101867,0,932,False,True,True,False,H0,H0,0.7500878999821887,0.9999999999999999,0.7706029415130615,False,True,True,False,False,True,self_pair
1568,34561,1,3,34687,1,3,False,59725,59725,1,463,False,False,False,True,H1,H0,1.0,0.6268633922798155,0.7706029415130615,True,False,False,False,False,False,
1569,103689,0,818,95111,1,818,False,91952,91952,0,725,False,False,False,True,H0,H0,0.6804190813927907,0.6358631074885892,0.7706029415130615,False,False,False,False,False,False,
1570,28041,0,488,28041,0,488,False,98421,98421,0,780,False,False,False,True,H0,H0,1.0,0.6174401209224728,0.7706029415130615,True,False,False,False,False,False,
1571,56263,0,675,140522,0,675,False,56263,56263,0,675,False,False,True,False,H0,H0,0.6497381867846741,1.0,0.7706029415130615,False,True,True,False,False,True,self_pair
1572,83637,0,746,138527,0,746,False,83637,83637,0,746,False,False,True,False,H0,H0,0.7731105752188755,1.0,0.7706029415130615,True,True,True,False,False,True,self_pair
1573,145308,0,497,191899,0,497,True,145308,145308,0,497,False,False,True,False,H0,H0,0.6099147320763413,1.0,0.7706029415130615,False,True,True,False,False,True,self_pair
1574,33552,0,971,145891,0,971,False,4361,4361,1,960,False,False,False,True,H0,H0,0.600590145510236,0.6090865667360983,0.7706029415130615,False,False,False,False,False,False,
1575,111705,0,221,135358,0,221,False,112157,112157,0,221,False,False,True,False,H0,H0,0.7475148135121359,0.6875050202589607,0.7706029415130615,False,False,False,False,False,False,
1576,93645,0,718,133710,1,718,False,93645,93645,0,718,False,False,True,False,H0,H0,0.5431542991365279,1.0,0.7706029415130615,False,True,True,False,False,True,self_pair
1577,197062,0,790,90358,0,790,True,197062,197062,0,790,False,True,True,False,H0,H0,0.6456322902840091,1.0,0.7706029415130615,False,True,True,False,False,True,self_pair
1578,189069,0,656,186838,1,656,False,189069,189069,0,656,False,False,True,False,H0,H0,0.5602651455159292,1.0,0.7706029415130615,False,True,True,False,False,True,self_pair
1579,64929,1,295,78716,0,295,True,65291,65291,1,295,False,True,True,False,H0,H1,0.7568951504670046,0.9759486903916018,0.7706029415130615,False,True,True,True,False,False,
1580,53917,0,750,89384,0,750,False,96692,96692,0,750,False,False,True,False,H0,H0,0.7995939873552265,0.8510552581044547,0.7706029415130615,True,True,True,False,True,False,
1581,138775,0,121,167316,1,121,False,187944,187944,0,121,False,False,True,False,H0,H0,0.6593321234425861,0.7244909044829866,0.7706029415130615,False,False,False,False,False,False,
1582,40908,1,750,89384,0,750,False,70674,70674,1,750,False,False,True,False,H0,H1,0.8843037369135792,0.9039873419254655,0.7706029415130615,True,True,True,True,False,False,
1583,32166,0,960,22060,1,960,False,32166,32166,0,960,False,False,True,False,H0,H0,0.7848368265003116,1.0,0.7706029415130615,True,True,True,False,False,True,self_pair
1584,196689,0,367,144869,0,367,False,196689,196689,0,367,False,False,True,False,H0,H0,0.5720114568758231,0.9999999999999999,0.7706029415130615,False,True,True,False,False,True,self_pair
1585,96486,0,625,156105,0,625,False,29638,29638,0,625,False,False,True,False,H0,H0,0.8409044501255913,0.8138870231075583,0.7706029415130615,True,True,True,False,True,False,
1586,60279,0,675,140522,0,675,False,64846,64846,0,675,False,False,True,False,H0,H0,0.9718381858908707,0.7854307932682703,0.7706029415130615,True,True,True,False,True,False,
1587,193952,0,932,125453,0,932,True,193952,193952,0,932,False,True,True,False,H0,H0,0.7486563153562836,1.0,0.7706029415130615,False,True,True,False,False,True,self_pair
1588,187210,0,821,61597,0,821,False,187210,187210,0,821,False,False,True,False,H0,H0,0.6346245543193787,1.0000000000000002,0.7706029415130615,False,True,True,False,False,True,self_pair
1589,11040,0,1077,151097,0,1077,False,50018,50018,0,894,False,False,False,True,H0,H0,0.547510548193188,0.6900878234350164,0.7706029415130615,False,False,False,False,False,False,
1590,74753,1,404,74753,1,404,False,30090,30090,0,404,False,False,True,False,H1,H0,1.0,0.7824639056191725,0.7706029415130615,True,True,True,False,True,False,
1591,52447,0,725,47370,0,725,False,52447,52447,0,725,False,False,True,False,H0,H0,0.6877057249473572,1.0,0.7706029415130615,False,True,True,False,False,True,self_pair
1592,91762,0,584,91762,0,584,False,94115,94115,0,1041,False,False,False,True,H0,H0,1.0,0.619378433743117,0.7706029415130615,True,False,False,False,False,False,
1593,87050,0,497,191899,0,497,True,87050,87050,0,497,False,True,True,False,H0,H0,0.7036253988922261,0.9999999999999999,0.7706029415130615,False,True,True,False,False,True,self_pair
1594,89668,0,897,35495,1,897,True,89668,89668,0,897,False,True,True,False,H0,H0,0.6375383243994444,0.9999999999999998,0.7706029415130615,False,True,True,False,False,True,self_pair
1595,134387,0,200,122518,1,200,True,134387,134387,0,200,False,False,True,False,H0,H0,0.5451096465184744,1.0,0.7706029415130615,False,True,True,False,False,True,self_pair
1596,76525,1,94,76641,1,94,True,76641,76641,1,94,True,True,True,False,H1,H1,0.9794987435692009,0.9794987435692009,0.7706029415130615,True,True,True,True,False,False,
1597,109680,0,127,117769,0,127,False,111751,111751,0,127,False,False,True,False,H0,H0,0.736838330037889,0.7629543645469847,0.7706029415130615,False,False,False,False,False,False,
1598,186825,1,656,186838,1,656,False,186837,186837,1,656,False,False,True,False,H1,H1,0.9079898910111464,0.9079898910111464,0.7706029415130615,True,True,True,True,False,False,
1599,112689,0,528,65115,1,528,False,23039,23039,0,960,False,False,False,True,H0,H0,0.661929909201602,0.627980851669317,0.7706029415130615,False,False,False,False,False,False,
1600,166303,1,112,166337,1,112,True,166337,166337,1,112,True,True,True,False,H1,H1,0.9955461769017481,0.9955461769017481,0.7706029415130615,True,True,True,True,False,False,
1601,194629,0,121,167316,1,121,False,116828,116828,0,121,False,False,True,False,H0,H0,0.7035555338359218,0.7256030778717978,0.7706029415130615,False,False,False,False,False,False,
1602,52612,0,568,107391,0,568,False,114340,114340,0,568,False,False,True,False,H0,H0,0.5455922695684514,0.5533759790488532,0.7706029415130615,False,False,False,False,False,False,
1603,43165,0,960,22060,1,960,False,43165,43165,0,960,False,False,True,False,H0,H0,0.7139328141868441,0.9999999999999999,0.7706029415130615,False,True,True,False,False,True,self_pair
1604,137901,0,367,144869,0,367,False,159162,159162,0,367,False,False,True,False,H0,H0,0.7000479612887641,0.981526944644052,0.7706029415130615,False,True,True,False,True,False,
1605,129598,0,478,181585,0,478,False,181293,181293,0,478,False,False,True,False,H0,H0,0.7729992797989117,0.7729992797989117,0.7706029415130615,True,True,True,False,True,False,
1606,93749,1,364,81404,1,364,False,65140,65140,0,812,False,False,False,True,H1,H0,0.9415320799812339,0.7193001322030621,0.7706029415130615,True,False,False,False,False,False,
1607,46663,0,665,46880,0,665,False,46422,46422,0,665,False,False,True,False,H0,H0,0.6992243468804643,0.6166256717005382,0.7706029415130615,False,False,False,False,False,False,
1608,121706,0,121,167316,1,121,False,122424,122424,0,121,False,False,True,False,H0,H0,0.695360498210568,0.7852985992303817,0.7706029415130615,False,True,True,False,True,False,
1609,101620,1,697,101620,1,697,True,101620,101620,1,697,True,True,True,False,H1,H1,1.0000000000000002,1.0000000000000002,0.7706029415130615,True,True,True,False,False,True,self_pair
1610,89776,0,660,114648,0,660,True,114648,114648,0,660,True,True,True,False,H0,H0,0.747781606082986,0.747781606082986,0.7706029415130615,False,False,False,False,False,False,
1611,170947,0,239,170947,0,239,False,58091,58091,0,648,False,False,False,True,H0,H0,1.0000000000000002,0.7045638462642794,0.7706029415130615,True,False,False,False,False,False,
1612,186987,0,433,186987,0,433,False,186794,186794,0,810,False,False,False,True,H0,H0,1.0,0.6186112241455028,0.7706029415130615,True,False,False,False,False,False,
1613,190549,0,895,161914,0,895,False,189689,189689,0,895,False,False,True,False,H0,H0,0.7110996893410284,0.7193326687385184,0.7706029415130615,False,False,False,False,False,False,
1614,119943,0,897,35495,1,897,True,119943,119943,0,897,False,True,True,False,H0,H0,0.6446049571234503,0.9999999999999999,0.7706029415130615,False,True,True,False,False,True,self_pair
1615,171282,0,1041,94115,0,1041,True,111548,111548,0,1042,False,True,False,True,H0,H0,0.6383643379072201,0.6598009533436462,0.7706029415130615,False,False,False,False,False,False,
1616,37198,1,718,133710,1,718,False,37198,37198,1,718,False,False,True,False,H1,H1,0.6516708765138801,1.0,0.7706029415130615,False,True,True,False,False,True,self_pair
1617,98773,0,790,90358,0,790,True,98773,98773,0,790,False,True,True,False,H0,H0,0.5724826821450439,0.9999999999999998,0.7706029415130615,False,True,True,False,False,True,self_pair
1618,35465,0,656,186838,1,656,False,35465,35465,0,656,False,False,True,False,H0,H0,0.6175572678060114,1.0000000000000002,0.7706029415130615,False,True,True,False,False,True,self_pair
1619,78716,0,295,78716,0,295,True,78716,78716,0,295,True,True,True,False,H0,H0,1.0000000000000002,1.0000000000000002,0.7706029415130615,True,True,True,False,False,True,self_pair
1620,37752,0,1100,12436,0,1100,False,45204,45204,0,1100,False,False,True,False,H0,H0,0.6747700657171856,0.7550228497620975,0.7706029415130615,False,False,False,False,False,False,
1621,193750,0,121,167316,1,121,False,161429,161429,0,121,False,False,True,False,H0,H0,0.593013136554628,0.7191460674345725,0.7706029415130615,False,False,False,False,False,False,
1622,110667,0,750,89384,0,750,False,96692,96692,0,750,False,False,True,False,H0,H0,0.8695806049850909,0.8005288723965376,0.7706029415130615,True,True,True,False,True,False,
1623,29204,0,1012,29204,0,1012,False,186704,186704,0,1020,False,False,False,True,H0,H0,1.0,0.7045321509793033,0.7706029415130615,True,False,False,False,False,False,
1624,167267,0,624,148963,0,624,False,68738,68738,0,627,False,False,False,True,H0,H0,0.6033589758664448,0.6259546563516459,0.7706029415130615,False,False,False,False,False,False,
1625,46035,0,1096,3995,0,1096,False,46035,46035,0,1096,False,False,True,False,H0,H0,0.7343107454335795,1.0,0.7706029415130615,False,True,True,False,False,True,self_pair
1626,64846,0,675,140522,0,675,False,64846,64846,0,675,False,False,True,False,H0,H0,0.7896858245052342,1.0,0.7706029415130615,True,True,True,False,False,True,self_pair
1627,79011,0,469,49297,0,469,False,94077,94077,1,1096,False,False,False,True,H0,H0,0.7721221355577446,0.7286459988082575,0.7706029415130615,True,False,False,False,False,False,
1628,13514,0,444,13514,0,444,False,164379,164379,0,444,False,False,True,False,H0,H0,1.0,0.7769660130072426,0.7706029415130615,True,True,True,False,True,False,
1629,161429,0,121,167316,1,121,False,161429,161429,0,121,False,False,True,False,H0,H0,0.6691331810854626,0.9999999999999999,0.7706029415130615,False,True,True,False,False,True,self_pair
1630,9743,0,458,9743,0,458,False,96652,96652,1,725,False,False,False,True,H0,H0,0.9999999999999999,0.7264007906882555,0.7706029415130615,True,False,False,False,False,False,
1631,36938,0,837,13396,0,837,True,13396,13396,0,837,True,True,True,False,H0,H0,0.7628068919981686,0.7628068919981686,0.7706029415130615,False,False,False,False,False,False,
1632,138527,0,746,138527,0,746,False,6865,6865,0,746,False,False,True,False,H0,H0,1.0000000000000002,0.8313739544348862,0.7706029415130615,True,True,True,False,True,False,
1633,37141,1,652,37141,1,652,False,37078,37078,1,652,False,False,True,False,H1,H1,1.0000000000000002,0.9965382780342446,0.7706029415130615,True,True,True,True,False,False,
1634,101623,0,897,35495,1,897,True,89668,89668,0,897,False,False,True,False,H0,H0,0.6366186573652187,0.8273893907732732,0.7706029415130615,False,True,True,False,True,False,
1635,18648,0,190,55811,1,190,False,18299,18299,0,190,False,False,True,False,H0,H0,0.708283032375695,0.8897525952383194,0.7706029415130615,False,True,True,False,True,False,
1636,18722,0,718,133710,1,718,False,18722,18722,0,718,False,False,True,False,H0,H0,0.7028485365226761,1.0,0.7706029415130615,False,True,True,False,False,True,self_pair
1637,90358,0,790,90358,0,790,True,90358,90358,0,790,True,True,True,False,H0,H0,0.9999999999999999,0.9999999999999999,0.7709117531776428,True,True,True,False,False,True,self_pair
1638,188204,0,418,167620,0,418,False,69042,69042,0,942,False,False,False,True,H0,H0,0.6192096868656879,0.562299323357031,0.7709117531776428,False,False,False,False,False,False,
1639,147050,0,770,147050,0,770,False,148616,148616,0,612,False,False,False,True,H0,H0,1.0,0.633117353838941,0.7709117531776428,True,False,False,False,False,False,
1640,166057,1,112,166337,1,112,True,166050,166050,1,112,False,True,True,False,H1,H1,0.9881029604061293,0.9999999999999999,0.7709117531776428,True,True,True,True,False,False,
1641,44076,0,1034,142425,0,1034,False,154752,154752,0,1034,False,False,True,False,H0,H0,0.7283991352486573,0.6894173629993076,0.7709117531776428,False,False,False,False,False,False,
1642,123328,0,875,123328,0,875,False,91952,91952,0,725,False,False,False,True,H0,H0,0.9999999999999999,0.7092756955559208,0.7709117531776428,True,False,False,False,False,False,
1643,31820,0,960,22060,1,960,False,31820,31820,0,960,False,False,True,False,H0,H0,0.7450116226910102,0.9999999999999998,0.7709117531776428,False,True,True,False,False,True,self_pair
1644,138382,0,367,144869,0,367,False,165395,165395,1,367,False,False,True,False,H0,H0,0.7595891068588105,0.7992047210067869,0.7709117531776428,False,True,True,False,True,False,
1645,181656,0,1096,3995,0,1096,False,181656,181656,0,1096,False,False,True,False,H0,H0,0.6634361716469954,1.0,0.7709117531776428,False,True,True,False,False,True,self_pair
1646,180597,0,675,140522,0,675,False,180597,180597,0,675,False,False,True,False,H0,H0,0.7615061852269971,1.0,0.7706029415130615,False,True,True,False,False,True,self_pair
1647,178063,0,932,125453,0,932,True,178063,178063,0,932,False,True,True,False,H0,H0,0.7562856511947479,0.9999999999999999,0.7706029415130615,False,True,True,False,False,True,self_pair
1648,61597,0,821,61597,0,821,False,40595,40595,1,821,False,False,True,False,H0,H0,0.9999999999999999,0.8603727009682286,0.7706029415130615,True,True,True,False,True,False,
1649,125170,1,697,101620,1,697,True,125170,125170,1,697,False,True,True,False,H1,H1,0.7155494386784131,1.0000000000000002,0.7706029415130615,False,True,True,False,False,True,self_pair
1650,107324,0,690,107324,0,690,False,113938,113938,0,697,False,False,False,True,H0,H0,1.0,0.718973452361783,0.7706029415130615,True,False,False,False,False,False,
1651,91269,1,725,47370,0,725,False,91269,91269,1,725,False,False,True,False,H0,H1,0.6714620133509657,0.9999999999999999,0.7706029415130615,False,True,True,False,False,True,self_pair
1652,23168,0,746,138527,0,746,False,23168,23168,0,746,False,False,True,False,H0,H0,0.6087629611535685,0.9999999999999999,0.7706029415130615,False,True,True,False,False,True,self_pair
1653,47848,0,497,191899,0,497,True,47848,47848,0,497,False,True,True,False,H0,H0,0.6327606477790734,0.9999999999999999,0.7706029415130615,False,True,True,False,False,True,self_pair
1654,187906,0,897,35495,1,897,True,187906,187906,0,897,False,True,True,False,H0,H0,0.6082418321431508,1.0,0.7706029415130615,False,True,True,False,False,True,self_pair
1655,53741,0,521,22386,0,521,False,9981,9981,0,176,False,False,False,True,H0,H0,0.5355346882171371,0.6506037131968397,0.7706029415130615,False,False,False,False,False,False,
1656,116350,0,872,116350,0,872,False,71743,71743,1,344,False,False,False,True,H0,H0,0.9999999999999998,0.7110497434043778,0.7706029415130615,True,False,False,False,False,False,
1657,144353,0,730,73955,0,730,False,93159,93159,0,821,False,False,False,True,H0,H0,0.5413736026445525,0.5359339437219797,0.7706029415130615,False,False,False,False,False,False,
1658,186837,1,656,186838,1,656,False,186837,186837,1,656,False,False,True,False,H1,H1,0.9999999999999999,0.9999999999999999,0.7706029415130615,True,True,True,False,False,True,self_pair
1659,78433,0,1050,59097,0,1050,False,59091,59091,0,1050,False,False,True,False,H0,H0,0.6012987572769437,0.667295731100547,0.7706029415130615,False,False,False,False,False,False,
1660,166337,1,112,166337,1,112,True,166337,166337,1,112,True,True,True,False,H1,H1,1.0000000000000002,1.0000000000000002,0.7706029415130615,True,True,True,False,False,True,self_pair
1661,20056,0,1067,20056,0,1067,False,11040,11040,0,1077,False,False,False,True,H0,H0,0.9999999999999999,0.6849260767254098,0.7706029415130615,True,False,False,False,False,False,
1662,70674,1,750,89384,0,750,False,70674,70674,1,750,False,False,True,False,H0,H1,0.869450251612307,1.0,0.7706029415130615,True,True,True,False,False,True,self_pair
1663,22079,1,960,22060,1,960,False,22079,22079,1,960,False,False,True,False,H1,H1,0.6272133441179579,1.0,0.7706029415130615,False,True,True,False,False,True,self_pair
1664,71442,0,367,144869,0,367,False,71442,71442,0,367,False,False,True,False,H0,H0,0.6963995628966433,0.9999999999999998,0.7706029415130615,False,True,True,False,False,True,self_pair
1665,107363,0,271,49378,0,271,False,32126,32126,0,269,False,False,False,True,H0,H0,0.6555509732696552,0.6678348746722111,0.7706029415130615,False,False,False,False,False,False,
1666,15452,0,675,140522,0,675,False,15452,15452,0,675,False,False,True,False,H0,H0,0.7261529522002904,0.9999999999999998,0.7706029415130615,False,True,True,False,False,True,self_pair
1667,195105,0,932,125453,0,932,True,195105,195105,0,932,False,True,True,False,H0,H0,0.7342936123786978,0.9999999999999998,0.7706029415130615,False,True,True,False,False,True,self_pair
1668,186498,0,821,61597,0,821,False,186498,186498,0,821,False,False,True,False,H0,H0,0.6710106643145439,1.0000000000000002,0.7706029415130615,False,True,True,False,False,True,self_pair
1669,16173,1,697,101620,1,697,True,101620,101620,1,697,True,True,True,False,H1,H1,0.7974396078406,0.7974396078406,0.7706029415130615,True,True,True,True,False,False,
1670,14568,1,999,14568,1,999,False,174573,174573,0,999,False,False,True,False,H1,H0,1.0,0.7050784276828304,0.7706029415130615,True,False,False,False,False,False,
1671,31360,0,271,49378,0,271,False,107363,107363,0,271,False,False,True,False,H0,H0,0.7600015900894322,0.7173503227697337,0.7706029415130615,False,False,False,False,False,False,
1672,1174,1,746,138527,0,746,False,19370,19370,1,746,False,False,True,False,H0,H1,0.7925834462838435,0.8492341923111049,0.7706029415130615,True,True,True,True,False,False,
1673,35495,1,897,35495,1,897,True,35495,35495,1,897,True,True,True,False,H1,H1,1.0,1.0,0.7706029415130615,True,True,True,False,False,True,self_pair
1674,69179,0,1041,94115,0,1041,True,111548,111548,0,1042,False,False,False,True,H0,H0,0.525980550237268,0.610117443074178,0.7706029415130615,False,False,False,False,False,False,
1675,161512,1,66,161512,1,66,False,155820,155820,0,201,False,False,False,True,H1,H0,1.0000000000000002,0.8860403940979434,0.7706029415130615,True,True,True,False,True,False,
1676,196143,0,409,84722,0,409,False,96608,96608,0,409,False,False,True,False,H0,H0,0.8016298463209871,0.7834631848150004,0.7706029415130615,True,True,True,False,True,False,
1677,128839,0,371,158069,0,371,False,6760,6760,0,1073,False,False,False,True,H0,H0,0.7902067460654,0.6848313348346472,0.7706029415130615,True,False,False,False,False,False,
1678,186838,1,656,186838,1,656,False,186837,186837,1,656,False,False,True,False,H1,H1,0.9999999999999999,0.9999999999999999,0.7706029415130615,True,True,True,True,False,False,
1679,7623,1,1055,54697,1,1055,False,105875,105875,0,791,False,False,False,True,H1,H0,0.7217937236242905,0.6362594667696385,0.7706029415130615,False,False,False,False,False,False,
1680,166377,1,112,166337,1,112,True,166377,166377,1,112,False,True,True,False,H1,H1,0.9829983831265319,1.0,0.7706029415130615,True,True,True,False,False,True,self_pair
1681,151972,0,1020,87733,0,1020,False,186704,186704,0,1020,False,False,True,False,H0,H0,0.8188777879385245,0.8564779474957724,0.7706029415130615,True,True,True,False,True,False,
1682,166794,0,124,166794,0,124,False,108263,108263,1,404,False,False,False,True,H0,H0,1.0000000000000002,0.6211147526449801,0.7706029415130615,True,False,False,False,False,False,
1683,86488,0,785,86488,0,785,False,63579,63579,0,539,False,False,False,True,H0,H0,1.0000000000000002,0.6334870392258656,0.7706029415130615,True,False,False,False,False,False,
1684,161497,0,367,144869,0,367,False,161497,161497,0,367,False,False,True,False,H0,H0,0.6601976061633476,1.0,0.7706029415130615,False,True,True,False,False,True,self_pair
1685,112495,0,1096,3995,0,1096,False,112495,112495,0,1096,False,False,True,False,H0,H0,0.6819740723809056,1.0000000000000002,0.7706029415130615,False,True,True,False,False,True,self_pair
1686,47768,0,42,87295,0,42,False,182348,182348,1,232,False,False,False,True,H0,H0,0.670607192754083,0.5600459795470132,0.7706029415130615,False,False,False,False,False,False,
1687,96542,0,932,125453,0,932,True,96542,96542,0,932,False,True,True,False,H0,H0,0.6940990012660271,1.0,0.7706029415130615,False,True,True,False,False,True,self_pair
1688,75788,0,821,61597,0,821,False,75788,75788,0,821,False,False,True,False,H0,H0,0.8444429186675728,0.9999999999999999,0.7706029415130615,True,True,True,False,False,True,self_pair
1689,15111,0,479,116301,0,479,False,164379,164379,0,444,False,False,False,True,H0,H0,0.7496325599750884,0.70975754581037,0.7706029415130615,False,False,False,False,False,False,
1690,57981,1,104,57981,1,104,False,46979,46979,1,103,False,False,False,True,H1,H0,1.0,0.9416972902392569,0.7706029415130615,True,True,True,False,True,False,
1691,36381,0,725,47370,0,725,False,36381,36381,0,725,False,False,True,False,H0,H0,0.6765752705075851,1.0,0.7706029415130615,False,True,True,False,False,True,self_pair
1692,62936,0,474,63143,0,474,False,61261,61261,0,474,False,False,True,False,H0,H0,0.6753094686696249,0.6869536672866523,0.7706029415130615,False,False,False,False,False,False,
1693,47721,0,497,191899,0,497,True,47721,47721,0,497,False,True,True,False,H0,H0,0.7285410668315314,1.0,0.7706029415130615,False,True,True,False,False,True,self_pair
1694,66370,0,551,199231,0,551,False,177913,177913,0,821,False,False,False,True,H0,H0,0.5650932220624638,0.5914551374845963,0.7706029415130615,False,False,False,False,False,False,
1695,171575,0,200,122518,1,200,True,171575,171575,0,200,False,True,True,False,H0,H0,0.706901713853956,1.0,0.7706029415130615,False,True,True,False,False,True,self_pair
1696,179164,0,71,166035,1,71,False,121446,121446,1,790,False,False,False,True,H0,H0,0.7951615958202047,0.5370906286423925,0.7706029415130615,True,False,False,False,False,False,
1697,53103,1,790,90358,0,790,True,53103,53103,1,790,False,False,True,False,H0,H1,0.6266932227418814,0.9999999999999999,0.7706029415130615,False,True,True,False,False,True,self_pair
1698,113420,0,1042,113095,0,1042,False,111548,111548,0,1042,False,False,True,False,H0,H0,0.8479925944718825,0.7991802305308883,0.7706029415130615,True,True,True,False,True,False,
1699,30785,0,763,144470,1,763,False,88433,88433,0,888,False,False,False,True,H0,H0,0.5831521568481685,0.5982497571866656,0.7706029415130615,False,False,False,False,False,False,
1700,55626,0,307,58774,0,307,False,59725,59725,1,463,False,False,False,True,H0,H0,0.6312607687136574,0.6837620233187461,0.7706029415130615,False,False,False,False,False,False,
1701,174711,0,448,107502,0,448,False,142684,142684,0,596,False,False,False,True,H0,H0,0.6761045431319933,0.6336874583683088,0.7706029415130615,False,False,False,False,False,False,
1702,46918,0,320,46918,0,320,False,114340,114340,0,568,False,False,False,True,H0,H0,1.0000000000000002,0.6594575196949716,0.7706029415130615,True,False,False,False,False,False,
1703,22060,1,960,22060,1,960,False,22072,22072,0,960,False,False,True,False,H1,H0,0.9999999999999999,0.7892826744732444,0.7706029415130615,True,True,True,False,True,False,
1704,184566,0,367,144869,0,367,False,159162,159162,0,367,False,False,True,False,H0,H0,0.7790026843619965,0.7901498080592448,0.7706029415130615,True,True,True,False,True,False,
1705,8887,0,1096,3995,0,1096,False,8887,8887,0,1096,False,False,True,False,H0,H0,0.7263932310170325,1.0,0.7706029415130615,False,True,True,False,False,True,self_pair
1706,140487,0,1048,39222,0,1048,False,4021,4021,0,1096,False,False,False,True,H0,H0,0.710682366689139,0.7131659578748712,0.7706029415130615,False,False,False,False,False,False,
1707,146585,0,449,146585,0,449,False,30335,30335,0,1070,False,False,False,True,H0,H0,1.0,0.5144920588954072,0.7706029415130615,True,False,False,False,False,False,
1708,39516,1,821,61597,0,821,False,39516,39516,1,821,False,False,True,False,H0,H1,0.7116801131696938,1.0,0.7706029415130615,False,True,True,False,False,True,self_pair
1709,65551,0,121,167316,1,121,False,161429,161429,0,121,False,False,True,False,H0,H0,0.7688137616639654,0.7648944221717422,0.7706029415130615,False,False,False,False,False,False,
1710,169863,0,404,74753,1,404,False,169863,169863,0,404,False,False,True,False,H0,H0,0.7050682945635162,1.0,0.7706029415130615,False,True,True,False,False,True,self_pair
1711,86498,0,725,47370,0,725,False,86498,86498,0,725,False,False,True,False,H0,H0,0.724615252767679,1.0,0.7706029415130615,False,True,True,False,False,True,self_pair
1712,19370,1,746,138527,0,746,False,19370,19370,1,746,False,False,True,False,H0,H1,0.8027744263893299,0.9999999999999999,0.7706029415130615,True,True,True,False,False,True,self_pair
1713,161252,1,66,161512,1,66,False,155820,155820,0,201,False,False,False,True,H1,H0,0.9956155300072006,0.8886332759556878,0.7706029415130615,True,True,True,False,True,False,
1714,177475,0,211,183012,0,211,False,179392,179392,0,211,False,False,True,False,H0,H0,0.8207508747821757,0.7317865863289943,0.7706029415130615,True,False,False,False,False,False,
1715,163237,0,256,163237,0,256,False,101979,101979,0,965,False,False,False,True,H0,H0,1.0,0.614432908572611,0.7706029415130615,True,False,False,False,False,False,
1716,145015,0,718,133710,1,718,False,40413,40413,0,718,False,False,True,False,H0,H0,0.7231693927268548,0.7796465434463351,0.7706029415130615,False,True,True,False,True,False,
1717,90372,0,790,90358,0,790,True,90358,90358,0,790,True,True,True,False,H0,H0,0.7898728083911138,0.7898728083911138,0.7706029415130615,True,True,True,False,True,False,
1718,95510,0,656,186838,1,656,False,95510,95510,0,656,False,False,True,False,H0,H0,0.5434924566342155,1.0,0.7706029415130615,False,True,True,False,False,True,self_pair
1719,78713,0,295,78716,0,295,True,78713,78713,0,295,False,True,True,False,H0,H0,0.8570055180283677,1.0,0.7706029415130615,True,True,True,False,False,True,self_pair
1720,149636,0,1094,112598,0,1094,False,130227,130227,0,1094,False,False,True,False,H0,H0,0.6290937529834819,0.6482960733714632,0.7706029415130615,False,False,False,False,False,False,
1721,132804,0,127,117769,0,127,False,145425,145425,0,127,False,False,True,False,H0,H0,0.7261299747081223,0.7946689473156172,0.7706029415130615,False,True,True,False,True,False,
1722,73817,0,418,167620,0,418,False,179392,179392,0,211,False,False,False,True,H0,H0,0.580738870096281,0.628401294645627,0.7706029415130615,False,False,False,False,False,False,
1723,4053,0,960,22060,1,960,False,22062,22062,0,960,False,False,True,False,H0,H0,0.7627855949986609,0.8320065174178675,0.7706029415130615,False,True,True,False,True,False,
1724,165395,1,367,144869,0,367,False,165395,165395,1,367,False,False,True,False,H0,H1,0.8211838829444454,1.0000000000000002,0.7706029415130615,True,True,True,False,False,True,self_pair
1725,84239,0,418,167620,0,418,False,188204,188204,0,418,False,False,True,False,H0,H0,0.6252704541345006,0.6651177900761439,0.7706029415130615,False,False,False,False,False,False,
1726,63060,0,675,140522,0,675,False,64846,64846,0,675,False,False,True,False,H0,H0,0.9718381858908707,0.7854307932682703,0.7706029415130615,True,True,True,False,True,False,
1727,125453,0,932,125453,0,932,True,125453,125453,0,932,True,True,True,False,H0,H0,1.0,1.0,0.7706029415130615,True,True,True,False,False,True,self_pair
1728,60963,0,374,7665,0,374,False,144967,144967,0,374,False,False,True,False,H0,H0,0.8498119615032472,0.8961104839403986,0.7706029415130615,True,True,True,False,True,False,
1729,85071,0,697,101620,1,697,True,85071,85071,0,697,False,False,True,False,H0,H0,0.5826501849424849,1.0000000000000002,0.7706029415130615,False,True,True,False,False,True,self_pair
1730,65333,0,971,145891,0,971,False,33552,33552,0,971,False,False,True,False,H0,H0,0.5414190143091311,0.555432094860037,0.7706029415130615,False,False,False,False,False,False,
1731,69499,0,725,47370,0,725,False,69499,69499,0,725,False,False,True,False,H0,H0,0.7708189321808595,1.0,0.7706029415130615,True,True,True,False,False,True,self_pair
1732,25167,1,277,30563,0,277,False,197498,197498,1,241,False,False,False,True,H0,H0,0.7217995334847831,0.665668068702639,0.7706029415130615,False,False,False,False,False,False,
1733,142632,0,596,142632,0,596,False,142684,142684,0,596,False,False,True,False,H0,H0,1.0,0.9325308019475352,0.7706029415130615,True,True,True,False,True,False,
1734,134865,0,848,134997,0,848,False,18268,18268,0,711,False,False,False,True,H0,H0,0.7965510884809658,0.6275147626149363,0.7706029415130615,True,False,False,False,False,False,
1735,123081,0,200,122518,1,200,True,123081,123081,0,200,False,True,True,False,H0,H0,0.6876565380735061,0.9999999999999998,0.7706029415130615,False,True,True,False,False,True,self_pair
1736,149681,0,718,133710,1,718,False,149681,149681,0,718,False,False,True,False,H0,H0,0.6920462592724129,1.0,0.7706029415130615,False,True,True,False,False,True,self_pair
1737,68245,0,790,90358,0,790,True,68245,68245,0,790,False,False,True,False,H0,H0,0.5102797781366151,1.0000000000000002,0.7706029415130615,False,True,True,False,False,True,self_pair
1738,6865,0,746,138527,0,746,False,6865,6865,0,746,False,False,True,False,H0,H0,0.8313739544348862,1.0000000000000002,0.7706029415130615,True,True,True,False,False,True,self_pair
1739,82706,0,295,78716,0,295,True,78716,78716,0,295,True,True,True,False,H0,H0,0.7827215971294933,0.7827215971294933,0.7706029415130615,True,True,True,False,True,False,
1740,126109,0,112,166337,1,112,True,126109,126109,0,112,False,True,True,False,H0,H0,0.6848540107151134,1.0,0.7706029415130615,False,True,True,False,False,True,self_pair
1741,193615,1,1096,3995,0,1096,False,193615,193615,1,1096,False,False,True,False,H0,H1,0.7026420621866272,1.0000000000000002,0.7706029415130615,False,True,True,False,False,True,self_pair
1742,89706,0,750,89384,0,750,False,192706,192706,1,750,False,False,True,False,H0,H0,0.8028889544398358,0.8305352687915201,0.7706029415130615,True,True,True,False,True,False,
1743,28105,0,960,22060,1,960,False,28105,28105,0,960,False,False,True,False,H0,H0,0.7084100014028204,0.9999999999999999,0.7706029415130615,False,True,True,False,False,True,self_pair
1744,156250,1,201,156463,1,201,False,155820,155820,0,201,False,False,True,False,H1,H0,0.9874660000241126,0.9583248866015895,0.7706029415130615,True,True,True,False,True,False,
1745,4021,0,1096,3995,0,1096,False,4021,4021,0,1096,False,False,True,False,H0,H0,0.7386509113162399,1.0000000000000002,0.7706029415130615,False,True,True,False,False,True,self_pair
1746,16329,0,675,140522,0,675,False,16329,16329,0,675,False,False,True,False,H0,H0,0.6704981072094035,1.0,0.7706029415130615,False,True,True,False,False,True,self_pair
1747,74516,1,932,125453,0,932,True,26147,26147,0,932,False,False,True,False,H0,H0,0.7039878432404064,0.8283825158452136,0.7706029415130615,False,True,True,False,True,False,
1748,51071,0,1081,55230,0,1081,False,192412,192412,0,1014,False,False,False,True,H0,H0,0.741246065274787,0.5841649503872484,0.7706029415130615,False,False,False,False,False,False,
1749,191850,0,697,101620,1,697,True,191850,191850,0,697,False,True,True,False,H0,H0,0.6713241160711222,1.0,0.7700810432434082,False,True,True,False,False,True,self_pair
1750,109111,0,404,74753,1,404,False,109111,109111,0,404,False,False,True,False,H0,H0,0.6943131775991347,0.9999999999999999,0.7700810432434082,False,True,True,False,False,True,self_pair
1751,83990,0,930,193978,0,930,False,6364,6364,0,1096,False,False,False,True,H0,H0,0.6297533147183151,0.6617957323585942,0.7700810432434082,False,False,False,False,False,False,
1752,124545,0,746,138527,0,746,False,124545,124545,0,746,False,False,True,False,H0,H0,0.6984268555422851,1.0,0.7700810432434082,False,True,True,False,False,True,self_pair
1753,37198,1,718,133710,1,718,False,37198,37198,1,718,False,False,True,False,H1,H1,0.6516708765138801,1.0,0.7700810432434082,False,True,True,False,False,True,self_pair
1754,148532,0,897,35495,1,897,True,148532,148532,0,897,False,True,True,False,H0,H0,0.6010223498110188,1.0000000000000002,0.7700810432434082,False,True,True,False,False,True,self_pair
1755,163420,0,1076,44118,0,1076,False,3878,3878,1,998,False,False,False,True,H0,H0,0.6258808905587588,0.7126766005632359,0.7700810432434082,False,False,False,False,False,False,
1756,133710,1,718,133710,1,718,False,40413,40413,0,718,False,False,True,False,H1,H0,0.9999999999999999,0.7941916337918452,0.7700810432434082,True,True,True,False,True,False,
1757,23845,0,165,64517,1,165,False,98233,98233,0,625,False,False,False,True,H0,H0,0.8447262606244622,0.7263696814518168,0.7700810432434082,True,False,False,False,False,False,
1758,98760,0,656,186838,1,656,False,98760,98760,0,656,False,False,True,False,H0,H0,0.7355060415869895,0.9999999999999999,0.7700810432434082,False,True,True,False,False,True,self_pair
1759,131113,0,121,167316,1,121,False,131113,131113,0,121,False,False,True,False,H0,H0,0.6428740248288178,0.9999999999999999,0.7700810432434082,False,True,True,False,False,True,self_pair
1760,47244,0,800,79185,0,800,True,79185,79185,0,800,True,True,True,False,H0,H0,0.6873402921742411,0.6873402921742411,0.7700810432434082,False,False,False,False,False,False,
1761,65551,0,121,167316,1,121,False,65551,65551,0,121,False,False,True,False,H0,H0,0.7688137616639654,1.0,0.7700810432434082,False,True,True,False,False,True,self_pair
1762,94628,0,538,115825,0,538,False,80565,80565,0,438,False,False,False,True,H0,H0,0.7862326115222446,0.6640967095123875,0.7700810432434082,True,False,False,False,False,False,
1763,22967,0,960,22060,1,960,False,4361,4361,1,960,False,False,True,False,H0,H0,0.8492296702585667,0.7887246629312089,0.7700810432434082,True,True,True,False,True,False,
1764,144869,0,367,144869,0,367,False,163762,163762,0,367,False,False,True,False,H0,H0,1.0000000000000002,0.9647505104476884,0.7700810432434082,True,True,True,False,True,False,
1765,155149,1,595,155149,1,595,False,127640,127640,0,597,False,False,False,True,H1,H0,1.0,0.6536575628608806,0.7700810432434082,True,False,False,False,False,False,
1766,87079,0,675,140522,0,675,False,64846,64846,0,675,False,False,True,False,H0,H0,0.8409635639430868,0.7753303681426328,0.7700810432434082,True,True,True,False,True,False,
1767,75031,0,932,125453,0,932,True,75031,75031,0,932,False,True,True,False,H0,H0,0.7111550286093065,1.0,0.7700810432434082,False,True,True,False,False,True,self_pair
1768,184106,0,642,192937,0,642,False,66780,66780,0,654,False,False,False,True,H0,H0,0.4606748320897255,0.6314236807576549,0.7700810432434082,False,False,False,False,False,False,
1769,32967,0,697,101620,1,697,True,32967,32967,0,697,False,True,True,False,H0,H0,0.6593948354731831,0.9999999999999998,0.7700810432434082,False,True,True,False,False,True,self_pair
1770,163565,0,404,74753,1,404,False,163565,163565,0,404,False,False,True,False,H0,H0,0.5795108456093554,1.0,0.7700810432434082,False,True,True,False,False,True,self_pair
1771,91952,0,725,47370,0,725,False,91952,91952,0,725,False,False,True,False,H0,H0,0.6854288124274877,1.0,0.7700810432434082,False,True,True,False,False,True,self_pair
1772,144333,1,746,138527,0,746,False,144333,144333,1,746,False,False,True,False,H0,H1,0.803585760469365,0.9999999999999999,0.7700810432434082,True,True,True,False,False,True,self_pair
1773,58337,0,497,191899,0,497,True,58337,58337,0,497,False,True,True,False,H0,H0,0.6134116124732757,1.0,0.7700810432434082,False,True,True,False,False,True,self_pair
1774,171956,0,445,147291,1,445,False,182449,182449,0,786,False,False,False,True,H0,H0,0.8229724347746813,0.7240648984912429,0.7700810432434082,True,False,False,False,False,False,
1775,121392,1,200,122518,1,200,True,121392,121392,1,200,False,True,True,False,H1,H1,1.0000000000000002,1.0000000000000002,0.7700810432434082,True,True,True,False,False,True,self_pair
1776,70669,1,718,133710,1,718,False,70669,70669,1,718,False,False,True,False,H1,H1,0.6533451395865641,0.9999999999999998,0.7700810432434082,False,True,True,False,False,True,self_pair
1777,197713,0,887,119358,0,887,False,168207,168207,0,252,False,False,False,True,H0,H0,0.6541443252535514,0.6378115799709904,0.7700810432434082,False,False,False,False,False,False,
1778,189069,0,656,186838,1,656,False,189069,189069,0,656,False,False,True,False,H0,H0,0.5602651455159292,1.0,0.7700810432434082,False,True,True,False,False,True,self_pair
1779,64929,1,295,78716,0,295,True,65291,65291,1,295,False,True,True,False,H0,H1,0.7568951504670046,0.9759486903916018,0.7700810432434082,False,True,True,True,False,False,
1780,166303,1,112,166337,1,112,True,166337,166337,1,112,True,True,True,False,H1,H1,0.9955461769017481,0.9955461769017481,0.7700810432434082,True,True,True,True,False,False,
1781,175336,0,121,167316,1,121,False,175336,175336,0,121,False,False,True,False,H0,H0,0.6862639083386686,0.9999999999999998,0.7700810432434082,False,True,True,False,False,True,self_pair
1782,59016,0,738,113911,0,738,True,113911,113911,0,738,True,True,True,False,H0,H0,0.7674089858569594,0.7674089858569594,0.7700810432434082,False,False,False,False,False,False,
1783,40662,0,960,22060,1,960,False,40662,40662,0,960,False,False,True,False,H0,H0,0.7779738092236813,1.0,0.7700810432434082,True,True,True,False,False,True,self_pair
1784,186486,1,367,144869,0,367,False,186486,186486,1,367,False,False,True,False,H0,H1,0.8317766903214827,0.9999999999999998,0.7700810432434082,True,True,True,False,False,True,self_pair
1785,77648,1,505,77648,1,505,False,76641,76641,1,94,False,False,False,True,H1,H0,1.0,0.9509332474479562,0.7700810432434082,True,True,True,False,True,False,
1786,56263,0,675,140522,0,675,False,56263,56263,0,675,False,False,True,False,H0,H0,0.6497381867846741,1.0,0.7700810432434082,False,True,True,False,False,True,self_pair
1787,154177,0,932,125453,0,932,True,154177,154177,0,932,False,False,True,False,H0,H0,0.6825801126361793,1.0000000000000002,0.7700810432434082,False,True,True,False,False,True,self_pair
1788,192182,0,821,61597,0,821,False,192182,192182,0,821,False,False,True,False,H0,H0,0.6594977951904524,1.0,0.7700810432434082,False,True,True,False,False,True,self_pair
1789,152120,0,864,99617,0,864,False,197713,197713,0,887,False,False,False,True,H0,H0,0.5328168899836239,0.6391533063574006,0.7700810432434082,False,False,False,False,False,False,
1790,61954,0,404,74753,1,404,False,30090,30090,0,404,False,False,True,False,H0,H0,0.7459779972579944,0.7712947774471296,0.7700810432434082,False,True,True,False,True,False,
1791,7928,0,725,47370,0,725,False,7928,7928,0,725,False,False,True,False,H0,H0,0.7602626142404892,0.9999999999999998,0.7700810432434082,False,True,True,False,False,True,self_pair
1792,49177,0,614,99050,0,614,False,47394,47394,0,634,False,False,False,True,H0,H0,0.5131477563191822,0.5292773403903605,0.7700810432434082,False,False,False,False,False,False,
1793,184376,0,497,191899,0,497,True,184376,184376,0,497,False,False,True,False,H0,H0,0.4945016946737908,0.9999999999999999,0.7696852684020996,False,True,True,False,False,True,self_pair
1794,35495,1,897,35495,1,897,True,35495,35495,1,897,True,True,True,False,H1,H1,1.0,1.0,0.7696852684020996,True,True,True,False,False,True,self_pair
1795,134964,0,200,122518,1,200,True,134964,134964,0,200,False,True,True,False,H0,H0,0.7207399195542995,1.0,0.7696852684020996,False,True,True,False,False,True,self_pair
1796,93645,0,718,133710,1,718,False,93645,93645,0,718,False,False,True,False,H0,H0,0.5431542991365279,1.0,0.7696852684020996,False,True,True,False,False,True,self_pair
1797,149985,1,790,90358,0,790,True,90358,90358,0,790,True,True,True,False,H0,H0,0.7721910928535731,0.7721910928535731,0.7696852684020996,True,True,True,False,True,False,
1798,8679,1,404,74753,1,404,False,8679,8679,1,404,False,False,True,False,H1,H1,0.733127736133518,1.0,0.7696852684020996,False,True,True,False,False,True,self_pair
1799,1765,0,752,1765,0,752,False,47721,47721,0,497,False,False,False,True,H0,H0,1.0000000000000002,0.5939383013205963,0.7696852684020996,True,False,False,False,False,False,
1800,165929,1,112,166337,1,112,True,165929,165929,1,112,False,True,True,False,H1,H1,0.9843836937251932,0.9999999999999999,0.7696852684020996,True,True,True,False,False,True,self_pair
1801,186615,0,121,167316,1,121,False,186615,186615,0,121,False,False,True,False,H0,H0,0.6456731350846027,1.0000000000000002,0.7696852684020996,False,True,True,False,False,True,self_pair
1802,149664,0,750,89384,0,750,False,96692,96692,0,750,False,False,True,False,H0,H0,0.7137598097991738,0.785304622251161,0.7696852684020996,False,True,True,False,True,False,
1803,168957,0,121,167316,1,121,False,165593,165593,0,121,False,False,True,False,H0,H0,0.7454831550404186,0.8403096668870945,0.7696852684020996,False,True,True,False,True,False,
1804,197681,0,367,144869,0,367,False,197681,197681,0,367,False,False,True,False,H0,H0,0.5913468203539234,1.0,0.7696852684020996,False,True,True,False,False,True,self_pair
1805,160456,0,1074,154950,0,1074,False,182827,182827,0,1088,False,False,False,True,H0,H0,0.7183977589774293,0.6975343251081488,0.7696852684020996,False,False,False,False,False,False,
1806,76228,0,675,140522,0,675,False,76228,76228,0,675,False,False,True,False,H0,H0,0.6466602946123444,1.0,0.7696852684020996,False,True,True,False,False,True,self_pair
1807,176652,1,932,125453,0,932,True,176652,176652,1,932,False,True,True,False,H0,H1,0.724226968832529,1.0,0.7696852684020996,False,True,True,False,False,True,self_pair
1808,191860,0,821,61597,0,821,False,191860,191860,0,821,False,False,True,False,H0,H0,0.7749085313068768,0.9999999999999999,0.7696852684020996,True,True,True,False,False,True,self_pair
1809,113938,0,697,101620,1,697,True,113938,113938,0,697,False,True,True,False,H0,H0,0.6981172707229804,1.0000000000000002,0.7696852684020996,False,True,True,False,False,True,self_pair
1810,72812,0,791,50397,0,791,True,50397,50397,0,791,True,True,True,False,H0,H0,0.7691682120882125,0.7691682120882125,0.7696852684020996,False,False,False,False,False,False,
1811,116258,0,143,116258,0,143,False,122058,122058,1,184,False,False,False,True,H0,H0,1.0,0.718949122222086,0.7696852684020996,True,False,False,False,False,False,
1812,83637,0,746,138527,0,746,False,83637,83637,0,746,False,False,True,False,H0,H0,0.7731105752188755,1.0,0.7700810432434082,True,True,True,False,False,True,self_pair
1813,53891,0,47,53891,0,47,False,182348,182348,1,232,False,False,False,True,H0,H0,0.9999999999999999,0.619999238921262,0.7700810432434082,True,False,False,False,False,False,
1814,62531,1,366,62531,1,366,False,12234,12234,0,812,False,False,False,True,H1,H0,0.9999999999999999,0.6400795996629128,0.7700810432434082,True,False,False,False,False,False,
1815,59580,0,469,49297,0,469,False,79011,79011,0,469,False,False,True,False,H0,H0,0.8582457162891811,0.7768142398782321,0.7700810432434082,True,True,True,False,True,False,
1816,125437,0,597,125437,0,597,False,142684,142684,0,596,False,False,False,True,H0,H0,1.0,0.7134163332659402,0.7700810432434082,True,False,False,False,False,False,
1817,98773,0,790,90358,0,790,True,98773,98773,0,790,False,True,True,False,H0,H0,0.5724826821450439,0.9999999999999998,0.7700810432434082,False,True,True,False,False,True,self_pair
1818,119723,0,65,114784,0,65,False,113895,113895,0,65,False,False,True,False,H0,H0,0.7788854469716602,0.7398293714534468,0.7700810432434082,True,False,False,False,False,False,
1819,50377,0,101,20293,0,101,True,20293,20293,0,101,True,True,True,False,H0,H0,0.8403559492204383,0.8403559492204383,0.7700810432434082,True,True,True,False,True,False,
1820,138217,0,686,138217,0,686,False,141262,141262,0,686,False,False,True,False,H0,H0,1.0000000000000002,0.7485429574239576,0.7706029415130615,True,False,False,False,False,False,
1821,90372,0,790,90358,0,790,True,90358,90358,0,790,True,True,True,False,H0,H0,0.7898728083911138,0.7898728083911138,0.7706029415130615,True,True,True,False,True,False,
1822,170683,0,750,89384,0,750,False,127309,127309,0,750,False,False,True,False,H0,H0,0.7804640171211074,0.8649536069012718,0.7706029415130615,True,True,True,False,True,False,
1823,22062,0,960,22060,1,960,False,22062,22062,0,960,False,False,True,False,H0,H0,0.7437123345568922,1.0,0.7706029415130615,False,True,True,False,False,True,self_pair
1824,22407,1,284,22407,1,284,False,18268,18268,0,711,False,False,False,True,H1,H0,1.0,0.687574772527183,0.7706029415130615,True,False,False,False,False,False,
1825,149726,0,150,149726,0,150,False,145096,145096,1,150,False,False,True,False,H0,H0,1.0000000000000002,0.5926446827458621,0.7706029415130615,True,False,False,False,False,False,
1826,49296,1,675,140522,0,675,False,15452,15452,0,675,False,False,True,False,H0,H0,0.7927231370345612,0.7948953189297627,0.7706029415130615,True,True,True,False,True,False,
1827,128276,0,932,125453,0,932,True,128276,128276,0,932,False,True,True,False,H0,H0,0.7111739229278308,0.9999999999999999,0.7706029415130615,False,True,True,False,False,True,self_pair
1828,194679,0,748,194679,0,748,False,164726,164726,0,498,False,False,False,True,H0,H0,1.0,0.6106997715854776,0.7700810432434082,True,False,False,False,False,False,
1829,186967,0,697,101620,1,697,True,186967,186967,0,697,False,False,True,False,H0,H0,0.6081442279217465,1.0,0.7700810432434082,False,True,True,False,False,True,self_pair
1830,108263,1,404,74753,1,404,False,108263,108263,1,404,False,False,True,False,H1,H1,0.7656396835236716,1.0,0.7700810432434082,False,True,True,False,False,True,self_pair
1831,47370,0,725,47370,0,725,False,15713,15713,0,725,False,False,True,False,H0,H0,1.0,0.833430994477354,0.7700810432434082,True,True,True,False,True,False,
1832,183779,0,231,107752,0,231,False,116258,116258,0,143,False,False,False,True,H0,H0,0.7307893935945868,0.7435230160505085,0.7700810432434082,False,False,False,False,False,False,
1833,87050,0,497,191899,0,497,True,87050,87050,0,497,False,True,True,False,H0,H0,0.7036253988922261,0.9999999999999999,0.7700810432434082,False,True,True,False,False,True,self_pair
1834,64527,1,415,64527,1,415,False,168207,168207,0,252,False,False,False,True,H1,H0,1.0,0.6506024518132909,0.7700810432434082,True,False,False,False,False,False,
1835,134387,0,200,122518,1,200,True,134387,134387,0,200,False,False,True,False,H0,H0,0.5451096465184744,1.0,0.7700810432434082,False,True,True,False,False,True,self_pair
1836,37198,1,718,133710,1,718,False,37198,37198,1,718,False,False,True,False,H1,H1,0.6516708765138801,1.0,0.7700810432434082,False,True,True,False,False,True,self_pair
1837,178915,0,57,179041,0,57,True,179041,179041,0,57,True,True,True,False,H0,H0,0.9177323393345,0.9177323393345,0.7700810432434082,True,True,True,False,True,False,
1838,104686,0,656,186838,1,656,False,104686,104686,0,656,False,False,True,False,H0,H0,0.600400520070531,1.0000000000000002,0.7700810432434082,False,True,True,False,False,True,self_pair
1839,64469,0,295,78716,0,295,True,64469,64469,0,295,False,True,True,False,H0,H0,0.7208212235544739,0.9999999999999999,0.7700810432434082,False,True,True,False,False,True,self_pair
1840,166337,1,112,166337,1,112,True,166337,166337,1,112,True,True,True,False,H1,H1,1.0000000000000002,1.0000000000000002,0.7700810432434082,True,True,True,False,False,True,self_pair
1841,67967,0,797,67689,0,797,False,34617,34617,0,1020,False,False,False,True,H0,H0,0.7574000707828739,0.7261018914168189,0.7700810432434082,False,False,False,False,False,False,
1842,159720,0,649,68129,1,649,False,58091,58091,0,648,False,False,False,True,H0,H0,0.7260357994236294,0.7197170825902539,0.7700810432434082,False,False,False,False,False,False,
1843,125178,0,895,161914,0,895,False,138605,138605,0,895,False,False,True,False,H0,H0,0.635059536438075,0.6659278588739175,0.7700810432434082,False,False,False,False,False,False,
1844,137896,0,367,144869,0,367,False,137896,137896,0,367,False,False,True,False,H0,H0,0.7543031140477034,1.0,0.7700810432434082,False,True,True,False,False,True,self_pair
1845,81542,0,1096,3995,0,1096,False,81542,81542,0,1096,False,False,True,False,H0,H0,0.7287484992688115,0.9999999999999998,0.7700810432434082,False,True,True,False,False,True,self_pair
1846,121712,0,675,140522,0,675,False,180597,180597,0,675,False,False,True,False,H0,H0,0.74914082151739,0.7767525552388764,0.7706029415130615,False,True,True,False,True,False,
1847,108536,0,951,5424,0,951,False,23039,23039,0,960,False,False,False,True,H0,H0,0.6159120189581444,0.5705773624191667,0.7706029415130615,False,False,False,False,False,False,
1848,177913,0,821,61597,0,821,False,177913,177913,0,821,False,False,True,False,H0,H0,0.6717830081687115,1.0000000000000002,0.7706029415130615,False,True,True,False,False,True,self_pair
1849,195869,0,941,195869,0,941,False,22072,22072,0,960,False,False,False,True,H0,H0,1.0000000000000002,0.6104487572612275,0.7706029415130615,True,False,False,False,False,False,
1850,66948,1,824,88007,1,824,False,178075,178075,0,821,False,False,False,True,H1,H0,0.7473321559708173,0.7386819365842296,0.7706029415130615,False,False,False,False,False,False,
1851,52447,0,725,47370,0,725,False,52447,52447,0,725,False,False,True,False,H0,H0,0.6877057249473572,1.0,0.7706029415130615,False,True,True,False,False,True,self_pair
1852,145932,1,746,138527,0,746,False,144333,144333,1,746,False,False,True,False,H0,H1,0.8189306225723569,0.9867501548322138,0.7706029415130615,True,True,True,True,False,False,
1853,71221,0,497,191899,0,497,True,71221,71221,0,497,False,True,True,False,H0,H0,0.6764841094572068,1.0,0.7706029415130615,False,True,True,False,False,True,self_pair
1854,37249,0,994,28393,0,994,False,106388,106388,0,994,False,False,True,False,H0,H0,0.6754203475468061,0.696482760959454,0.7706029415130615,False,False,False,False,False,False,
1855,88114,0,119,79907,0,119,False,88112,88112,0,119,False,False,True,False,H0,H0,0.8774497673074153,0.8352838586088593,0.7706029415130615,True,True,True,False,True,False,
1856,18722,0,718,133710,1,718,False,18722,18722,0,718,False,False,True,False,H0,H0,0.7028485365226761,1.0,0.7706029415130615,False,True,True,False,False,True,self_pair
1857,169961,0,790,90358,0,790,True,169961,169961,0,790,False,True,True,False,H0,H0,0.6988990266175152,1.0,0.7706029415130615,False,True,True,False,False,True,self_pair
1858,186837,1,656,186838,1,656,False,186837,186837,1,656,False,False,True,False,H1,H1,0.9999999999999999,0.9999999999999999,0.7706029415130615,True,True,True,False,False,True,self_pair
1859,171674,0,316,171366,0,316,False,186704,186704,0,1020,False,False,False,True,H0,H0,0.7601162328270633,0.6753377569883057,0.7706029415130615,False,False,False,False,False,False,
1860,138431,0,777,188936,0,777,False,174711,174711,0,448,False,False,False,True,H0,H0,0.8075551858090109,0.6536419693394511,0.7706029415130615,True,False,False,False,False,False,
1861,161429,0,121,167316,1,121,False,161429,161429,0,121,False,False,True,False,H0,H0,0.6691331810854626,0.9999999999999999,0.7706029415130615,False,True,True,False,False,True,self_pair
1862,6504,0,750,89384,0,750,False,21693,21693,1,749,False,False,False,True,H0,H0,0.7333649929789319,0.7778937025875533,0.7706029415130615,False,True,True,False,True,False,
1863,5013,0,934,44889,0,934,False,114416,114416,0,944,False,False,False,True,H0,H0,0.5312371200402073,0.5631240690126915,0.7706029415130615,False,False,False,False,False,False,
1864,108543,0,824,88007,1,824,False,18268,18268,0,711,False,False,False,True,H0,H0,0.6549993284362097,0.6428983040275104,0.7706029415130615,False,False,False,False,False,False,
1865,135399,0,992,133002,0,992,True,34617,34617,0,1020,False,True,False,True,H0,H0,0.6339160257845601,0.6587835479096704,0.7706029415130615,False,False,False,False,False,False,
1866,87425,0,987,30219,0,987,False,171282,171282,0,1041,False,False,False,True,H0,H0,0.566684027908872,0.6287832061507896,0.7706029415130615,False,False,False,False,False,False,
1867,101867,0,932,125453,0,932,True,101867,101867,0,932,False,True,True,False,H0,H0,0.7500878999821887,0.9999999999999999,0.7706029415130615,False,True,True,False,False,True,self_pair
1868,103534,0,817,155923,0,817,True,155923,155923,0,817,True,True,True,False,H0,H0,0.5439086692347515,0.5439086692347515,0.7706029415130615,False,False,False,False,False,False,
1869,34303,0,697,101620,1,697,True,34303,34303,0,697,False,False,True,False,H0,H0,0.5627049536892641,1.0000000000000002,0.7706029415130615,False,True,True,False,False,True,self_pair
1870,137956,0,404,74753,1,404,False,137956,137956,0,404,False,False,True,False,H0,H0,0.627990725525244,0.9999999999999999,0.7706029415130615,False,True,True,False,False,True,self_pair
1871,65435,0,738,113911,0,738,True,98434,98434,0,738,False,True,True,False,H0,H0,0.5951118905825515,0.7244612567555198,0.7706029415130615,False,False,False,False,False,False,
1872,138527,0,746,138527,0,746,False,6865,6865,0,746,False,False,True,False,H0,H0,1.0000000000000002,0.8313739544348862,0.7706029415130615,True,True,True,False,True,False,
1873,191899,0,497,191899,0,497,True,191899,191899,0,497,True,True,True,False,H0,H0,1.0000000000000002,1.0000000000000002,0.7706029415130615,True,True,True,False,False,True,self_pair
1874,101623,0,897,35495,1,897,True,89668,89668,0,897,False,False,True,False,H0,H0,0.6366186573652187,0.8273893907732732,0.7706029415130615,False,True,True,False,True,False,
1875,106358,0,200,122518,1,200,True,106358,106358,0,200,False,True,True,False,H0,H0,0.6998543845879629,1.0,0.7706029415130615,False,True,True,False,False,True,self_pair
1876,91240,0,718,133710,1,718,False,91240,91240,0,718,False,False,True,False,H0,H0,0.7462992733703103,1.0,0.7706029415130615,False,True,True,False,False,True,self_pair
1877,90354,1,790,90358,0,790,True,90354,90354,1,790,False,True,True,False,H0,H1,0.747956481162706,0.9999999999999999,0.7706029415130615,False,True,True,False,False,True,self_pair
1878,186838,1,656,186838,1,656,False,186837,186837,1,656,False,False,True,False,H1,H1,0.9999999999999999,0.9999999999999999,0.7706029415130615,True,True,True,True,False,False,
1879,77327,0,295,78716,0,295,True,69675,69675,0,295,False,True,True,False,H0,H0,0.8143456909708287,0.8642512701695666,0.7706029415130615,True,True,True,False,True,False,
1880,151172,0,864,99617,0,864,False,90745,90745,0,911,False,False,False,True,H0,H0,0.5373496463825266,0.5770109186041924,0.7706029415130615,False,False,False,False,False,False,
1881,153034,0,121,167316,1,121,False,153034,153034,0,121,False,False,True,False,H0,H0,0.7165122392020132,0.9999999999999999,0.7706029415130615,False,True,True,False,False,True,self_pair
1882,108886,0,1084,108886,0,1084,False,73800,73800,0,1072,False,False,False,True,H0,H0,1.0,0.6245316466467872,0.7706029415130615,True,False,False,False,False,False,
1883,108110,0,127,117769,0,127,False,115910,115910,0,127,False,False,True,False,H0,H0,0.6962554777264814,0.6938830646200952,0.7706029415130615,False,False,False,False,False,False,
1884,188404,0,70,188404,0,70,False,179164,179164,0,71,False,False,False,True,H0,H0,1.0,0.6918790236622454,0.7706029415130615,True,False,False,False,False,False,
1885,42754,0,300,42754,0,300,False,86309,86309,0,1091,False,False,False,True,H0,H0,0.9999999999999998,0.6230932740636517,0.7706029415130615,True,False,False,False,False,False,
1886,29653,1,675,140522,0,675,False,15452,15452,0,675,False,False,True,False,H0,H0,0.7827845995132003,0.8061651049306143,0.7706029415130615,True,True,True,False,True,False,
1887,178545,0,914,184908,0,914,False,168192,168192,0,914,False,False,True,False,H0,H0,0.6811038431425632,0.6266215255913217,0.7706029415130615,False,False,False,False,False,False,
1888,187210,0,821,61597,0,821,False,187210,187210,0,821,False,False,True,False,H0,H0,0.6346245543193787,1.0000000000000002,0.7706029415130615,False,True,True,False,False,True,self_pair
1889,133542,1,685,133542,1,685,False,138217,138217,0,686,False,False,False,True,H1,H0,1.0000000000000002,0.6564526204920981,0.7706029415130615,True,False,False,False,False,False,
1890,192279,0,404,74753,1,404,False,8679,8679,1,404,False,False,True,False,H0,H0,0.7184496506662674,0.8939254022376701,0.7706029415130615,False,True,True,False,True,False,
1891,96652,1,725,47370,0,725,False,96652,96652,1,725,False,False,True,False,H0,H1,0.7667392815072869,1.0,0.7706029415130615,False,True,True,False,False,True,self_pair
1892,58074,1,774,99164,0,774,False,22407,22407,1,284,False,False,False,True,H0,H0,0.6867634565574119,0.6278871369101816,0.7706029415130615,False,False,False,False,False,False,
1893,47848,0,497,191899,0,497,True,47848,47848,0,497,False,True,True,False,H0,H0,0.6327606477790734,0.9999999999999999,0.7706029415130615,False,True,True,False,False,True,self_pair
1894,150583,0,726,15648,0,726,False,125211,125211,0,726,False,False,True,False,H0,H0,0.7139051678869275,0.739242130925445,0.7706029415130615,False,False,False,False,False,False,
1895,90506,0,200,122518,1,200,True,90506,90506,0,200,False,True,True,False,H0,H0,0.6253023016962943,1.0,0.7706029415130615,False,True,True,False,False,True,self_pair
1896,171088,0,456,187861,0,456,False,15111,15111,0,479,False,False,False,True,H0,H0,0.647586514792514,0.6704067770510225,0.7706029415130615,False,False,False,False,False,False,
1897,53103,1,790,90358,0,790,True,53103,53103,1,790,False,False,True,False,H0,H1,0.6266932227418814,0.9999999999999999,0.7706029415130615,False,True,True,False,False,True,self_pair
1898,36345,0,755,98917,1,755,False,28206,28206,0,586,False,False,False,True,H0,H0,0.7261143721150676,0.6840383216589397,0.7706029415130615,False,False,False,False,False,False,
1899,132153,0,900,135450,0,900,False,121766,121766,0,944,False,False,False,True,H0,H0,0.5024881884977302,0.4906797222174197,0.7706029415130615,False,False,False,False,False,False,
1900,179081,0,171,179081,0,171,False,93159,93159,0,821,False,False,False,True,H0,H0,0.9999999999999997,0.5714795807354028,0.7706029415130615,True,False,False,False,False,False,
1901,51810,0,386,29884,0,386,False,20788,20788,0,203,False,False,False,True,H0,H0,0.6827278706217195,0.719667072939406,0.7706029415130615,False,False,False,False,False,False,
1902,147444,0,728,119442,0,728,False,124414,124414,0,728,False,False,True,False,H0,H0,0.932479708902271,0.8457742190437948,0.7706029415130615,True,True,True,False,True,False,
1903,169112,0,803,169112,0,803,False,96692,96692,0,750,False,False,False,True,H0,H0,0.9999999999999998,0.5403845332185949,0.7706029415130615,True,False,False,False,False,False,
1904,163762,0,367,144869,0,367,False,163762,163762,0,367,False,False,True,False,H0,H0,0.9647505104476884,1.0000000000000002,0.7700810432434082,True,True,True,False,False,True,self_pair
1905,3995,0,1096,3995,0,1096,False,94077,94077,1,1096,False,False,True,False,H0,H0,1.0,0.7951741072510691,0.7700810432434082,True,True,True,False,True,False,
1906,60279,0,675,140522,0,675,False,64846,64846,0,675,False,False,True,False,H0,H0,0.9718381858908707,0.7854307932682703,0.7700810432434082,True,True,True,False,True,False,
1907,26147,0,932,125453,0,932,True,26147,26147,0,932,False,False,True,False,H0,H0,0.642878271828813,1.0,0.7700810432434082,False,True,True,False,False,True,self_pair
1908,40595,1,821,61597,0,821,False,40595,40595,1,821,False,False,True,False,H0,H1,0.8603727009682286,1.0,0.7700810432434082,True,True,True,False,False,True,self_pair
1909,67930,1,697,101620,1,697,True,67930,67930,1,697,False,True,True,False,H1,H1,0.7556483953977144,1.0000000000000002,0.7700810432434082,False,True,True,False,False,True,self_pair
1910,174079,0,460,143800,0,460,False,198041,198041,0,972,False,False,False,True,H0,H0,0.9581931916659806,0.675135944320802,0.7700810432434082,True,False,False,False,False,False,
1911,91269,1,725,47370,0,725,False,91269,91269,1,725,False,False,True,False,H0,H1,0.6714620133509657,0.9999999999999999,0.7700810432434082,False,True,True,False,False,True,self_pair
1912,1174,1,746,138527,0,746,False,19370,19370,1,746,False,False,True,False,H0,H1,0.7925834462838435,0.8492341923111049,0.7700810432434082,True,True,True,True,False,False,
1913,112609,0,497,191899,0,497,True,112609,112609,0,497,False,True,True,False,H0,H0,0.5807875846281305,0.9999999999999998,0.7700810432434082,False,True,True,False,False,True,self_pair
1914,143791,1,322,143791,1,322,False,143436,143436,0,322,False,False,True,False,H1,H0,1.0,0.847621971956032,0.7700810432434082,True,True,True,False,True,False,
1915,106447,0,200,122518,1,200,True,106358,106358,0,200,False,True,True,False,H0,H0,0.7083692609962194,0.9887376026221169,0.7700810432434082,False,True,True,False,True,False,
1916,93925,0,718,133710,1,718,False,93925,93925,0,718,False,False,True,False,H0,H0,0.679365866439042,1.0,0.7700810432434082,False,True,True,False,False,True,self_pair
1917,90372,0,790,90358,0,790,True,90358,90358,0,790,True,True,True,False,H0,H0,0.7898728083911138,0.7898728083911138,0.7700810432434082,True,True,True,False,True,False,
1918,95510,0,656,186838,1,656,False,95510,95510,0,656,False,False,True,False,H0,H0,0.5434924566342155,1.0,0.7700810432434082,False,True,True,False,False,True,self_pair
1919,78713,0,295,78716,0,295,True,78713,78713,0,295,False,True,True,False,H0,H0,0.8570055180283677,1.0,0.7700810432434082,True,True,True,False,False,True,self_pair
1920,162576,0,675,140522,0,675,False,162576,162576,0,675,False,False,True,False,H0,H0,0.7013374111260401,1.0,0.7700810432434082,False,True,True,False,False,True,self_pair
1921,26837,0,652,37141,1,652,False,37078,37078,1,652,False,False,True,False,H0,H0,0.7569085717925291,0.7546427156582226,0.7700810432434082,False,False,False,False,False,False,
1922,54128,0,653,54128,0,653,False,47394,47394,0,634,False,False,False,True,H0,H0,0.9999999999999998,0.700231501932384,0.7700810432434082,True,False,False,False,False,False,
1923,22072,0,960,22060,1,960,False,22072,22072,0,960,False,False,True,False,H0,H0,0.7892826744732444,1.0,0.7700810432434082,True,True,True,False,False,True,self_pair
1924,196689,0,367,144869,0,367,False,196689,196689,0,367,False,False,True,False,H0,H0,0.5720114568758231,0.9999999999999999,0.7700810432434082,False,True,True,False,False,True,self_pair
1925,81002,1,52,81002,1,52,False,77901,77901,1,107,False,False,False,True,H1,H0,1.0,0.7070835803751253,0.7700810432434082,True,False,False,False,False,False,
1926,140522,0,675,140522,0,675,False,64846,64846,0,675,False,False,True,False,H0,H0,1.0,0.7896858245052342,0.7700810432434082,True,True,True,False,True,False,
1927,69404,0,173,122923,0,173,True,180933,180933,1,255,False,True,False,True,H0,H0,0.5547768319354719,0.6020366624662323,0.7700810432434082,False,False,False,False,False,False,
1928,80093,0,1007,80101,0,1007,False,94077,94077,1,1096,False,False,False,True,H0,H0,0.7631172844110319,0.665858631991584,0.7700810432434082,False,False,False,False,False,False,
1929,128167,1,143,116258,0,143,True,81002,81002,1,52,False,True,False,True,H0,H0,0.7250512308670445,0.7307849764376909,0.7700810432434082,False,False,False,False,False,False,
1930,30090,0,404,74753,1,404,False,30090,30090,0,404,False,False,True,False,H0,H0,0.7824639056191725,1.0000000000000002,0.7700810432434082,True,True,True,False,False,True,self_pair
1931,83310,0,457,27700,1,457,False,77901,77901,1,107,False,False,False,True,H0,H0,0.6324970309045863,0.6595276697140114,0.7700810432434082,False,False,False,False,False,False,
1932,6865,0,746,138527,0,746,False,6865,6865,0,746,False,False,True,False,H0,H0,0.8313739544348862,1.0000000000000002,0.7700810432434082,True,True,True,False,False,True,self_pair
1933,47721,0,497,191899,0,497,True,47721,47721,0,497,False,True,True,False,H0,H0,0.7285410668315314,1.0,0.7700810432434082,False,True,True,False,False,True,self_pair
1934,92970,0,897,35495,1,897,True,92970,92970,0,897,False,True,True,False,H0,H0,0.6474765175632088,1.0,0.7700810432434082,False,True,True,False,False,True,self_pair
1935,101477,0,1005,61248,0,1005,False,43497,43497,0,1005,False,False,True,False,H0,H0,0.6477212892473365,0.7032689150791417,0.7700810432434082,False,False,False,False,False,False,
1936,145015,0,718,133710,1,718,False,40413,40413,0,718,False,False,True,False,H0,H0,0.7231693927268548,0.7796465434463351,0.7700810432434082,False,True,True,False,True,False,
1937,141558,0,293,116967,0,293,False,34079,34079,0,887,False,False,False,True,H0,H0,0.4530811099372713,0.604195119283419,0.7700810432434082,False,False,False,False,False,False,
1938,70702,0,656,186838,1,656,False,70702,70702,0,656,False,False,True,False,H0,H0,0.6325559749818082,1.0000000000000002,0.7706029415130615,False,True,True,False,False,True,self_pair
1939,112151,0,164,152696,1,164,False,152703,152703,1,164,False,False,True,False,H0,H0,0.8850489287400245,0.8808096081997207,0.7706029415130615,True,True,True,False,True,False,
1940,166050,1,112,166337,1,112,True,166050,166050,1,112,False,True,True,False,H1,H1,0.9881029604061293,0.9999999999999999,0.7706029415130615,True,True,True,False,False,True,self_pair
1941,80186,0,1081,55230,0,1081,False,45306,45306,0,987,False,False,False,True,H0,H0,0.5882976198684419,0.6005462125033552,0.7706029415130615,False,False,False,False,False,False,
1942,78541,1,52,81002,1,52,True,81002,81002,1,52,True,True,True,False,H1,H1,1.0,1.0,0.7706029415130615,True,True,True,True,False,False,
1943,32166,0,960,22060,1,960,False,32166,32166,0,960,False,False,True,False,H0,H0,0.7848368265003116,1.0,0.7706029415130615,True,True,True,False,False,True,self_pair
1944,137901,0,367,144869,0,367,False,159162,159162,0,367,False,False,True,False,H0,H0,0.7000479612887641,0.981526944644052,0.7706029415130615,False,True,True,False,True,False,
1945,73576,0,1048,39222,0,1048,False,140487,140487,0,1048,False,False,True,False,H0,H0,0.7534553448451631,0.6883362886935827,0.7706029415130615,False,False,False,False,False,False,
1946,140767,0,127,117769,0,127,False,119273,119273,0,127,False,False,True,False,H0,H0,0.7651574932854485,0.7524662290260272,0.7706029415130615,False,False,False,False,False,False,
1947,186030,0,907,129876,0,907,False,34159,34159,0,1050,False,False,False,True,H0,H0,0.5448184019975719,0.620855433493438,0.7706029415130615,False,False,False,False,False,False,
1948,61597,0,821,61597,0,821,False,40595,40595,1,821,False,False,True,False,H0,H0,0.9999999999999999,0.8603727009682286,0.7706029415130615,True,True,True,False,True,False,
1949,16173,1,697,101620,1,697,True,101620,101620,1,697,True,True,True,False,H1,H1,0.7974396078406,0.7974396078406,0.7706029415130615,True,True,True,True,False,False,
1950,36375,0,994,28393,0,994,False,106388,106388,0,994,False,False,True,False,H0,H0,0.7082461533123043,0.6138314667677038,0.7706029415130615,False,False,False,False,False,False,
1951,130741,0,1076,44118,0,1076,False,21669,21669,0,1076,False,False,True,False,H0,H0,0.49606771530872296,0.7095581777365547,0.7706029415130615,False,False,False,False,False,False,
1952,147468,0,127,117769,0,127,False,125437,125437,0,597,False,False,False,True,H0,H0,0.5781873051580146,0.6370021607377435,0.7706029415130615,False,False,False,False,False,False,
1953,22178,1,497,191899,0,497,True,22178,22178,1,497,False,True,True,False,H0,H1,0.6366437607731037,0.9999999999999999,0.7706029415130615,False,True,True,False,False,True,self_pair
1954,157387,0,897,35495,1,897,True,157387,157387,0,897,False,False,True,False,H0,H0,0.46776245712725245,1.0,0.7706029415130615,False,True,True,False,False,True,self_pair
1955,193974,1,1052,193974,1,1052,False,140487,140487,0,1048,False,False,False,True,H1,H0,1.0,0.6343437662717283,0.7706029415130615,True,False,False,False,False,False,
1956,149681,0,718,133710,1,718,False,149681,149681,0,718,False,False,True,False,H0,H0,0.6920462592724129,1.0,0.7706029415130615,False,True,True,False,False,True,self_pair
1957,121446,1,790,90358,0,790,True,121446,121446,1,790,False,True,True,False,H0,H1,0.7102074424140933,1.0000000000000002,0.7706029415130615,False,True,True,False,False,True,self_pair
1958,146481,0,675,140522,0,675,False,146481,146481,0,675,False,False,True,False,H0,H0,0.6144376752405964,1.0,0.7706029415130615,False,True,True,False,False,True,self_pair
1959,64919,0,295,78716,0,295,True,64919,64919,0,295,False,True,True,False,H0,H0,0.6925401524686176,0.9999999999999999,0.7706029415130615,False,True,True,False,False,True,self_pair
1960,59746,0,154,38018,1,154,False,36041,36041,1,154,False,False,True,False,H0,H0,0.689699109908349,0.649355509096723,0.7706029415130615,False,False,False,False,False,False,
1961,152543,0,121,167316,1,121,False,161429,161429,0,121,False,False,True,False,H0,H0,0.6974946265156229,0.8508746660755001,0.7706029415130615,False,True,True,False,True,False,
1962,193232,0,676,193232,0,676,False,100110,100110,0,565,False,False,False,True,H0,H0,1.0,0.5809740787301837,0.7706029415130615,True,False,False,False,False,False,
1963,43165,0,960,22060,1,960,False,43165,43165,0,960,False,False,True,False,H0,H0,0.7139328141868441,0.9999999999999999,0.7706029415130615,False,True,True,False,False,True,self_pair
1964,116034,0,798,38840,0,798,True,38840,38840,0,798,True,True,True,False,H0,H0,0.5831231260905854,0.5831231260905854,0.7706029415130615,False,False,False,False,False,False,
1965,181656,0,1096,3995,0,1096,False,181656,181656,0,1096,False,False,True,False,H0,H0,0.6634361716469954,1.0,0.7706029415130615,False,True,True,False,False,True,self_pair
1966,180597,0,675,140522,0,675,False,180597,180597,0,675,False,False,True,False,H0,H0,0.7615061852269971,1.0,0.7706029415130615,False,True,True,False,False,True,self_pair
1967,134275,0,823,134275,0,823,False,12234,12234,0,812,False,False,False,True,H0,H0,1.0,0.729443793288178,0.7706029415130615,True,False,False,False,False,False,
1968,19694,0,177,19694,0,177,False,38840,38840,0,798,False,False,False,True,H0,H0,1.0,0.6336093354081178,0.7706029415130615,True,False,False,False,False,False,
1969,37422,1,22,37422,1,22,False,12234,12234,0,812,False,False,False,True,H1,H0,0.9999999999999998,0.8178462930861363,0.7706029415130615,True,True,True,False,True,False,
1970,169863,0,404,74753,1,404,False,169863,169863,0,404,False,False,True,False,H0,H0,0.7050682945635162,1.0,0.7706029415130615,False,True,True,False,False,True,self_pair
1971,69499,0,725,47370,0,725,False,69499,69499,0,725,False,False,True,False,H0,H0,0.7708189321808595,1.0,0.7706029415130615,True,True,True,False,False,True,self_pair
1972,190020,1,746,138527,0,746,False,190020,190020,1,746,False,False,True,False,H0,H1,0.8305678333795827,0.9999999999999999,0.7706029415130615,True,True,True,False,False,True,self_pair
1973,33154,1,497,191899,0,497,True,33154,33154,1,497,False,False,True,False,H0,H1,0.613458044980568,1.0,0.7706029415130615,False,True,True,False,False,True,self_pair
1974,143864,0,897,35495,1,897,True,143864,143864,0,897,False,False,True,False,H0,H0,0.48140060483423,1.0000000000000002,0.7706029415130615,False,True,True,False,False,True,self_pair
1975,94124,0,1041,94115,0,1041,True,94115,94115,0,1041,True,True,True,False,H0,H0,0.7761044292862866,0.7761044292862866,0.7706029415130615,True,True,True,False,True,False,
1976,133710,1,718,133710,1,718,False,40413,40413,0,718,False,False,True,False,H1,H0,0.9999999999999999,0.7941916337918452,0.7706029415130615,True,True,True,False,True,False,
1977,197062,0,790,90358,0,790,True,197062,197062,0,790,False,True,True,False,H0,H0,0.6456322902840091,1.0,0.7706029415130615,False,True,True,False,False,True,self_pair
1978,130430,0,331,130447,0,331,False,190169,190169,1,591,False,False,False,True,H0,H0,0.908220257917185,0.6356554190356897,0.7706029415130615,True,False,False,False,False,False,
1979,64929,1,295,78716,0,295,True,65291,65291,1,295,False,True,True,False,H0,H1,0.7568951504670046,0.9759486903916018,0.7706029415130615,False,True,True,True,False,False,
1980,62199,0,127,117769,0,127,False,108110,108110,0,127,False,False,True,False,H0,H0,0.5444480134608672,0.6694645925197464,0.7706029415130615,False,False,False,False,False,False,
1981,91458,0,440,105892,0,440,False,71489,71489,0,438,False,False,False,True,H0,H0,0.7757760754978538,0.5441144267078875,0.7706029415130615,True,False,False,False,False,False,
1982,129329,0,750,89384,0,750,False,21693,21693,1,749,False,False,False,True,H0,H0,0.7284328385957738,0.815878221530211,0.7706029415130615,False,True,True,False,True,False,
1983,26423,0,960,22060,1,960,False,26423,26423,0,960,False,False,True,False,H0,H0,0.781676327691822,1.0000000000000002,0.7706029415130615,True,True,True,False,False,True,self_pair
1984,82240,0,611,130173,1,611,False,80740,80740,0,593,False,False,False,True,H0,H0,0.5877897180303481,0.6298289093392,0.7706029415130615,False,False,False,False,False,False,
1985,56986,0,1096,3995,0,1096,False,56986,56986,0,1096,False,False,True,False,H0,H0,0.717363235613217,0.9999999999999998,0.7706029415130615,False,True,True,False,False,True,self_pair
1986,15452,0,675,140522,0,675,False,15452,15452,0,675,False,False,True,False,H0,H0,0.7261529522002904,0.9999999999999998,0.7706029415130615,False,True,True,False,False,True,self_pair
1987,96542,0,932,125453,0,932,True,96542,96542,0,932,False,True,True,False,H0,H0,0.6940990012660271,1.0,0.7706029415130615,False,True,True,False,False,True,self_pair
1988,75788,0,821,61597,0,821,False,75788,75788,0,821,False,False,True,False,H0,H0,0.8444429186675728,0.9999999999999999,0.7706029415130615,True,True,True,False,False,True,self_pair
1989,78412,0,127,117769,0,127,False,109680,109680,0,127,False,False,True,False,H0,H0,0.8400702508939145,0.7994818170821091,0.7706029415130615,True,True,True,False,True,False,
1990,99164,0,774,99164,0,774,False,58074,58074,1,774,False,False,True,False,H0,H0,0.9999999999999999,0.6867634565574119,0.7706029415130615,True,False,False,False,False,False,
1991,69499,0,725,47370,0,725,False,69499,69499,0,725,False,False,True,False,H0,H0,0.7708189321808595,1.0,0.7706029415130615,True,True,True,False,False,True,self_pair
1992,124545,0,746,138527,0,746,False,124545,124545,0,746,False,False,True,False,H0,H0,0.6984268555422851,1.0,0.7706029415130615,False,True,True,False,False,True,self_pair
1993,152408,1,497,191899,0,497,True,152408,152408,1,497,False,True,True,False,H0,H1,0.534321203748485,0.9999999999999998,0.7706029415130615,False,True,True,False,False,True,self_pair
1994,148532,0,897,35495,1,897,True,148532,148532,0,897,False,False,True,False,H0,H0,0.6010223498110188,1.0000000000000002,0.7706029415130615,False,True,True,False,False,True,self_pair
1995,122916,0,200,122518,1,200,True,122916,122916,0,200,False,True,True,False,H0,H0,0.9751825218573149,1.0000000000000002,0.7706029415130615,True,True,True,False,False,True,self_pair
1996,156980,1,23,156980,1,23,False,12234,12234,0,812,False,False,False,True,H1,H0,0.9999999999999998,0.8178462930861363,0.7706029415130615,True,True,True,False,True,False,
1997,149985,1,790,90358,0,790,True,90358,90358,0,790,True,True,True,False,H0,H0,0.7721910928535731,0.7721910928535731,0.7706029415130615,True,True,True,False,True,False,
1998,186825,1,656,186838,1,656,False,186837,186837,1,656,False,False,True,False,H1,H1,0.9079898910111464,0.9079898910111464,0.7706029415130615,True,True,True,True,False,False,
1999,83226,0,295,78716,0,295,True,78716,78716,0,295,True,True,True,False,H0,H0,0.8547202346390449,0.8547202346390449,0.7706029415130615,True,True,True,False,True,False,
2000,166057,1,112,166337,1,112,True,166050,166050,1,112,False,True,True,False,H1,H1,0.9881029604061293,0.9999999999999999,0.7706029415130615,True,True,True,True,False,False,
